<TaskerData sr="" dvi="1" tv="4.9u4m">
	<Profile sr="prof10" ve="2">
		<cdate>1754931778531</cdate>
		<edate>1755191053248</edate>
		<id>10</id>
		<limit>true</limit>
		<mid0>7</mid0>
		<Time sr="con0">
			<fh>13</fh>
			<fm>19</fm>
			<th>13</th>
			<tm>21</tm>
		</Time>
	</Profile>
	<Profile sr="prof3" ve="2">
		<cdate>1736577940945</cdate>
		<edate>1736578113627</edate>
		<flags>2</flags>
		<id>3</id>
		<mid0>2</mid0>
		<nme>PowerampTrackChange</nme>
		<Event sr="con0" ve="2">
			<code>599</code>
			<pri>0</pri>
			<Str sr="arg0" ve="3">com.maxmpz.audioplayer.TRACK_CHANGED</Str>
			<Int sr="arg1" val="0"/>
			<Int sr="arg2" val="0"/>
			<Str sr="arg3" ve="3"/>
			<Str sr="arg4" ve="3"/>
		</Event>
	</Profile>
	<Profile sr="prof6" ve="2">
		<cdate>1754931730493</cdate>
		<edate>1755191052748</edate>
		<flags>2</flags>
		<id>6</id>
		<limit>true</limit>
		<mid0>5</mid0>
		<Time sr="con0">
			<fh>13</fh>
			<fm>0</fm>
			<th>13</th>
			<tm>2</tm>
		</Time>
	</Profile>
	<Profile sr="prof8" ve="2">
		<cdate>1754931537410</cdate>
		<edate>1755191051636</edate>
		<flags>2</flags>
		<id>8</id>
		<limit>true</limit>
		<mid0>5</mid0>
		<Time sr="con0">
			<fh>7</fh>
			<fm>58</fm>
			<th>8</th>
			<tm>0</tm>
		</Time>
	</Profile>
	<Profile sr="prof9" ve="2">
		<cdate>1754931573212</cdate>
		<edate>1755191052200</edate>
		<flags>2</flags>
		<id>9</id>
		<limit>true</limit>
		<mid0>7</mid0>
		<Time sr="con0">
			<fh>8</fh>
			<fm>3</fm>
			<th>8</th>
			<tm>5</tm>
		</Time>
	</Profile>
	<Project sr="proj0" ve="2">
		<cdate>1736577511178</cdate>
		<mdate>1754931778531</mdate>
		<name>Basis</name>
		<pids>3,8,9,6,10</pids>
		<tids>2,4,5,7</tids>
		<Img sr="icon" ve="2">
			<nme>hl_aaa_ext_home</nme>
		</Img>
	</Project>
	<Task sr="task2">
		<cdate>1736577593144</cdate>
		<edate>1754892090386</edate>
		<id>2</id>
		<nme>Curr</nme>
		<pri>7</pri>
		<Action sr="act0" ve="7">
			<code>129</code>
			<Str sr="arg0" ve="3">var regex = new RegExp(/([A-Za-z]*)=(.*?),/g);
while (matcher = regex.exec(track)) {
  setLocal(matcher[1].toLowerCase(), matcher[2]);
}</Str>
			<Str sr="arg1" ve="3"/>
			<Int sr="arg2" val="1"/>
			<Int sr="arg3" val="45"/>
		</Action>
		<Action sr="act1" ve="7">
			<code>548</code>
			<on>false</on>
			<Str sr="arg0" ve="3">%title %artist</Str>
			<Int sr="arg1" val="0"/>
		</Action>
		<Action sr="act2" ve="7">
			<code>118</code>
			<on>false</on>
			<Str sr="arg0" ve="3">https://alcea-wisteria.de/PHP//0demo/2025-01-11-InfoRelays/2025-01-11-CurrPlaying/trackrelay.php?track=%Trackinfo</Str>
			<Str sr="arg1" ve="3"/>
			<Str sr="arg2" ve="3"/>
			<Str sr="arg3" ve="3"/>
			<Str sr="arg4" ve="3"/>
			<Int sr="arg5" val="10"/>
			<Str sr="arg6" ve="3"/>
			<Str sr="arg7" ve="3"/>
			<Int sr="arg8" val="0"/>
		</Action>
		<Action sr="act3" ve="7">
			<code>547</code>
			<Str sr="arg0" ve="3">%Trackinfo</Str>
			<Str sr="arg1" ve="3">%title %artist</Str>
			<Int sr="arg2" val="0"/>
			<Int sr="arg3" val="0"/>
			<Int sr="arg4" val="0"/>
		</Action>
		<Img sr="icn" ve="2">
			<nme>hd_aaa_ext_puzzle</nme>
		</Img>
	</Task>
	<Task sr="task4">
		<cdate>1736578339525</cdate>
		<edate>1754931642985</edate>
		<id>4</id>
		<nme>TrackSend</nme>
		<pri>7</pri>
		<Action sr="act0" ve="7">
			<code>118</code>
			<Str sr="arg0" ve="3">https://alceawis.de/other/extra/fetchdata/2025-01-11-CurrPlaying/trackrelay.php?track=%Trackinfo</Str>
			<Str sr="arg1" ve="3"/>
			<Str sr="arg2" ve="3"/>
			<Str sr="arg3" ve="3"/>
			<Str sr="arg4" ve="3"/>
			<Int sr="arg5" val="10"/>
			<Str sr="arg6" ve="3"/>
			<Str sr="arg7" ve="3"/>
			<Int sr="arg8" val="0"/>
		</Action>
		<Action sr="act1" ve="7">
			<code>548</code>
			<Str sr="arg0" ve="3">Sent %Trackinfo</Str>
			<Int sr="arg1" val="0"/>
		</Action>
		<Img sr="icn" ve="2">
			<cls>com.maxmpz.audioplayer.standard_adaptive</cls>
			<pkg>com.maxmpz.audioplayer</pkg>
		</Img>
	</Task>
	<Task sr="task5">
		<cdate>1754325006259</cdate>
		<edate>1755018345151</edate>
		<id>5</id>
		<nme>Uptime</nme>
		<pri>7</pri>
		<Action sr="act0" ve="7">
			<code>118</code>
			<Str sr="arg0" ve="3">http://127.0.0.1:8080/2025-08-04-UptimeCheck/check.php</Str>
			<Str sr="arg1" ve="3"/>
			<Str sr="arg2" ve="3"/>
			<Str sr="arg3" ve="3"/>
			<Str sr="arg4" ve="3"/>
			<Int sr="arg5" val="10"/>
			<Str sr="arg6" ve="3"/>
			<Str sr="arg7" ve="3"/>
			<Int sr="arg8" val="0"/>
		</Action>
		<Img sr="icn" ve="2">
			<nme>hd_aaa_ext_puzzle</nme>
		</Img>
	</Task>
	<Task sr="task7">
		<cdate>1754420766142</cdate>
		<edate>1755018365000</edate>
		<id>7</id>
		<nme>SyncUptime2ACWS</nme>
		<pri>7</pri>
		<Action sr="act0" ve="7">
			<code>117</code>
			<on>false</on>
			<Str sr="arg0" ve="3">http://127.0.0.1:8080/2025-08-04-UptimeCheck/sync.php</Str>
			<Str sr="arg1" ve="3"/>
			<Str sr="arg2" ve="3"/>
			<Str sr="arg3" ve="3"/>
			<Str sr="arg4" ve="3"/>
			<Int sr="arg5" val="10"/>
			<Int sr="arg6" val="0"/>
		</Action>
		<Action sr="act1" ve="7">
			<code>118</code>
			<Str sr="arg0" ve="3">http://127.0.0.1:8080/2025-08-04-UptimeCheck/sync.php</Str>
			<Str sr="arg1" ve="3"/>
			<Str sr="arg2" ve="3"/>
			<Str sr="arg3" ve="3"/>
			<Str sr="arg4" ve="3"/>
			<Int sr="arg5" val="10"/>
			<Str sr="arg6" ve="3"/>
			<Str sr="arg7" ve="3"/>
			<Int sr="arg8" val="0"/>
		</Action>
		<Img sr="icn" ve="2">
			<nme>hd_aaa_ext_overflow</nme>
		</Img>
	</Task>
</TaskerData>
