Name,Release Date,Developer,Publisher,Game Engine,Game Engine Developer,Metascore,Genre,Have I covered this?,"Is this a port, tie-in, spin-off or adaptation?"
Backtrack,4-10-2001,"JV Games Inc.
","Telegames, Inc.",,,N/A,FPS,Yes,Yes
Doom,28-10-2001,David A. Palmer Productions,Activision,,,81,FPS,Yes,Yes
Ecks vs Sever,21-11-2001,Crawfish Interactive,Bam Entertainment,,,80,FPS,Yes,Yes
Cruis'n Velocity,30-11-2001,Graphic State,Midway,Propietary,Graphic State,53,Driving,No,Yes
Dark Arena,18-1-2002,Graphic State,Majesco Games,Propietary,Graphic State,65,FPS,Yes,No
Wolfenstein 3D,31-3-2002,Stalker Entertainment,Bam Entertainment,,,57,FPS,Yes,Yes
Star X,17-4-2002,Graphic State,Bam Entertainment,Propietary,Graphic State,60,"
",Yes,No
V-Rally 3,21-6-2002,VD Dev,Atari,V3D,VD Dev,82,Driving,Yes,Yes
Duke Nukem Advance,12-8-2002,"Torus Games
",Take Two,Southpaw,Take Two,81,FPS,Yes,Yes
Urban Yeti,16-8-2002,Cave Barn,"Telegames, Inc.",,,67,Driving,Yes,No
ATV Quad Power Racing,20-8-2002,Tantalus,Acclaim,Proprietary,Tantalus,49,Driving,No,Yes
Ballistic: Ecks vs Sever,14-9-2002,Crawfish Interactive,Bam Entertainment,,,72,FPS,Yes,Yes
Colin McRae Rally 2.0,16-9-2002,Spellbound,Ubisoft,,,80,Driving,No,Yes
Smuggler's Run,25-9-2002,Rebellion Developments,Destination Software,,,41,Driving,No,Yes
Driver 2,22-10-2002,Sennari Interactive,Atari,,,73,Driving,Yes,Yes
Doom 2,28-10-2002,"Torus Games
",Activision,Southpaw,Take Two,77,FPS,Yes,Yes
SSX Tricky,31-10-2002,Visual Impact,Electronic Arts,,,66,,,Yes
Super Monkey Ball JR,19-11-2002,Realism Ltd,THQ,,,82,,Yes,Yes
Moh Underground,2-12-2002,Rebellion Developments,"Destination Software (NA)
Zoo Digital Publishing (EU)",,,46,FPS,Yes,Yes
Taxi 3,30-1-2003,Visual Impact,Ubisoft,,,N/A,Driving,No,Yes
Sega Rally Championship,10-3-2003,Sega,Sega,,,59,Driving,No,Yes
Nightfire,18-3-2003,"JV Games Inc.
",Electronic Arts,,,66,FPS,Yes,Yes
Crazy Taxi: Catch a Ride,9-4-2003,Graphic State,THQ,Propietary,Graphic State,48,Driving,No,Yes
Wing Commander Prophecy,4-6-2003,Raylight Studios,Destination Software,Blue Roses,Raylight Studios,70,,Yes,Yes
Lego Drome Racers,19-6-2003,Mobius Entertainment,THQ,,,71,Driving,Yes,Yes
Stuntman,24-6-2003,VD Dev,Atari,V3D,VD Dev,77,Driving,Yes,Yes
Monster Truck Madness,11-8-2003,Tantalus,THQ,Proprietary,Tantalus,75,Driving,No,Yes
Starsky & Hutch,12-9-2003,Spellbound,Bam Entertainment,,,N/A,Driving,No,Yes
Quad Desert Fury,25-9-2003,Skyworks Technologies,Majesco Games,Proprietary,Skyworks Technologies,"N/A
",Driving,No,No
Top Gear Rally,28-10-2003,Tantalus,"Nintendo (US)
Kemco (JP/EU)",Proprietary,Tantalus,78,Driving,Yes,Yes
SSX3,11-11-2003,Visual Impact,Electronic Arts,,,63,,Yes,Yes
Corvette,11-11-2003,Visual Impact,TDK Mediactive,,,N/A,Driving,No,Yes
Star Wars Flight of the Falcon,18-11-2003,Pocket Studios,THQ,Proprietary,Pocket Studios,39,,No,Yes
Ozzy & Drix,16-12-2003,Raylight Studios,Midway,Blue Roses,Raylight Studios,36,,No,Yes
NFSU,18-12-2003,Pocketeers,Electronic Arts,C2 Engine,Pocketeers,77,Driving,Yes,Yes
NFS Porche Unleashed,15-3-2004,Pocketeers,Destination Software,C2 Engine,Pocketeers,62,Driving,Yes,Yes
Serious Sam,12-4-2004,Climax Group,Global Star Software,,,51,FPS,Yes,Yes
Asterix & Obellix XXL,18-6-2004,VD Dev,Atari,"V3D
",VD Dev,,,Yes,Yes
Spiderman 2,29-6-2004,Digital Eclipse,Activision,,,65,,No,Yes
Madden NFL 2005,9-8-2004,Exient Entertainment,EA Sports,,,79,,No,Yes
Kill.Switch,16-9-2004,Visual Impact,Destination Software,,,N/A,,Yes,Yes
FIFA Football 2005,12-10-2004,EA Games,EA Sports,,,75,,No,Yes
Grand Theft Auto,26-10-2004,Digital Eclipse,Rockstar Games,,,68,,No,Yes
Smashing Drive,3-11-2004,Raylight Studios,Destination Software,Blue Roses,Raylight Studios,N/A,Driving,Yes,Yes
Hot Wheels Stunt Track Challenge,10-11-2004,Climax Group,THQ,,,N/A,Driving,Yes,Yes
NFSU2,15-11-2004,Pocketeers,Electronic Arts,C2 Engine,Pocketeers,72,Driving,Yes,Yes
Payback,19-11-2004,Apex Designs,Destination Software,,,56,,Yes,Yes
Blades of Thunder,1-2-2005,InterActive Vision Games,Summitsoft Entertainment,,,N/A,,No,No
Ice Nine,28-2-2005,Torus Games,Bam Entertainment,Southpaw,Take Two,N/A,FPS,Yes,No
Tokyo Xtreme Racer,20-4-2005,David A. Palmer Productions,Crave,,,N/A,Driving,Yes,Yes
Madden NFL 06,8-8-2005,Exient Entertainment,EA Sports,,,71,,No,Yes
SRS Street Racing Syndicate,4-10-2005,Raylight Studios,Namco,Blue Roses,Raylight Studios,N/A,Driving,Yes,Yes
FIFA 06,11-10-2005,EA Games,EA Sports,,,N/A,,No,Yes
Driver 3,14-10-2005,VD Dev,Atari,V3D,VD Dev,,Driving,Yes,Yes
Ford Racing 3,3-11-2005,Visual Impact,Destination Software,,,N/A,Driving,No,Yes
Big Mutha Truckers,9-11-2005,Raylight Studios,"Destination Software (NA)
Zoo Digital Publishing (EU)",Blue Roses,Raylight Studios,N/A,Driving,No,Yes
NFSMW,15-11-2005,Pocketeers,Electronic Arts,C2 Engine,Pocketeers,N/A,Driving,Yes,Yes
Paintball Tournament Max’d,31-1-2006,Machineworks Northwest WXP,Activision,,,N/A,FPS,Yes,Yes
FIFA World Cup: Germany 2006,24-4-2006,EA Games,EA Sports,,,57,,No,Yes
Madden NFL 07,22-8-2006,Exient Entertainment,EA Sports,,,68,,No,Yes
Monster Trucks Mayhem,4-9-2006,Skyworks Technologies,Destination Software,,,"N/A
",Driving,No,Yes
ATV Thunder Ridge Riders,5-9-2006,Skyworks Technologies,Destination Software,Proprietary,Skyworks Technologies,N/A,Driving,Yes,No
Monster Trucks,5-9-2006,Skyworks Technologies,Majesco Games,Proprietary,Skyworks Technologies,"N/A
","Driving
",No,No
FIFA 07,3-10-2006,EA Games,EA Sports,,,N/A,,No,Yes
NFS Carbon,31-10-2006,Pocketeers,Electronic Arts,C2 Engine,Pocketeers,N/A,Driving,Yes,Yes
Tony Hawk’s Downhill Jam,7-11-2006,Visual Impact,Activision,,,N/A,,Yes,Yes
Cars: Mater National Championship,12-11-2007,Tantalus,THQ,Proprietary,Tantalus,N/A,Driving,Yes,Yes