[
    {
        "text": "Did you just add a flippi",
        "value": "Very nice!"
    },
    {
        "text": "Test",
        "value": "More tests"
    },
    {
        "text": "Did you just add a flippi",
        "value": "Screwing the rules like its  8 years ago https://www.youtube.com/playlist?list=PLKHNWhJawkhhGypsoNnG94VWTCFUrRc1S"
    },
    {
        "text": "#CurrListeningAlcea\r\nYugi",
        "value": "Some render a bit weird.\r\nBlame the order of runtime."
    },
    {
        "text": "F-f-finally !\r\n\r\nI was ge",
        "value": "Another one for making sure  everything works.\r\n\r\nLemme add some <br> here, just because)"
    },
    {
        "text": "F-f-finally !\r\n\r\nI was ge",
        "value": "Ah yes. A comment system.\r\n(Wait. this is offtopic)"
    },
    {
        "text": "When in doubt \"#Praise #g",
        "value": "God GodGod"
    },
    {
        "text": "\"Befriending an #alien \"\r",
        "value": "Akane is best mom"
    },
    {
        "text": "#Floating #House #Totk\r\nh",
        "value": "A house in the skyyyyy"
    },
    {
        "text": "F-f-finally !\r\n\r\nI was ge",
        "value": "Decky Recorder breaks with each sysupdate anyways..."
    },
    {
        "text": "#CurrListeningAlcea\r\nYugi",
        "value": "Lovely song"
    },
    {
        "text": "A \"#shared #diary\" for a ",
        "value": "Ddd"
    },
    {
        "text": "More #mmd / #mikumikudanc",
        "value": "Moar"
    },
    {
        "text": "When in doubt ",
        "value": "God god god !"
    },
    {
        "text": "Befriending an #alien ",
        "value": "I see"
    },
    {
        "text": "Test to see status count ",
        "value": "Test test test !!"
    },
    {
        "text": "Befriending",
        "value": "Alien ?"
    },
    {
        "text": "https://www.kidney.org/at",
        "value": "Hmm..."
    },
    {
        "text": "#CurrListeningAlcea%0D%0AYugi",
        "value": "dos this work ?"
    },
    {
        "text": "When your HP suddenly dro",
        "value": "HP HP HP"
    },
    {
        "text": "Maybe I should post bnere",
        "value": "I don't think so !\r\nPls dont\r\ntihi"
    },
    {
        "date": "2024-06-27",
        "text": "Did you just add a flippi",
        "value": "Test"
    },
    {
        "text": "F-f-finally !\r\n\r\nI was ge",
        "value": "Date: 2024-06-27\nOki"
    },
    {
        "text": "F-f-finally !\r\n\r\nI was ge",
        "value": "2024-06-27\nNow with date"
    },
    {
        "text": "Did you just add a flippi",
        "value": "2024-06-27\nOkay"
    },
    {
        "text": "Did you just add a flippi",
        "value": "2024-06-27\nTop to bottom now"
    },
    {
        "text": "#Beat #Detective ? huh #o",
        "value": "2024-06-27\nWdym Error fetching data: Expected ',' or '}' after property value in JSON at position 156639 (line 2574 column 5)"
    },
    {
        "text": ":strawbHuggies: ",
        "value": "2024-06-27\nYou know..\r\nLight pink hair...\r\n\r\nThat would be.\r\nNeat"
    },
    {
        "text": "#CurrListeningAlcea \r\n\r\n\"",
        "value": "2024-06-29\nGold gold"
    },
    {
        "text": "God I love this show \r\n#R",
        "value": "2024-06-30\nI love this show sm :)"
    },
    {
        "text": ":tangofirstaid: ",
        "value": "2024-06-30\nTango Tango Tango !"
    },
    {
        "text": "Blubbyblubb",
        "value": "2024-06-30\nBlubb fish blubn"
    },
    {
        "text": "Easy \"OpenMMD\" install Gu",
        "value": "2024-07-02\ntensorflow-1.6.0-cp36-cp36m-win_amd64.whl \r\n\r\nand\r\n\r\nopencv_python-3.4.10.37-cp36-cp36m-win_amd64.whl\r\n\r\nwere the key to making stupeed OpenMMD run.\r\n\r\nNot sure what drugs the devs took....\r\n -Alcea"
    },
    {
        "text": "This is why modern #hardw",
        "value": "2024-07-04\n*sob* and now I can't record SteamDeck easily anymore"
    },
    {
        "text": "Hold three dot & power on",
        "value": "2024-07-05\nQuite useful.\r\nBuiltin rollback to last version"
    },
    {
        "text": ":8b_h: :8b_e: :8b_l: :8b_",
        "value": "2024-07-10\nHello Hello!"
    },
    {
        "text": "#arcade \r\nThis looks...:b",
        "value": "2024-07-10\nPush tab on your keyboard to access MAME settings From there you can adjust the sensitivity\r\n\r\n\r\n\r\n"
    },
    {
        "text": "\"If the #web runs out of ",
        "value": "2024-07-13\nhttps://alcea-wisteria.de/PHP/SampleWebMMD-master/?pmx=TLoZ_Zelda_%28Scholar%29%2Fzelda_scholar.pmx&pmx2=TLoZ_Zelda_%28Skyward_Sword%29%2FZelda_%28Skyward_Sword%29.pmx&stage=%2Fh2cu09%2Fh2cu09.pmx&vmd=halseywithoutme"
    },
    {
        "text": "Ok.\r\n#WeDone\r\n\r\nhttps://w",
        "value": "2024-07-13\nhttps://alcea-wisteria.de/PHP/SampleWebMMD-master/?pmx=YusakuFujiki/yusaku.pmx&stage=/livestageclub/livestageclubanimated.pmx&vmd=bts-dna"
    },
    {
        "text": "#NGL \r\n\r\n#Jakey got a #po",
        "value": "2024-07-13\nhttps://m.youtube.com/watch?v=41eBIu2bFlU&feature=youtu.be"
    },
    {
        "text": "These are nice\r\nhttps://i",
        "value": "2024-07-25\nhttps://www.getdigital.de/en/pages/offlineprodukt/companion-cube-pluesch - Alcea"
    },
    {
        "text": "Time for le shop \ud83d\ude3b\r\nhttp",
        "value": "2024-07-25\nThese are waiting on bench https://www.ebay.de/itm/295619337577?itmmeta=01J3N90M7KX2GBQ43TGGWR723K&hash=item44d4491d69:g:FbgAAOSwx8BkMcm- https://tinisu.de/products/pokemon-kissenbezug-nachtara-psiana-45cm-x-45cm-anime-kissen-espeon-umbreon"
    },
    {
        "text": "#Tuya ? #SmartLife ? #Iot",
        "value": "2024-07-28\nUrgh tuya"
    },
    {
        "text": "Thats why I #hate #reddit",
        "value": "2024-07-31\nAs for the \"being afraid of being called sham\".\r\nCan confirm.\r\nSome health specialists will look at you like *what is your deal*?\r\n\r\nAsif tryin to say \"why are you wasting my precious time\" ?\r\n-Alcea"
    },
    {
        "text": "Oh wow.\r\nThis is #inappro",
        "value": "2024-08-01\nNevermind .. It took a few mins to get \"non appropriatized\" huh - Alcea"
    },
    {
        "text": "A #vroid #alternative ?\r\n",
        "value": "2024-08-08\nActually no. PMX export crunches textures (wrong color). And the rig is improper (arms etc)"
    },
    {
        "text": "When ppl tell you \"the th",
        "value": "2024-09-08\nSee: https://www.deviantart.com/mmdcharizard/art/MMD-Ace-Attorney-Phoenix-Wright-and-Maya-Fey-DL-941292946"
    },
    {
        "text": "https://www.youtube.com/w",
        "value": "2024-09-10\nsad just sad"
    },
    {
        "text": "\"They need to start delet",
        "value": "2024-09-19\n@lesleydehaan-kj8sq\r\nvor 4 Tagen\r\nNot entirely the focus of the video, but touched on: I coordinated the Art Department of a huge ABC TV show - you\u2019ve definitely heard of it. We used Google Drive to share files between artists then one afternoon I got an email saying Google\u2019d found copyrighted files in our drive and deleted them. Yeah. We made those - what the eff was Google doing sniffing through our files. I responded and asked for the files to be reinstated. Nothing. I got Sony lawyers involved. Nothing. I got Disney lawyers involved. Nothing. They ghosted us. These were shared, not the only files but jeez! Not a safe or reliable or private service."
    },
    {
        "text": "Oh #nice\r\nhttps://jsfiddl",
        "value": "2024-09-19\nEven better, they remove the overview feature and made it \"pro\"\r\n\r\nNow the site is useless"
    },
    {
        "text": "https://www.reddit.com/r/",
        "value": "2024-09-28\nhttps://www.reddit.com/r/hyouka/comments/1flmwu9/regarding_the_situation_involving_mery/"
    },
    {
        "text": "The poor #children\r\nhttps",
        "value": "2024-10-18\n@florianblattler3174\r\nvor 1 Jahr\r\nDie Story hat leider einen extremen Survivorship Bias. Bei den erwachsenen \"Wunderkindern\" geht es nur um diejenigen, die eine erfolgreiche Karriere draus machen konnten. Die grosse Mehrheit, welche mit (vermeindlich) gleichem Talent, mit gleicher Motivation und mit gleichem Einsatz unterwegs aber ausgebrannt liegen geblieben und aus der \u00d6ffentlichkeit verschwunden ist, wird leider nicht pr\u00e4sentiert."
    },
    {
        "text": "Android versions don't ma",
        "value": "2024-10-25\nhttps://m.youtube.com/watch?v=nlV5hG2yIAI"
    },
    {
        "text": "#Microsoft\r\nhttps://m.you",
        "value": "2024-11-01\nThe reason you still can't name a file \"con\" in Windows is because the OG Microsoft DOS (which they bought and renamed from some dudes) stole the system calls from CP/M. There's a world that they didn't and we would be running much better software. The whole IBM dealings were crazy too, convinced them to sell MSDOS for cheap and CP/M for orders of magnitude more.\r\n"
    },
    {
        "text": "Add #bone #morph via #tra",
        "value": "2024-11-24\nKinda Pointless tho.\r\nWon't work with many renderers.\r\nMMM and MMD can handle it.\r\nWebrenderer ?\r\nNo."
    },
    {
        "text": "#Impossible #ports\r\nhttps",
        "value": "2024-12-22\nSelf modifying code\r\nhttps://m.youtube.com/watch?v=Cda-tw7TV_c&t=1h14m00s"
    },
    {
        "text": "So people want & have tho",
        "value": "2025-01-04\nI only sew,draw, 3dmodel, program anddo some music stuff.\r\n\r\nKinda boring stuff - cea"
    },
    {
        "text": "#3dprinted #smile :crazyl",
        "value": "2025-01-19\nyeah right"
    },
    {
        "text": "#pla #safety in #3dprinte",
        "value": "2025-01-20\nhttps://i.ibb.co/V2VmPtH/Screenshot-20250120-214847-Brave.png"
    },
    {
        "text": "\"GottaGo KThxBye Ran\"\r\n\r\n",
        "value": "2025-04-04\nClassic Shinichi"
    },
    {
        "text": "\ud809\udc2bFoods to avoid include ",
        "value": "2025-05-11\nHaha"
    },
    {
        "text": "Lets help those #Stackove",
        "value": "2025-05-19\nYep. They removed it."
    },
    {
        "text": "I mean.. If you plan well",
        "value": "2025-05-26\nOh great another youtube video with changes title. Derogatory even.\r\nStarting to hate youtube...\r\n- Cea"
    },
    {
        "text": "\ud809\udc2bDanke.\r\nJa, klar. Ist j",
        "value": "2025-06-02\nFrom: https://mstdn.animexx.de/@otakun/114613023492053044"
    }
]