[
    {
        "20250907": {
            "value": "\ud83d\udcachttps:\/\/alceawis.com\/notice\/AxxAtpARrfjEHE8zdQ#\ud83d\udcac \r\n\u2022acws #acws\r\n\ud809\udc2bgo to Emulation -> Configure -> Controls -> and check the box at the bottom (Use Artic Controller when connected to Artic Base Server)\r\n\r\nDo this before starting the game. Just open Citra and check the box first, then you can open the game\r\n- reddit.com\/r\/Citra\/comments\/1e5nzpw\/artic_base_just_got_support_for_using_the_3ds_as\/\ud809\udc2b\r\nAh I see !\r\n\r\nhttps:\/\/ibb.co\/MxwMJ6V4\r\nhttps:\/\/i.ibb.co\/5gpBJF8y\/Screenshot-20250907-075759-Azahar.png",
            "hashtags": "acws"
        }
    },
    {
        "20250907": {
            "value": "#ArticBase lets me <a target=\"_blank\" href=\"https:\/\/github.com\/azahar-emu\/ArticBaseServer\" style=color:blue>stream<\/a> #3DS games to my #Android or #Computer ?\r\n\r\nI smell a #PhoenixWrightVSLayton LP..\r\n\r\nThat transmission speed tho 0.33kbps\r\nhttps:\/\/ibb.co\/zVQ6CP9z\r\nhttps:\/\/i.ibb.co\/RTYjtQrq\/20250907-071227.jpg\r\n\r\n:mindblown:\r\n\r\nNow how do I enable <a target=\"_blank\" href=\"https:\/\/www.reddit.com\/r\/Citra\/comments\/1e5nzpw\/artic_base_just_got_support_for_using_the_3ds_as\/\" style=color:blue>controller support<\/a>\r\n#repost \u2022acws #acws",
            "hashtags": "ArticBase, 3DS, Android, Computer, PhoenixWrightVSLayton, repost, acws"
        }
    },
    {
        "20250907": {
            "value": "\ud809\udc2bThe thing that Star Wars taught me, is when a fan base is mad, that means they want to like the product and were excited for it. It\u2019s when a fanbase stops caring that you\u2019re really in trouble. (ie. The Wii U) \r\n\r\n\r\n<hr>\r\nPeople are constantly mad at Nintendo for not living up to their nostalgic memory of a company that never was.\ud809\udc2b\r\n#Nintendo\r\nhttps:\/\/m.youtube.com\/watch?v=0RVHmmbEg8Q",
            "hashtags": "Nintendo"
        }
    },
    {
        "20250906": {
            "value": "\ud83d\udcachttps:\/\/alceawis.com\/notice\/AxwCmFmV2MeFFeV3po#\ud83d\udcac \r\n\u2022acws #acws\r\nThe best part is most on this list is cause we have kind of a shared account thing.\r\nAnd yeah.\r\n\r\nI hate this system.\r\n\r\n\"May I play your game honey\"\r\n -\"Sure lemme go to the strange new settings NintenD\u00f6 implemented\"\r\n\r\n:blobaww: isn't that romantic.\r\n\ud83d\ude39\r\n\r\nRiiight.\r\n\r\nWhats next ?\r\nLemme send you a game via SnailMail\u2122\r\n(Ok.. That'd be cool.\r\nJust use bubblewrap. Post services have roll s in processing centers that will \"\" remove\"\" keys and gamecarts from letters easily...)",
            "hashtags": "acws"
        }
    },
    {
        "20250906": {
            "value": "\ud809\udc2bIf you own both a physical and digital copy of a game with DLC, you HAVE to download the full game to access the dlc because you can't download them separately\r\nhttps:\/\/www.reddit.com\/r\/NSCollectors\/comments\/1l4xrja\/virtual_key_cards\/\r\n\ud809\udc2b\r\n\r\n#VirtualCards are among the main reason I barely play #Nintendo anymore\r\n\r\n.. And #GameKeyCards ?\r\nOh <a target=\"_blank\" href=\"https:\/\/www.youtube.com\/watch?v=KjbUZ8EycTI\" style=color:blue>don't.even.<\/a> get me started ...\r\n\r\nActual games on #cart a.k.a. #physical are the only thing left.\r\n\r\nIt's a joke.\r\n\r\n#WhatKindOfDrugsIsNintendoTaking ???\r\n#DislikedAlcea\r\n<hr>\r\n\r\nHere I'd literally have to contact\/call someone to like I dunno *eject* the gamecard from their #SwitchLite\r\n\r\nOr <a target=\"_blank\" href=\"https:\/\/m.youtube.com\/watch?v=G9wiWg6zj5U\" style=color:blue>switch auth method<\/a> and endure a lil \"Checking if this game can be played\"\r\nEvery\r\nSingle\r\nTime\r\n:genshin_qiqi_rip: \r\n#RamblingsAlcea\r\n#repost \u2022acws #acws",
            "hashtags": "VirtualCards, Nintendo, GameKeyCards, cart, physical, WhatKindOfDrugsIsNintendoTaking, DislikedAlcea, SwitchLite, RamblingsAlcea, repost, acws"
        }
    },
    {
        "20250906": {
            "value": "\ud809\udc2bSetup:\r\nEnter RCM and inject the hekate payload.\r\nIf you use a modchipped Switch, you can simply just turn your Switch on with the hekate payload renamed to payload.bin on the root of your SD.\r\nNavigate to Tools > USB Tools > SD Card and plug your Switch into your PC via USB.\r\nEnter the atmosphere folder.\r\nIf it doesn't exist already, create a folder named hosts in the atmosphere folder.\r\nYou should end up with the sd:\/atmosphere\/hosts directory.\r\nCopy the emummc.txt file into the hosts folder.\r\n\ud809\udc2b\r\n#Nintendo #block #90sDNS\r\nhttps:\/\/switch.hacks.guide\/files\/emummc.txt\r\nhttps:\/\/switch.hacks.guide\/extras\/blocking_nintendo.html\r\n",
            "hashtags": "Nintendo, block, 90sDNS"
        }
    },
    {
        "20250906": {
            "value": "\ud83d\udcachttps:\/\/alceawis.com\/notice\/Axw50gI0TgkXszbccC#\ud83d\udcac \r\n\u2022acws #acws\r\nOh I see how it is game..\r\n\r\nI'll help you work, don't worry........... \r\nhttps:\/\/alceawis.com\/\/uploads\/\/63f7a13d7c1012f75d75a055e13b0ed75486c4b2343ff5bc9367bc5f41de1ae6.mp4",
            "hashtags": "acws"
        }
    },
    {
        "20250906": {
            "value": "Be me:\r\n#Silksong is out.\r\n\r\nSuddenly remember that \r\n#AtelierYumiaTheAlchemistOfMemoriesAndTheEnvisionedLand\r\n\r\nis a thing and play it instead\r\n(Wonder when I'll continue #Reynatis ...)\r\n#repost \u2022acws #acws",
            "hashtags": "Silksong, AtelierYumiaTheAlchemistOfMemoriesAndTheEnvisionedLand, Reynatis, repost, acws"
        }
    },
    {
        "20250906": {
            "value": "#CurrListeningAlcea\r\nArcane Ascendance - #AtelierYumiaTheAlchemistOfMemoriesAndTheEnvisionedLand\r\nhttps:\/\/www.youtube.com\/watch?v=dJcj5ONLxvw\r\n#repost \u2022acws #acws",
            "hashtags": "CurrListeningAlcea, AtelierYumiaTheAlchemistOfMemoriesAndTheEnvisionedLand, repost, acws"
        }
    },
    {
        "20250906": {
            "value": "https:\/\/ibb.co\/HTS67t4M\r\nhttps:\/\/i.ibb.co\/YBCm2cQK\/Screenshot-20250906-175509-Brave.png\r\n\r\n\r\n#Wdym \"Request not signed\" ???\r\n\r\nWhats this?\r\n:Wah: \r\n#repost \u2022acws #acws",
            "hashtags": "Wdym, repost, acws"
        }
    },
    {
        "20250906": {
            "value": "\ud809\udc2bIt .. might be #AI\ud809\udc2b\r\nYeah #LLM s everywhere \ud83d\udc94\r\n\r\nhttps:\/\/web.archive.org\/web\/20250906155541\/https:\/\/kolektiva.social\/system\/media_attachments\/files\/115\/151\/760\/802\/950\/073\/original\/7584ce99ecd6070e.mp4\r\nhttps:\/\/kolektiva.social\/@pivic\/115151761066870717",
            "hashtags": "AI, LLM"
        }
    },
    {
        "20250906": {
            "value": "\ud809\udc2bMini 4 Pro or Mini 4k...4 Pro can track you on a ride and has obstacle avoidance. Mini 4K is just a newer version of the old Mini 2 with a better camera but no obstacle avoidance among other things. Depends on your budget really. All are easy to stow and about the same size. Just go on a DJI site and compare all the mini models. The 3 Pro has been discontinued\r\n\r\n\r\nUpvoten\r\n1\r\n\r\nDownvoten\r\n\r\nAntworten\r\nreply\r\n\r\nAvatar von u\/xCHOPP3Rx\r\nxCHOPP3Rx\r\n\u2022\r\nvor 8 Monaten\r\nProfilabzeichen f\u00fcr den Erfolg Top-1%-Kommentator*in Top-1%-Kommentator*in\r\nyou'll probably need an Air 3 if you want to track yourself with a motorcycle. mini 4 pro won't be fast enough. neo won't be fast enough either.\ud809\udc2b\r\n#drone #follow\r\nhttps:\/\/www.reddit.com\/r\/dji\/comments\/1hufyz4\/cheapest_easiest_drone_for_motorcycle\/",
            "hashtags": "drone, follow"
        }
    },
    {
        "20250906": {
            "value": "Let's <a target=\"_blank\" href=\"https:\/\/alceawis.de\/About.html?user=alcea&all=yes&limit=4854&text=%23CurrListeningAlcea%0D%0A46%20Wana%20wo%20Kirinuke\" style=color:blue>add<\/a> #soundcloud embeds\r\n\r\nBecause why not\r\n\r\n\r\n\ud809\udc2b\r\nif (value.includes('soundcloud.com') || value.includes('m.soundcloud.com')) {\r\n    const soundcloudRegex = \/https?&#58;\\\/\\\/(?&#58;www\\.|m\\.)?soundcloud\\.com\\\/[^\\s'\"\\)]+\/g;\r\n    const soundcloudMatches = value.match(soundcloudRegex);\r\n    if (soundcloudMatches &amp;&amp; soundcloudMatches.length &gt; 0) {\r\n        const soundcloudUrl = soundcloudMatches[0];\r\n        const debugLog = document.createElement('div');\r\n        debugLog.style.fontSize = '12px';\r\n        debugLog.style.color = '#666';\r\n        debugLog.style.marginTop = '5px';\r\n        \/\/debugLog.textContent = `SoundCloud URL found&#58; ${soundcloudUrl}`;\r\n        postElement.appendChild(debugLog);\r\n        const soundcloudEmbed = document.createElement('iframe');\r\n        soundcloudEmbed.width = '100%';\r\n        soundcloudEmbed.height = '266';\r\n        soundcloudEmbed.scrolling = 'no';\r\n        soundcloudEmbed.frameBorder = 'no';\r\n        soundcloudEmbed.allow = 'autoplay';\r\n        soundcloudEmbed.src = `https&#58;\/\/alceawis.de\/other\/extra\/scripts\/fakesocialmedia\/soundcloudfetch.php?scurl=${soundcloudUrl}`;\r\n        soundcloudEmbed.style.marginTop = '10px';\r\n        soundcloudEmbed.style.borderRadius = '8px';\r\n        postElement.appendChild(soundcloudEmbed);\r\n        soundcloudEmbed.onerror = function() {\r\n            const errorMsg = document.createElement('div');\r\n            errorMsg.style.color = 'red';\r\n            errorMsg.style.fontSize = '12px';\r\n            errorMsg.textContent = 'Failed to load SoundCloud embed';\r\n            postElement.appendChild(errorMsg);\r\n        };\r\n    }\r\n}\r\n\ud809\udc2b\r\n\r\nhttps:\/\/ibb.co\/SwZx9QD6\r\nhttps:\/\/i.ibb.co\/tp1hWZwH\/Screenshot-20250906-122128-Brave.png\r\n\r\n\r\n\r\n#CodeAlcea\r\n#repost \u2022acws #acws",
            "hashtags": "soundcloud, 58, 58, 666, 58, 58, CodeAlcea, repost, acws"
        }
    },
    {
        "20250906": {
            "value": "#CurrListeningAlcea\r\n46 Wana wo Kirinuke Checkmate!- #KamikazeKaitouJeanne\r\n#MichiakiKato\r\nhttps:\/\/m.soundcloud.com\/kinokuma\/46-wana-wo-kirinuke-checkmate?in=kinokuma%2Fsets%2Fkamikaze-kaitou-jeanne-phantom-thief-jeanne-official-ost-disc-1\r\n#repost \u2022acws #acws",
            "hashtags": "CurrListeningAlcea, KamikazeKaitouJeanne, MichiakiKato, repost, acws"
        }
    },
    {
        "20250906": {
            "value": "\ud83d\udcachttps:\/\/sueden.social\/@nightlysilence\/114382989255975238#\ud83d\udcac \r\nJa #Chiaki war schon ein Spezialist.\r\nBrandstifter und <a target=\"_blank\" href=\"https:\/\/mstdn.animexx.de\/@alcea\/111794561251183007\" style=color:blue>Berufsberater<\/a> erster Klasse.\r\nUnd die d\u00e4mlichen Kommentare immer.\r\nWow. Einfach Wow.\r\n\r\nhttps:\/\/media.mstdn.animexx.de\/media_attachments\/files\/111\/794\/559\/409\/701\/965\/original\/4b0fd8eeb1f1afd9.mp4\r\n\r\nhttps:\/\/media.mstdn.animexx.de\/media_attachments\/files\/111\/795\/338\/768\/662\/644\/original\/774ebc9a0b5a6c6e.mp4\r\n\r\nSoviel Talent in einer Person.\r\n(Aber #ArinaTanemura hatte einfach zuviel Spa\u00df beim schreiben der Story :KkjMaronWink: , das macht es zu was besonderem)\r\n\r\n\u2022acws #acws #KamikazeKaitouJeanne",
            "hashtags": "Chiaki, ArinaTanemura, acws, KamikazeKaitouJeanne"
        }
    },
    {
        "20250906": {
            "value": "\ud83d\udcachttps:\/\/alceawis.com\/notice\/AxuNMOOP6lerbrBGHA#\ud83d\udcac \r\n\u2022acws #acws\r\nTurns out the #issue was #MRF object age:\r\nhttps:\/\/alceawis.com\/pleroma\/admin\/#\/settings\/mrf\r\nhttps:\/\/ibb.co\/RTQ8xgxw\r\nhttps:\/\/i.ibb.co\/N2WR8F8B\/joined-image-1.png\r\n\r\nRemoved all [Actions] entries and now:\r\nWoo!\r\nhttps:\/\/alceawis.com\/notice\/AxvLqrPllQPfYbBD1M\r\n#WTFFedi\r\nhttps:\/\/akkoma.dev\/AkkomaGang\/akkoma\/issues\/975#issuecomment-14730",
            "hashtags": "acws, issue, MRF"
        }
    },
    {
        "20250906": {
            "value": "#Devs complaining that #Hollowknight #Silksong is too cheap ?\r\nWat.\r\nhttps:\/\/www.nintendolife.com\/news\/2025\/09\/i-cant-afford-to-give-it-away-for-free-silksongs-low-price-is-causing-devs-to-re-evaluate-their-own-games",
            "hashtags": "Devs, Hollowknight, Silksong"
        }
    },
    {
        "20250905": {
            "value": "\ud83d\udcachttps:\/\/alceawis.com\/notice\/Axtz6Ak8MvoaT8TAOG#\ud83d\udcac \r\n\u2022acws #acws\r\n\r\nAnd they say singing can't open doors.\r\nhttps:\/\/m.youtube.com\/watch?v=9kH5937r38w\r\n\r\n#Silksong",
            "hashtags": "acws, Silksong"
        }
    },
    {
        "20250905": {
            "value": "Ohwell\r\nGuess I won't figure out that #post #resolve #Akkoma bug anytime soon\r\n\r\nFunny how #LLM suggested to fetch via curl and shove it into the #sql database\r\n\r\nSo stupid\r\n#WhatCouldPossiblyGoWrong\r\n\r\nhttps:\/\/akkoma.dev\/AkkomaGang\/akkoma\/issues\/975\r\nhttps:\/\/chatgpt.com\/share\/68bb52e4-7b0c-8003-9d16-c40ce2813daf\r\nhttps:\/\/archive.ph\/IOztn\r\n\r\n#NoWay #WTFFedi\r\n#repost \u2022acws #acws",
            "hashtags": "post, resolve, Akkoma, LLM, sql, WhatCouldPossiblyGoWrong, NoWay, WTFFedi, repost, acws"
        }
    },
    {
        "20250905": {
            "value": "#CurrListeningAlcea\r\n~ASGORE<a target=\"_blank\" href=\"data:text\/plain;base64,aHR0cHM6Ly95b3V0dWJlLmNvbS93YXRjaD92PXQ3bEVXaTh6ZTZZ\" style=color:pink>~<\/a> - #Undertale\r\nhttps:\/\/m.youtube.com\/watch?v=42kI2lT0x6U&pp=0gcJCRsBo7VqN5tD\r\n\r\n(I hate this boss.\r\nWay too hard.\r\nWhy can't Asgore be cute. Like #Toriel ?)\r\n\r\n#repost \u2022acws #acws",
            "hashtags": "CurrListeningAlcea, Undertale, Toriel, repost, acws"
        }
    },
    {
        "20250905": {
            "value": "#LPM \/ #LetsPlayMarkus getting roasted\r\n\r\nPoor Marki\r\nhttps:\/\/www.youtube.com\/watch?v=c88BQsQZfE4",
            "hashtags": "LPM, LetsPlayMarkus"
        }
    },
    {
        "20250905": {
            "value": "#Steam games on #Android ?!\r\nhttps:\/\/www.youtube.com\/watch?v=5wIBqescugc",
            "hashtags": "Steam, Android"
        }
    },
    {
        "20250905": {
            "value": "#CurrListeningAlcea\r\nDisfigure - Blank | Melodic Dubstep \r\nhttps:\/\/www.youtube.com\/watch?v=p7ZsBPK656s&pp=ygUPQmxhbmsgZGlzZmlndXJl\r\n",
            "hashtags": "CurrListeningAlcea"
        }
    },
    {
        "20250905": {
            "value": "Clearly this lil gate #singer is the best character of the entire game\r\nhttps:\/\/m.youtube.com\/watch?v=93FPU3ng8IQ&feature=youtu.be\r\n#Silksong #GameAlcea\r\n#repost \u2022acws #acws",
            "hashtags": "singer, Silksong, GameAlcea, repost, acws"
        }
    },
    {
        "20250905": {
            "value": "#CurrListeningAlcea\r\nHollow Knight: #Silksong \r\nhttps:\/\/m.youtube.com\/watch?v=g5IPnjiJrKI&pp=0gcJCRsBo7VqN5t\r\n:music_mhmm_headbang: \r\n#repost \u2022acws #acws",
            "hashtags": "CurrListeningAlcea, Silksong, repost, acws"
        }
    },
    {
        "20250905": {
            "value": "\ud809\udc2bBantin noted that the \u201cengine relies heavily on disk streaming for its open world environments, and Switch 2 cards didn\u2019t give the performance needed for their quality target.\u201d He went on to say that had Star Wars Outlaws been developed for Nintendo Switch 2 originally, \u201cit might have been different.\u201d\ud809\udc2b\r\n#GameKeyCards\r\nhttps:\/\/nintendoeverything.com\/star-wars-outlaws-switch-2-game-key-card\/\r\nNy favorite kind of lame #excuse",
            "hashtags": "GameKeyCards, excuse"
        }
    },
    {
        "20250905": {
            "value": "And people say <a target=\"_blank\" href=\"https:\/\/chatgpt.com\/share\/68ba297f-c928-8003-b830-7088cfb45da2#https:\/\/archive.ph\/FlrdW\" style=color:blue>ChatGPT can't be useful<\/a> fixed all issues I had after updating #Switch FW and to #Atmosphere 19.4\r\n\r\nUsually this takes like 30-60 min googling.\r\n\r\nGot anything down in less than 10.\r\n#LLM #Nintendo",
            "hashtags": "https, Switch, Atmosphere, LLM, Nintendo"
        }
    },
    {
        "20250904": {
            "value": "\ud809\udc2bhttps:\/\/gbatemp.net\/memes\/image.10720670-525899\/\ud809\udc2b\r\n#Switch2 #Nintendo\r\n:sino_nod: \r\nhttps:\/\/ibb.co\/35V0W8Q4\r\nhttps:\/\/i.ibb.co\/7xBGVTLj\/Reality.jpg\r\n",
            "hashtags": "Switch2, Nintendo"
        }
    },
    {
        "20250904": {
            "value": "\ud809\udc2bSo who else heard Yahtzee describe what #YouTube Playables were and went \"So it's basically a poor man's Miniclip or Addicting Games but with even worse games?\"\r\n\r\nMan I miss the Flash era...\ud809\udc2b\r\nhttps:\/\/m.youtube.com\/watch?v=eC1VZZ9bqnk&pp=0gcJCRsBo7VqN5tD",
            "hashtags": "YouTube"
        }
    },
    {
        "20250904": {
            "value": "#CurrListeningAlcea\r\nDark Light (\u9ed2\u3044\u30e9\u30a4\u30c8, Kuroi Raito) - #DeathNote OST II\r\nhttps:\/\/www.youtube.com\/watch?v=xaJnPv18r70\r\n#repost \u2022acws #acws",
            "hashtags": "CurrListeningAlcea, DeathNote, repost, acws"
        }
    },
    {
        "20250904": {
            "value": "Had to write a lil #filter #function for the #shorthand #emoji lister\r\nhttps:\/\/alceawis.de\/other\/extra\/scripts\/fakesocialmedia\/lastshorthands.html?emojiinstancefilter=https:\/\/alceawis.de\/other\/extra\/fetchdata\/2024-03-07-FediTools\/2025-08-17-EmojiDownloader\/mas.to.txt\r\n\r\nCause if I wanna post elsewhere they just don't have all of em *sob*\r\n#CodeAlcea\r\n#repost \u2022acws #acws",
            "hashtags": "filter, function, shorthand, emoji, CodeAlcea, repost, acws"
        }
    },
    {
        "20250904": {
            "value": "#Repost (well.. Somehow this cached the video)\r\n\r\nLets quote myself\r\n\ud809\udc2b\r\n\"Student and #expert #hacker\"\r\n\r\n#Rewatching this show is always an experience*.\r\nEven tho I only like Near n Misa\r\n#DeathNote\r\n\r\n(Also this show is so pretty.\r\nThey don't animate like that nowadays anymore)\r\n\r\n*Depressing\r\n#AnimuAlcea\r\n- https:\/\/woof.tech\/@ao@yusaao.com\/113906863180825878\r\n\ud809\udc2b\r\n\r\nLovely. :RedCrystalHeart: \r\nSometimes Fedi actually positively impresses me.\r\n\r\nCaches\r\nVideo\r\n:Hyper:\r\n#repost \u2022acws #acws",
            "hashtags": "Repost, expert, hacker, Rewatching, DeathNote, AnimuAlcea, repost, acws"
        }
    },
    {
        "20250904": {
            "value": "#CurrListeningAlcea\r\n~Escarlata ~ - Charm\r\nhttps:\/\/music.apple.com\/cl\/song\/escarlata-del-anime-ayashi-no-ceres\/1488868755\r\n\r\nhttps:\/\/www.youtube.com\/watch?v=-1wWBNMceTc\r\n#repost \u2022acws #acws #FavsAlcea",
            "hashtags": "CurrListeningAlcea, repost, acws, FavsAlcea"
        }
    },
    {
        "20250904": {
            "value": "This from #Twitter \/ #X I don't miss:\r\n\r\nSeeing a \"-2\" #postcount #limit \r\n\r\nLike, let me poooost !!! :Wah: \r\nhttps:\/\/ibb.co\/7dRy7pSP\r\nhttps:\/\/i.ibb.co\/mVXzQyRk\/bafkreif7yqwi2xbmmdg4xc6bb25a646c7zmnmarjynjsvisqhi7vsby6fa.jpg\r\n#repost \u2022acws #acws",
            "hashtags": "Twitter, X, postcount, limit, repost, acws"
        }
    },
    {
        "20250904": {
            "value": "#CurrListeningAlcea\r\nMisa Theme A - #DeathNote OST II\r\n( #HidekiTaniuchi )\r\nhttps:\/\/www.youtube.com\/watch?v=NJOVuPR0Sb4\r\n#repost \u2022acws #acws",
            "hashtags": "CurrListeningAlcea, DeathNote, HidekiTaniuchi, repost, acws"
        }
    },
    {
        "20250904": {
            "value": "Funny...\r\n\r\n#Mastodon <a target=\"_blank\" href=\"https:\/\/alceawis.de\/other\/extra\/scripts\/fakesocialmedia\/commentload.html?number=8000&text=%23mastodon%20has%20%23shorthand%20%23emoji%20limit%20of\" style=color:blue>limits<\/a> shorthand #emoji rendering to like 100-250kb\r\n\r\nSeems like this is a game with noone telling you rules.\r\n:Alcea_Not_Amused_for_real: \r\n\r\n#OhNo #Fediverse\r\n<hr>\r\n#Misskey #Firefish #Akkoma etc will all render it fine ofc...\r\n#repost \u2022acws #acws",
            "hashtags": "Mastodon, emoji, OhNo, Fediverse, Misskey, Firefish, Akkoma, repost, acws"
        }
    },
    {
        "20250904": {
            "value": "Gee #Light\r\n\r\nMaybe try turning around :PopClutz: \r\n(I want that icecream it looks :MikoYum: !)\r\n#DeathNote #AnimuAlcea\r\n#repost \u2022acws #acws\r\n\r\nhttps:\/\/web.archive.org\/web\/20250904191053\/https:\/\/alceawis.com\/uploads\/b2ae9aa418ca962565ffb4cf09f9c601c48da663b0fdd671a873ce8013772ea0.mp4",
            "hashtags": "Light, DeathNote, AnimuAlcea, repost, acws"
        }
    },
    {
        "20250904": {
            "value": ":crazylaugh: \r\n#nice",
            "hashtags": "nice"
        }
    },
    {
        "20250904": {
            "value": "\ud809\udc2bWell #YouTube can't have competition because hosting videos is inordinately expensive\ud809\udc2b\r\nhttps:\/\/m.youtube.com\/watch?v=cpVnx4_yqTo",
            "hashtags": "YouTube"
        }
    },
    {
        "20250903": {
            "value": "#mastodon has #shorthand #emoji limit of 50kb ??\r\n\r\nW\r\nT\r\nF\r\n\r\nI'm already so done with #Fedi\r\nbut wtf?\r\n\r\nSo this is why :acwscuddly: won't render on Fedi ???\r\n=> 2025-08-04\r\nYup ! Resized https:\/\/media.mas.to\/cache\/custom_emojis\/images\/000\/831\/826\/original\/b128404e404f89a3.gif and now it caches and loads fine on #mastodon.\r\nSo #emojicneed tombe below say 100kb\r\n:ShokaPathetic: \r\nhttps:\/\/github.com\/mastodon\/mastodon\/issues\/18452\r\n\r\n<hr>\r\nWould explain why\r\n:KamikazeKaitouJeanneJP: (58kb) does render on #Fedi\r\n\r\nBut\r\n:KamikazeKaitouJeanne: (257kb) only does display as &#58;KamikazeKaitouJeanne&#58;\r\n\r\nWhat a joke\r\n#WTFFedi",
            "hashtags": "mastodon, shorthand, emoji, Fedi, Fedi, 58, 58, WTFFedi"
        }
    },
    {
        "20250903": {
            "value": ":acwscuddly:\r\n\r\n\r\n#DoodlesAlcea\r\nhttps:\/\/www.pixiv.net\/en\/artworks\/134688764",
            "hashtags": "DoodlesAlcea"
        }
    },
    {
        "20250903": {
            "value": "If you see #ai generated ... #images suchas this\r\nhttps:\/\/www.pixiv net\/en\/artworks\/134167180\r\n\r\nYou realize..\r\n\r\nWow there is no point in drawing much..\r\nAI can even copy your artstyle\r\n\r\nI'll keep drawing #Yusaao but otherwise ?\r\nNah.",
            "hashtags": "ai, images, Yusaao"
        }
    },
    {
        "20250903": {
            "value": "#IRC #InternetRelayChat\r\nhttps:\/\/m.youtube.com\/watch?v=6UbKenFipjo\r\n\r\n :fast: would love it",
            "hashtags": "IRC, InternetRelayChat"
        }
    },
    {
        "20250903": {
            "value": "\ud809\udc2bwell obviously their telemetry isn't showing anything! it's kinda hard to send any telemetry from a pc without a C-drive\r\n<hr>\r\n@a.yashwanth\r\nIt's ridiculous how a youtuber knows better ways to diagnose about a widespread system failure than a multi trillion dollar company who created software that supposedly causing that failure. Either the engineers at Microsoft are running a clown show or the higher level management is trying to shift blame into someone else.\ud809\udc2b\r\n#windows\r\nhttps:\/\/m.youtube.com\/watch?v=EIoBvKtZFGU",
            "hashtags": "windows"
        }
    },
    {
        "20250903": {
            "value": "\ud809\udc2bBe careful coming on this subreddit and speaking the sacrilege that BN4 is actually way better than people on the subreddit say it is. And don't you dare tell them that all the issues they have with the game are even worse in their true favorite BN3. Lmao.\r\n\r\nAnyway, much agreed. BN4 is so amazing!\ud809\udc2b\r\n\r\nAnd it only took em like 21 years to come around\r\n#mmbn4 \/ #exe4 is life\r\nhttps:\/\/www.reddit.com\/r\/BattleNetwork\/comments\/1n0sn69\/i_beat_bn4_blue_moon_and_am_playing_red_sun_now\/",
            "hashtags": "mmbn4, exe4"
        }
    },
    {
        "20250903": {
            "value": "\ud809\udc2bI partially disagree. Sometimes just adding a HOPT can remove otherwise unremovable cards from the banlist and still serve a purpose. Firewall Dragon is a good example.\r\n\r\nThe nerf isn't as intrusive because it still functions fundamentally the same way, and would've never been able to come off the banlist otherwise.\r\n\r\nBut I think that what they did to DMoC and CED was a tragedy.\r\n<hr>\r\n\r\nu\/phillips_99\r\nYou can add Goyo Guardian to that list.\r\nI'm OK with erratas that \"fix\" the card, that is, when they fix some oversight to make the card work as intended (HOPT usually falls into that category). I'm against erratas that change how the card actually is supposed to work, for that is better to just print a retrained version.\ud809\udc2b\r\n#Errata #yugioh\r\nhttps:\/\/www.reddit.com\/r\/yugioh\/comments\/1n4w5ou\/would_preerratum_crush_card_virus_be_fine_nowadays\/",
            "hashtags": "Errata, yugioh"
        }
    },
    {
        "20250903": {
            "value": "Yu-Gi-Oh! World Championship 2025 - President Emmanuel Macron Introduction\r\nhttps:\/\/m.youtube.com\/watch?v=gZo9WqOL3Cs&embeds_referring_euri=https%3A%2F%2Fwww.reddit.com%2F\r\n#yugioh #france #wcs",
            "hashtags": "yugioh, france, wcs"
        }
    },
    {
        "20250903": {
            "value": "Oh yes\r\n#Yusaku \ud83e\ude77\r\nhttps:\/\/ibb.co\/hxrpJRgc\r\nhttps:\/\/i.ibb.co\/Ngfwd6Fr\/Screenshot-20250903-185522-Brave.png\r\nhttps:\/\/www.reddit.com\/r\/yugioh\/comments\/1n2207q\/what_duel_did_you_enjoy_that_had_overwhelming\/",
            "hashtags": "Yusaku"
        }
    },
    {
        "20250903": {
            "value": "\ud809\udc2bKaiba in episode 75 of the anime after joey used \"HINOTAMA\" ,his first damage spell:\r\nWhat ? Spell cards that strike the opponent directly are forbidden in this tournament\ud809\udc2b\r\nhttps:\/\/www.reddit.com\/r\/yugioh\/comments\/1n2w3mf\/was_revival_jam_one_of_the_most_broken_monsters\/\r\n#yugioh\r\n",
            "hashtags": "yugioh"
        }
    },
    {
        "20250903": {
            "value": "\ud809\udc2b1.) Harassment. There is a group of people where, if they hate an archetype, they will send death threats and attacks on the people involved, even the artists, if we knew who they were.\r\n\r\n2.) No controversies. MTG has a famous artist that does a bunch of their cards. Turns out they were outted as a nz and disgusting person, so now they can not reprint any of those cards outside of changing the art entirely. Konami doesn't have to deal with that.\r\n\r\n3.) They want Konami to be the one you associate with it. If you love this archetype's art, its \"Konami did great here\" \"Konami did a great job designing this archetype\" etc.\ud809\udc2b\r\n#yugioh #ygo\r\nhttps:\/\/www.reddit.com\/r\/yugioh\/comments\/1k2k7fy\/why_konami_doesnt_credit_there_artists_and\/",
            "hashtags": "yugioh, ygo"
        }
    },
    {
        "20250903": {
            "value": "\ud809\udc2bDo you have to physically send the card into the #future or does the opponent just have to agree to the idea of time travel?\ud809\udc2b\r\nhttps:\/\/www.reddit.com\/r\/customyugioh\/comments\/1kcahd6\/what_did_konami_mean_by_this\/",
            "hashtags": "future"
        }
    },
    {
        "20250903": {
            "value": "\ud809\udc2bWe are no #AI experts\r\nOur fasns can create it for us\ud809\udc2b\r\n:roflcrazylaugh: \r\nhttps:\/\/www.reddit.com\/r\/yugioh\/comments\/1b3orj2\/konami_says_they_are_not_experts_in_ai_and_want\/\r\n#Konami",
            "hashtags": "AI, Konami"
        }
    },
    {
        "20250903": {
            "value": "#yugioh battle against #yourself \/ your #ai\r\nhttps:\/\/github.com\/sbl1996\/ygo-agent?tab=readme-ov-file#play-against-the-agent",
            "hashtags": "yugioh, yourself, ai, play"
        }
    },
    {
        "20250903": {
            "value": "\ud809\udc2bOn top of that, we actually had to go to different websites made by fans and look for data there, because we know you guys do such a good job of keeping all of that up to date\ud809\udc2b\r\n\r\n#SquareEnix in a nutshell\r\nhttps:\/\/www.nintendolife.com\/news\/2025\/09\/final-fantasy-tactics-devs-had-to-lean-on-fans-to-recover-original-source-code",
            "hashtags": "SquareEnix"
        }
    },
    {
        "20250903": {
            "value": "\ud809\udc2bcauses small white spots on the skin?\r\nYou may experience white spots on your skin due to health conditions, diseases, and skin disorders. Causes include:\r\n\r\ntinea versicolor\r\neczema (atopic dermatitis)\r\nvitiligo\r\nidiopathic guttate hypomelanosis (sun spots)\r\npityriasis alba\r\nlichen sclerosus\r\nmilia\r\nmorphea\r\n\ud809\udc2b\r\n#hands\r\nhttps:\/\/www.healthline.com\/health\/skin-disorders\/white-spots-on-skin#causes",
            "hashtags": "hands, causes"
        }
    },
    {
        "20250902": {
            "value": "How to hostblock via <a target=\"_blank\" href=\"https:\/\/dns66.de.uptodown.com\/android\" style=color:blue>dns66<\/a> and still allow some #apps\r\n(palapaWebserver #Tasker ) to access without restriction )\r\n\r\nEven works unrooted.\r\n\r\n#Cool ! :AlceaCatDealWithIt: \r\n#StuffAlcea #hosts\r\nhttps:\/\/ibb.co\/1fsp9Ldc\r\nhttps:\/\/i.ibb.co\/RphMC9B8\/joined-image.png\r\n\r\n(I uploaded the host file to alceawis.de just for simplicity )",
            "hashtags": "apps, Tasker, Cool, StuffAlcea, hosts"
        }
    },
    {
        "20250902": {
            "value": "Maybe stop using #akkoma n #Fediverse for some time ...\r\nhttps:\/\/ibb.co\/YFYvyppg\r\nhttps:\/\/i.ibb.co\/C3NxMhhL\/Screenshot-20250902-205633-Brave.png\r\n\r\n\ud809\udc2b\r\nUser account found, but the specific post could not be resolved.\r\nAvatar\r\nNightlySilence\/Jasmin\r\n@nightlysilence@sueden.social\r\nStill trying to figure out my way in life. Cis gender (she\/her) and bi. In my early 30ies, tired, en...\r\n<hr>\r\n\ud809\udc2b",
            "hashtags": "akkoma, Fediverse"
        }
    },
    {
        "20250902": {
            "value": "Looks like https:\/\/alceawis.com\/api\/v1\/statuses\/AxntG05F5fMxdCt0wC is the #Akkoma internal #statuses #api",
            "hashtags": "Akkoma, statuses, api"
        }
    },
    {
        "20250902": {
            "value": "#Current #Mood \r\n~Zetsubou~\r\nhttps:\/\/m.soundcloud.com\/kinokuma\/33-zetsubou?in=kinokuma%2Fsets%2Fkamikaze-kaitou-jeanne-phantom-thief-jeanne-official-ost-disc-1\r\n\r\n#KamikazeKaitouJeanne\r\n#repost \u2022acws #acws\r\n\r\n*Blobcat: Resolves <a target=\"_blank\" href=\"https:\/\/alceawis.com\/notice\/AxntG05F5fMxdCt0wC\" style=color:green>fine<\/a>\r\n*ACWS: <a target=\"_blank\" href=\"\/other\/extra\/scripts\/fakesocialmedia\/commentload.html?number=8000&text=%40Gargron%40mastodon.social%20%40rolle%40mementom\" style=color:red>FAIL<\/a>\r\n\r\nBoth #Akkoma\r\nWat.",
            "hashtags": "Current, Mood, KamikazeKaitouJeanne, repost, acws, Akkoma"
        }
    },
    {
        "20250902": {
            "value": "Only been on #Fedi again for like what 2 months\r\n..\r\n\r\nAnd already <a target=\"_blank\" href=\"https:\/\/bsky.app\/profile\/alceawisteria.bsky.social\/post\/3lxunycqpks24#https:\/\/alceawis.com\/notice\/AxnogZP9tEjOw83Hjk\" style=color:blue>loosing<\/a> #faith .\r\nCan't resolve a post to your home #instance\r\n\r\nNo info given\r\n(Can follow said user and view their profile easily)\r\n\r\n#SadCea\r\n\r\n#repost \u2022acws #acws",
            "hashtags": "Fedi, https, faith, instance, SadCea, repost, acws"
        }
    }
]