[
    {
        "20241124": {
            "value": "#bowlroll wants to delete my stuff ?\r\n\r\nFine, time for another #blog #article\r\nhttps:\/\/alcea-wisteria.de\/blog\/2024\/11\/when-stuff-is-gone-aka-dont-trust-the-internet-to-keep-your-data-safe\r\n\r\n#jsfiddle was already bad enough like 12 months ago or so.\r\n\r\nThe #internet sucks.\r\nAnd #foreign sites are especially bad.\r\nJust like #youtube .\r\n#blergh\r\n\r\nhttps:\/\/alceawis.de\/modelsminedownload",
            "hashtags": "bowlroll, blog, article, jsfiddle, internet, foreign, youtube, blergh"
        }
    },
    {
        "20241124": {
            "value": "All 30 models I uploaded to #bowlroll were #deleted ...\r\nNo reason given\r\n\r\nhttps:\/\/bowlroll.net\/file\/326673\r\n\r\nFunny.\r\n\r\nNot sure where I shall stash em then...",
            "hashtags": "bowlroll, deleted"
        }
    },
    {
        "20241124": {
            "value": "#CreamTheRabbit = Chaos:)\r\nyoutube com\/watch?v=9XmlV0aWOkM\r\nhttps:\/\/ibb.co\/h2jQmc8\r\nhttps:\/\/i.ibb.co\/MP4wCfN\/Screenshot-2024-11-24-16-23-17.jpg",
            "hashtags": "CreamTheRabbit"
        }
    },
    {
        "20241124": {
            "value": "Add #bone #morph via #transform #view in pxme:\r\nytb.com\/watch?v=ZBFi_yrk5j0\r\n\r\nhttps:\/\/ibb.co\/kH2th6x\r\nhttps:\/\/i.ibb.co\/4mRHjg7\/Screenshot-2024-11-24-15-43-46.jpg\r\n\r\nEDIT -> Add Bone Morph (M)\r\n\r\n(in Transform View when having the change applied)\r\n#mikumikudance #mmd #facerig\r\n",
            "hashtags": "bone, morph, transform, view, mikumikudance, mmd, facerig"
        }
    },
    {
        "20241124": {
            "value": "Dear LORD.\r\n#PMXE suddenly started throwing\r\nd3derr_invalidcall: invalid call(-2005530516) pmxe\r\n\r\nonly https:\/\/archive.org\/details\/pmx-editor-english-v.20\r\n\r\nworks anymore \r\n\r\nW\r\nT\r\nF ???\r\n\r\n",
            "hashtags": "PMXE"
        }
    },
    {
        "20241124": {
            "value": "Even unity sucks at pmx2vrm ..\r\n\r\nwtf.\r\nhttps:\/\/ibb.co\/QJ9WyWB\r\nhttps:\/\/i.ibb.co\/tHB0V0f\/Screenshot-2024-11-24-13-38-30.jpg"
        }
    },
    {
        "20241124": {
            "value": "\"2000_mat_chr0002_flow_ON_m_02 (Instance)\" needs to enable \"VRM MToon Material\" or connect Principled BSDF\/MToon_unversioned\/TRANSPARENT_ZWRITE to \"Surface\" directly. Empty material will be exported. https:\/\/www.reddit.com\/r\/VRoid\/comments\/l58yxu\/exporting_custom_vroids_from_blender\/\r\n\r\n(Not that #blender exports #pmx to #vrm any better than #modelconv..\r\nonly pmx2vrm and #dssc can halfway do it...)",
            "hashtags": "blender, pmx, vrm, modelconv, dssc"
        }
    },
    {
        "20241124": {
            "value": "Seems like even #MATERIALS can be weighted ...\r\ncausing em to go astray in motion.\r\n\r\nInitialize em via EDIT -> WEIGHT -> Initialize Selection (J).\r\n\r\nThen add bones, weight paint to the material and parent to where to keep it (in this case: the neck bone, cause it was the eyes)\r\n\r\n#mikumikudance #mmd\r\n\r\nhttps:\/\/ibb.co\/fpSWpYz\r\nhttps:\/\/i.ibb.co\/SnxgnX4\/Screenshot-2024-11-24-11-51-06.jpg",
            "hashtags": "MATERIALS, mikumikudance, mmd"
        }
    },
    {
        "20241124": {
            "value": "Turns out #videogame #models have #morphs already !\r\nJust keep the #face and #head bones (or port tem over to a prerigged body) and rename to \r\n\u304a, \u3048, \u3046, \u3044, \u3042 and \u982d\r\n\r\n#sari 's #renatis model also has morphs for blinking.\r\n(I might have to re-weightpaint the eyes, but I'm lazy.\r\n\r\nCool ! No stupid face rigging or manually making morphs.\r\n\r\nhttps:\/\/ibb.co\/4M5xsKH\r\nhttps:\/\/i.ibb.co\/7V6Fgjq\/Screenshot-2024-11-24-09-28-07.jpg\r\n#mikumikudance #mmd",
            "hashtags": "videogame, models, morphs, face, head, sari, renatis, mikumikudance, mmd"
        }
    },
    {
        "20241124": {
            "value": "Via https:\/\/play.google.com\/store\/apps\/details?id=com.anrapps.disableapps&hl=de and https:\/\/play.google.com\/store\/apps\/details?id=moe.shizuku.privileged.api you can disable userapps on non rooted android phones via \\wireless adb\\ loopback (enter coupling code)\r\n#android #freeze #app #noroot",
            "hashtags": "android, freeze, app, noroot"
        }
    },
    {
        "20241124": {
            "value": "Blender 4.0 Facial Animation with NO RIGGING! https:\/\/www.youtube.com\/watch?v=1Is3oUvHwdM"
        }
    },
    {
        "20241123": {
            "value": "\u3010MMD\u3011\u30df\u30af\u3055\u3093\u53ec\u559a 1080P\u9ad8\u753b\u8cea\u7248 https:\/\/m.youtube.com\/watch?v=bvPlLpH15Uw&t=22s&pp=2AEWkAIB\r\nhttps:\/\/forum.reallusion.com\/190034\/Forum52.aspx\r\n#mmd #mikumikudance",
            "hashtags": "mmd, mikumikudance"
        }
    },
    {
        "20241122": {
            "value": "All Link: The Faces of Evil Cutscenes https:\/\/m.youtube.com\/watch?v=Y4SLjLen7-c&list=FLSTM-t7LjSGfdCikYCqJucw&index=35\r\n#tloz #maboi \ud83e\udd23",
            "hashtags": "tloz, maboi"
        }
    },
    {
        "20241122": {
            "value": "#blender #facerig #addon\r\naHR0cHM6Ly93d3cuZG93bmxvYWRwaXJhdGUuY29tL2ZhY2VpdC12Mi0yLTE2LWZvci1ibGVuZGVyLWZ1bGwtdmVyc2lvbi1mcmVlLWRvd25sb2FkLyNodHRwczovL3BpeGVsZHJhaW4uY29tL3UvdlE1UDhCajk=\r\nhttps:\/\/blendermarket.com\/products\/faceflex",
            "hashtags": "blender, facerig, addon"
        }
    },
    {
        "20241121": {
            "value": "Anfang 30 bis Mitte 40 sind die Jahre im Leben wo man am meisten  dein Lebensstill sieht. Tabak und Alkohol usw. zeigen dort schon warum sie schlecht f\u00fcr den K\u00f6rper sind. Ju und Knossi sind das perfekte Beispiel daf\u00fcr. https:\/\/m.youtube.com\/watch?v=xovAed-48NI&list=PLE83MHs60TCD1DblygHAQicCXEKSsjbH_&index=7&pp=iAQB8AUB"
        }
    },
    {
        "20241121": {
            "value": "#CurrListeningAlcea \r\nBarricades - AoT #HiroyukiSawano \r\nhttps:\/\/m.youtube.com\/watch?v=BXsjKvdEae4",
            "hashtags": "CurrListeningAlcea, HiroyukiSawano"
        }
    },
    {
        "20241121": {
            "value": "01 Witch Craft Works Main Theme - Witch Craft Works https:\/\/m.youtube.com\/watch?v=V2e7cbBeCn8&list=PLdr62Q_-hJrWQUa_bDUAi0_-Y4ODp-p9p&index=1&pp=iAQB8AUB\r\n\"#Walpurgisnacht\"",
            "hashtags": "Walpurgisnacht"
        }
    },
    {
        "20241120": {
            "value": "QuickFix MMD Legs IK FK etc problems https:\/\/m.youtube.com\/watch?v=8yB3yKOuHfQ\r\n#mmd #mikumikudance",
            "hashtags": "mmd, mikumikudance"
        }
    },
    {
        "20241119": {
            "value": "#khii and 358\\2 being cream of the crop !\r\nhttps:\/\/m.youtube.com\/watch?v=2pWSPxj6OFI",
            "hashtags": "khii"
        }
    },
    {
        "20241119": {
            "value": "Kingdom Hearts Birth by Sleep - The Mysterious Figure experience! 85.763 Aufrufe \u00b7 vor 6 Jahren...mehr https:\/\/m.youtube.com\/watch?v=RWRhSVLprzw&pp=ygUbSG9ub3JhYmxlIG15c3RlcmlvdXMgZmlndXJl"
        }
    },
    {
        "20241119": {
            "value": "Kingdom Hearts 3 - Playable MYSTERIOUS FIGURE vs. Terra (MOD) https:\/\/m.youtube.com\/watch?v=RHjc6nQBOcM&pp=ygUUVnMgbXlzdGVyaW91cyBmaWd1cmU%3D"
        }
    },
    {
        "20241119": {
            "value": "https:\/\/p3d.in\/DY1Kg\r\n\r\nA #3d #display #site hmmm...",
            "hashtags": "3d, display, site"
        }
    },
    {
        "20241119": {
            "value": "Modded #semi standart #bones plugin\r\n=> fix leg n feet issues in #mmd \/ #mikumikudance ?\r\nhttps:\/\/bowlroll.net\/file\/310025\r\nhttps:\/\/www.deviantart.com\/johnwithlenon\/art\/Modded-version-of-SemiStandardBones-plugin-997205702",
            "hashtags": "semi, bones, mmd, mikumikudance"
        }
    },
    {
        "20241118": {
            "value": "What your .. #laptop says about you ?!!\r\nhttps:\/\/m.youtube.com\/watch?v=StQkop9YI0o&pp=ygUfV2hhdCB5b3VyIGxhcHJvcCBzYXlzIGFib3V0IHlvdQ%3D%3D",
            "hashtags": "laptop"
        }
    },
    {
        "20241118": {
            "value": "Newest venture:\r\n#Fix #leg #ik and other #errors in my #mmd #models with just donor #legs\r\n\r\n\r\nThe distribution will scuff the final model's proportions tho.\r\nLuckily only the leg and bottom part.\r\nThe dresses and stuff upwards are so hard to fix.\r\nI can't even...\r\n\u2e1c(\uff61\u02c3 \u1d55 \u02c2 )\u2e1d\r\n\r\nfix pmx: https:\/\/ry3yr.github.io\/fixboneerrors_legs.pmx\r\n\r\n#mikumikudance #pmxdressup\r\n\r\nhttps:\/\/ibb.co\/whRr9vk\r\nhttps:\/\/i.ibb.co\/RT94x5F\/fix-legs-mismatch-bonedistribution.png\r\n\r\n\r\nhttps:\/\/www.youtube.com\/watch?v=iYMyse3V8XE",
            "hashtags": "Fix, leg, ik, errors, mmd, models, legs, mikumikudance, pmxdressup"
        }
    },
    {
        "20241118": {
            "value": "Turns out \r\nC:\\MMD\\MikuMikuDancE\\PmxEditor English V.20\\PmxEditor_0254f_EN - 2.0\\_data\\_IKLimit.txt\r\n\r\n\u5de6\u3072\u3056,-180.0,-0.5,0.0,0.0,0.0,0.0\r\n\u53f3\u3072\u3056,-180.0,-0.5,0.0,0.0,0.0,0.0\r\n\r\nto actually properly limit feet IK !\r\nhttps:\/\/www.deviantart.com\/trackdancer\/art\/MMD-Tutorial-Derpy-IK-Legs-Perma-Fix-614110765\r\n#mikumikudance #mmd #fix",
            "hashtags": "mikumikudance, mmd, fix"
        }
    },
    {
        "20241117": {
            "value": "#CurrListeningAlcea\r\n* Secrets of the Night - #KingdomHearts III\r\n( #YokoShimomura )\r\nhttps:\/\/m.youtube.com\/watch?v=PkskgZNTx0s",
            "hashtags": "CurrListeningAlcea, KingdomHearts, YokoShimomura"
        }
    },
    {
        "20241117": {
            "value": "When the latest model you worked on is so #pretty :Birdy_Aww: that you just can't\r\n\r\nOnly morphs left then I can rig whastever I want hihi\r\n\r\nGod. So dreamy !\r\nhttps:\/\/hub.vroid.com\/en\/characters\/6714640302738964264\/models\/8058858344342254263\r\n\r\n#ModelsCea\r\nhttps:\/\/ibb.co\/YRr8Gss\r\nhttps:\/\/i.ibb.co\/dWh6yYY\/Download.png\r\n",
            "hashtags": "pretty, ModelsCea"
        }
    },
    {
        "20241117": {
            "value": "#pawn to #queen\r\nhttps:\/\/m.youtube.com\/watch?v=CSOnnle3zbA",
            "hashtags": "pawn, queen"
        }
    },
    {
        "20241117": {
            "value": "A #khiii #sephiroth mod !\r\nhttps:\/\/m.youtube.com\/watch?v=OMjI75pdz2U",
            "hashtags": "khiii, sephiroth"
        }
    },
    {
        "20241117": {
            "value": "#mikumiku #rig ?!\r\nhttps:\/\/github.com\/LaoBro\/Miku_Miku_Rig#https:\/\/www.reddit.com\/r\/mikumikudance\/?rdt=55788",
            "hashtags": "mikumiku, rig, https"
        }
    },
    {
        "20241117": {
            "value": "fix #ik #bones flapping error\r\nhttps:\/\/www.youtube.com\/watch?v=DAmErrFWD2E\r\n\r\n(Altho reynatis sari has the same settings as #yozora and here legs and feet \/don't\/ flap.\r\nWeird !\r\n\r\n\r\nhttps:\/\/ibb.co\/LQp86Bm\r\nhttps:\/\/i.ibb.co\/7gyXVBP\/Screenshot-2024-11-17-05-27-27.jpg\r\n\r\n#mikumikudance #mmd #rig",
            "hashtags": "ik, bones, yozora, mikumikudance, mmd, rig"
        }
    },
    {
        "20241117": {
            "value": "hmm is this the #mixamo #offline I always wanted ?\r\nhttps:\/\/github.com\/whitealex95\/autorigging-bipedal",
            "hashtags": "mixamo, offline"
        }
    },
    {
        "20241117": {
            "value": "#iclone \r\naHR0cHM6Ly9waXhlbGRyYWluLmNvbS91L0g2d3lIVlFq\r\n\r\n(maybe I can use the rig files from accurig somehow.\r\n#unity is not good with em.\r\nEven #blender with fbx2vrm 200k kinda fails at arms)",
            "hashtags": "iclone, unity, blender"
        }
    },
    {
        "20241116": {
            "value": "Wrote a lil note to https:\/\/kamonohasiwatasi.booth.pm\/ about fbx2vrm. \r\nMaybe they can #imporove it further ?\r\nHello, I had some issues with your fbx2vrm,\r\nso I made a few changes:\r\nhttps:\/\/pastebin.com\/raw\/UH60xJ8n\r\nhttps:\/\/youtu.be\/FIzhW0AQnRM\r\n\r\nI am not sure if I broke something, but at least it now exports in blender 3.6 (?).\r\n\r\nThanks !\r\n\r\n----------\r\n\r\n\u3053\u3093\u306b\u3061\u306f\u3001\u79c1\u306f\u3042\u306a\u305f\u306efbx2vrm\u306b\u3044\u304f\u3064\u304b\u306e\u554f\u984c\u304c\u3042\u308a\u307e\u3057\u305f\u3001\r\n\u305d\u308c\u3067\u3001\u5c11\u3057\u5909\u66f4\u3092\u52a0\u3048\u307e\u3057\u305f\uff1a\r\nhttps:\/\/pastebin.com\/raw\/UH60xJ8n\r\nhttps:\/\/youtu.be\/FIzhW0AQnRM\r\n\r\n\u79c1\u304c\u4f55\u304b\u3092\u58ca\u3057\u305f\u304b\u3069\u3046\u304b\u306f\u5206\u304b\u308a\u307e\u305b\u3093\u304c\u3001\u5c11\u306a\u304f\u3068\u3082blender 3.6(?)\u3067\u30a8\u30af\u30b9\u30dd\u30fc\u30c8\u3067\u304d\u308b\u3088\u3046\u306b\u306a\u308a\u307e\u3057\u305f\u3002\r\n\r\n\u3042\u308a\u304c\u3068\u3046\u3054\u3056\u3044\u307e\u3059\uff01\r\n\r\n----------\r\n\r\nhttps:\/\/booth.pm\/ja\/items\/4656387 #vrm #export from #fbx #accurig #rigging",
            "hashtags": "imporove, vrm, export, fbx, accurig, rigging"
        }
    },
    {
        "20241116": {
            "value": "BTS try not to laugh 99.99% fail   https:\/\/www.youtube.com\/watch?v=JLsb_e7ixG8"
        }
    },
    {
        "20241116": {
            "value": "#Steamdeck in a shellnut\r\n\"As a long time gaming umpc aficionado I can confirm that the main use is installing games and then never playing them. Just knowing you can theoretically play them on the go is the joy.\" https:\/\/m.youtube.com\/watch?v=RX51e45oWPA",
            "hashtags": "Steamdeck"
        }
    },
    {
        "20241116": {
            "value": "Gegen polizeiliche Strafverfolgungsma\u00dfnahmen ist gem\u00e4\u00df \u00a7 163 StPO eine Aufsichtsbeschwerde zul\u00e4ssig. Dabei wendet sich eine Sachaufsichtsbeschwerde gegen eine Ma\u00dfnahme (etwa gegen eine Beschlagnahme oder Durchsuchung); sie ist an die Staatsanwaltschaft zu richten. Die Dienstaufsichtsbeschwerde r\u00fcgt das Verhalten (etwa mutwillige Besch\u00e4digungen bei einer Durchsuchung), hier\u00fcber entscheidet der Dienstvorgesetzte des Polizeibeamten (Polizeipr\u00e4sident). https:\/\/de.m.wikipedia.org\/wiki\/Dienstaufsichtsbeschwerde\r\n\r\n#Police #Polizei",
            "hashtags": "Police, Polizei"
        }
    },
    {
        "20241116": {
            "value": "Have your #cake and #eat it too. #wtf Deine Frau hat sich neu verliebt, weil das Gras dr\u00fcben gr\u00fcner ist und die Aufmerksamkeit guttut etc. und nat\u00fcrlich ist sie nicht willens, daf\u00fcr euer Leben aufzugeben.https:\/\/www.reddit.com\/r\/beziehungen\/comments\/1gqhrnj\/ehefrau_hat_gef\u00fchle_f\u00fcr_einen_anderen_was_nun\/\r\n\r\nPpl are lame",
            "hashtags": "cake, eat, wtf"
        }
    },
    {
        "20241116": {
            "value": ":crazylaugh: \r\nDieses oben genannte Hochgef\u00fchl hielt an, bis ich sah, dass meine Chefin meine Mails an sie #ausdruckte und mir handschriftlich darauf antwortete. https:\/\/www.reddit.com\/r\/arbeitsleben\/comments\/1gqioys\/in_probezeit_k\u00fcndigen_obwohl_ich_gebraucht_werde\/\r\n",
            "hashtags": "ausdruckte"
        }
    },
    {
        "20241116": {
            "value": "Ich pers\u00f6nlich bin nicht bereit auch nur einen Cent mehr an die KK zu bezahlen. Als Brillentr\u00e4ger wird mir die lebensnotwendige Brille nicht bezahlt, bei meinen Problemen mit dem Kiefergelenk wird mir gesagt, also das \u00fcbernimmt die Kasse nicht, sind ja schlie\u00dflich Zahnschmerzen... Und dann auch noch den Beitrag erh\u00f6hen? Bzw. mehr Einkommen in die Berechnung miteinbeziehen? Sehe ich nicht ein https:\/\/www.reddit.com\/r\/de\/comments\/xlt1mh\/finanzloch_der_krankenkassen_gutverdiener_geraten\/\r\n#Krankenkasse",
            "hashtags": "Krankenkasse"
        }
    },
    {
        "20241116": {
            "value": ":blobcatlaugh: \r\nWenn der Berater erst die Premium-Produkte vorstellt und man den gleichen Typen dann zuf\u00e4llig an der Tanke schufften sieht... Da k\u00f6nnte schon der Eindruck entstehen, das der AG seine Leute nicht gut behandelt. https:\/\/www.reddit.com\/r\/arbeitsleben\/comments\/1gq9hyo\/muss_meinen_nebenjob_k\u00fcndigen_weil_das_image\/"
        }
    },
    {
        "20241116": {
            "value": "\"Quit you again\" :crazylaugh: \r\nAufhebungsvertrag raus zu bekommen nach meiner K\u00fcndigung weil da werde ich ja nicht gesperrt f\u00fcr ALG1 (was nicht stimmt). Als ich den nicht unterschreiben wollte, hat sie versucht mich normal zu k\u00fcndigen zum 30.11 weil laut ihr die K\u00fcndigungsfrist k\u00fcrzer ist wie die die ich angegeben habe https:\/\/www.reddit.com\/r\/arbeitsleben\/comments\/1gr675w\/krankschreibung_wegen_mobbing\/\r\n\r\n#K\u00fcndigung #lustig #chef",
            "hashtags": "K, lustig, chef"
        }
    },
    {
        "20241114": {
            "value": "Ah yes #AnimalCrossing\r\n\r\nMy beloved.\r\nMuhahah\r\n\r\nhttps:\/\/m.youtube.com\/watch?v=p0ik_7Wiips",
            "hashtags": "AnimalCrossing"
        }
    },
    {
        "20241113": {
            "value": "#CurrListeningAlcea \r\nVon - Patterns ft. #EmiEvans \r\nhttps:\/\/m.youtube.com\/watch?v=AztZcoLdwNI",
            "hashtags": "CurrListeningAlcea, EmiEvans"
        }
    },
    {
        "20241113": {
            "value": "#FrenchMaid with #sword\r\nhttps:\/\/m.youtube.com\/watch?v=4Y4_Fc2R5tQ",
            "hashtags": "FrenchMaid, sword"
        }
    },
    {
        "20241113": {
            "value": "Ha ha !\r\nThis might be what I wanted all along.\r\n\r\nA #accurig (fbx) to #vrm rig #converter for #blender\r\nhttps:\/\/booth.pm\/ja\/items\/4656387",
            "hashtags": "accurig, vrm, converter, blender"
        }
    },
    {
        "20241113": {
            "value": "#Replace #string #pmxe tool\r\n https:\/\/bowlroll.net\/file\/212246",
            "hashtags": "Replace, string, pmxe"
        }
    },
    {
        "20241113": {
            "value": "https:\/\/www.news.viverse.com\/post\/what-is-phantom-sense-in-vr-the-neuroscience-of-virtual-sensations https:\/\/www.reddit.com\/r\/VRchat\/comments\/1gkfvze\/how_do_people_get_phantom_touch\/\r\n#phantomsense #phantomtouch",
            "hashtags": "phantomsense, phantomtouch"
        }
    },
    {
        "20241113": {
            "value": "#VRM To #Rigify Metarig https:\/\/github.com\/burhanloey\/vrm-to-rigify-metarig\r\n#blender #tool",
            "hashtags": "VRM, Rigify, blender, tool"
        }
    },
    {
        "20241113": {
            "value": "Add #shapekey to #unrigged model in #blender\r\n(#mouth)\r\nhttps:\/\/www.youtube.com\/watch?app=desktop&v=vKeORmnbqao&t=11m24s\r\n\r\n#RIGGING #MMD #mikumikudance #vrm\r\n\r\n",
            "hashtags": "shapekey, unrigged, blender, mouth, RIGGING, MMD, mikumikudance, vrm"
        }
    },
    {
        "20241113": {
            "value": "VRM\u306e\u8868\u60c5\u3092\u8907\u88fd\u300eCopy VRMExpressions\u300f https:\/\/booth.pm\/ja\/items\/2553784\r\n #VRM Fix\r\n https:\/\/booth.pm\/ja\/items\/5995366",
            "hashtags": "VRM"
        }
    },
    {
        "20241113": {
            "value": "#unity sucking\r\nhttps:\/\/www.reddit.com\/r\/Unity3D\/comments\/1g8zwoe\/screaming_into_the_void_about_unity_ui\/",
            "hashtags": "unity"
        }
    },
    {
        "20241112": {
            "value": "#Avatar #Merger\r\nhttps:\/\/booth.pm\/ja\/items\/2274344\r\n\r\n#vrm #vtubing #vroid",
            "hashtags": "Avatar, Merger, vrm, vtubing, vroid"
        }
    },
    {
        "20241112": {
            "value": "#booth #software\r\nhttps:\/\/booth.pm\/ja\/browse\/\u30bd\u30d5\u30c8\u30a6\u30a7\u30a2\r\n\r\n#vroid #vrm #pmx",
            "hashtags": "booth, software, vroid, vrm, pmx"
        }
    },
    {
        "20241112": {
            "value": "#iclone and #mmd \/ #mikumikudance\r\nhttps:\/\/web.archive.org\/web\/20200812042518\/http:\/\/hirospot.web.fc2.com\/Blender2iClone\/index.htm https:\/\/www.bilibili.com\/video\/BV1fxxSebEuh\/ https:\/\/forum.reallusion.com\/128258\/MikuMikuDance-anyone?PageIndex=7",
            "hashtags": "iclone, mmd, mikumikudance"
        }
    },
    {
        "20241112": {
            "value": "2d #vtubing #model\r\nhttps:\/\/www.youtube.com\/watch?app=desktop&v=vOgBk65k6yY",
            "hashtags": "vtubing, model"
        }
    },
    {
        "20241112": {
            "value": "#vroidplaypark #vrm to #pmx #vrm2pmx #export\r\n\r\nTurns out moving\r\n3000_N00_000_00_FaceEyeline_00_FACE (Instance)\r\n4000_N00_000_00_FaceBrow_00_FACE (Instance)\r\n\r\nto the TOP of the list will fix \/most\/ issues.\r\n(IF you have a white Background it will be barely visible)\r\n\r\nThank goodness.\r\nvroidplaypark out savior !\r\n#HappyCea\r\nhttps:\/\/www.youtube.com\/watch?v=N49ywhFjSyw",
            "hashtags": "vroidplaypark, vrm, pmx, vrm2pmx, export, HappyCea"
        }
    },
    {
        "20241112": {
            "value": "#CATS #Blender plugin for newer #Blender versions ?!\r\nhttps:\/\/github.com\/teamneoneko\/Cats-Blender-Plugin-Unofficial-\/releases\/download\/3.6.8.1\/Cats-Blender-Plugin-Unofficial3.6.8.1.zip%20https:\/\/github.com\/teamneoneko\/Cats-Blender-Plugin-Unofficial-\/releases",
            "hashtags": "CATS, Blender, Blender"
        }
    },
    {
        "20241112": {
            "value": "\ud83e\udee0 #storyofmylife\r\nWhy do ppl coddle me ?\r\nhttps:\/\/www.quora.com\/What-is-it-about-me-that-people-are-always-touching-me-People-will-touch-my-arm-my-shoulders-my-sides-my-back-even-my-hair-I-observe-if-they-do-it-to-others-but-usually-its-just-me-they-touch",
            "hashtags": "storyofmylife"
        }
    }
]