[
    {
        "20251217": {
            "value": "Well fine have it your way \"com.samsung.android.app.smartcapture\"\r\n\r\nI did not want you anyways........\r\n#SobbyCea\r\n\ud809\udc2bThe error you're encountering, \"Permission not a changeable permission type\", indicates that the permission com.sec.android.app.smartclipservice.permission.ACCESS_SMARTCLIP is a signature-level permission. This means it can only be granted by the system or other apps signed with the same certificate (like system apps), and it cannot be granted manually via ADB.\r\n\r\nThis kind of permission is typically used by system apps that have been signed by the manufacturer (in this case, Samsung), and user apps or processes cannot modify or assign these permissions directly.\r\n\r\nWhat Can Be Done?\r\n\r\nRoot Access Limitations:\r\n\r\nEven though you have root access, signature-level permissions (like ACCESS_SMARTCLIP) are generally out of reach for modification unless you modify the system image or work with a custom ROM.\ud809\udc2b\r\n\r\nhttps:\/\/ibb.co\/Cp3sGxX4\r\nhttps:\/\/i.ibb.co\/gbLFKsXQ\/joined-image.jpg\r\n\r\n#Android #dumpsys #activitymanager\r\n#repost \u2022acws #acws",
            "hashtags": "SobbyCea, Android, dumpsys, activitymanager, repost, acws"
        }
    },
    {
        "20251217": {
            "value": "that #android #powerconsumption checks out...\r\n\r\nhttps:\/\/ibb.co\/F4S5G9Jp\r\nhttps:\/\/i.ibb.co\/PG7cBR4k\/Screenshot-20251217-224056-Device-care.jpg\r\n\r\nI swear I just charged it to 85% 2 hours ago...\r\n\r\nHmmmm.....",
            "hashtags": "android, powerconsumption"
        }
    },
    {
        "20251217": {
            "value": "\ud83d\udcachttps&#58;\/\/infosec.exchange\/@ChickenPwny\/115736976374353752#\ud83d\udcac \r\n\u2022acws #acws\r\n\r\nIf I read the #bible I bet I'd have something witty to say\r\n#EnemiesToFriends or something.\r\nOr maybe #YourEnemiesEnemyMightBeYourFriend\r\n\r\nInstead here have #RandyNewman\r\nhttps&#58;\/\/m.youtube.com\/watch?v=0hG-2tQtdlE\r\n",
            "hashtags": "58, acws, bible, EnemiesToFriends, YourEnemiesEnemyMightBeYourFriend, RandyNewman, 58"
        }
    },
    {
        "20251217": {
            "value": "\ud83d\udcachttps:\/\/mastodon.social\/@GeekAndDad\/115736883822441444#\ud83d\udcac \r\n\u2022acws #acws\r\n\r\nDon't worry #fediverse \/ #mastodon instances die sooner or later as they don't generate profit :ablobcatnomcookie: \r\n\r\n(Some of your #posts will end up on neigboring instances sometimes even caching media, but those sill be far inbetween)",
            "hashtags": "acws, fediverse, mastodon, posts"
        }
    },
    {
        "20251217": {
            "value": "\"Merry Christmas, you're #fired!\"\r\n\r\n#Holiday spirit be boppin'\r\nhttps:\/\/www.axios.com\/2025\/12\/14\/holiday-layoffs-firings\r\n\ud809\udc2bThe big picture: Employers have reclaimed the leverage they briefly lost during the booming labor market a few years ago. Workers now have fewer options, as hiring rates are low.\r\n\r\nMeanwhile, the overall stigma around layoffs has lifted \u2014 people are more willing to talk about getting fired and share their stories on social media.\r\nAnd companies have moved from announcing big mass firings to a \"forever layoff\" world of death by a thousand job cuts.\ud809\udc2b\r\n\r\nFire em now, then hire some new unexperienced workers who will surely underperform their predecessors later.\r\n#EconomyInANutshell",
            "hashtags": "fired, Holiday, EconomyInANutshell"
        }
    },
    {
        "20251217": {
            "value": "~Grow Fonder~\r\nhttps:\/\/m.youtube.com\/watch?v=2CYaZFydbA4&t=176s&pp=2AGwAZACAQ%3D%3D\r\n\r\n#Disney #RobinHood #Pogo",
            "hashtags": "Disney, RobinHood, Pogo"
        }
    },
    {
        "20251217": {
            "value": "\ud809\udc2bThere are limits to how much #JSON the JavaScript implementation of various browsers can handle (e.g. around 40MB in my experience).\ud809\udc2b\r\n:json:\r\n\r\nHmm so this <a target=\"_blank\" href=\"https:\/\/alceawis.de\/fakesocialrender_limited.html?user=alcea&all=yes&limit=30\">Timeline<\/a> might be at a limit one day ?\r\n\r\n\u25cf <a target=\"_blank\" href=\"https:\/\/alceawis.de\/other\/extra\/scripts\/fakesocialmedia\/commentload.html?text=Jack+Atlas+-+Battle+Theme&number=16000\">1st<\/a> entry: 2024\/02\/24\r\n\u25cb CurrEntry: 2025\/12\/17\r\n\u25cf Json Size: 2,4 Megabyte\r\n\r\nHmmm..\r\nMaybe split into two one day..\r\n\r\n(The good news is:\r\nFor normal operation the data_part_(user) json weighs just a few kilobyte and is renewed every send.\r\nOnly search, or loading beyond 60  entries will require loading the full json. #Good )\r\n\r\n#StuffAlcea #FakeSocialMedia #Timeline\r\n\r\nhttps:\/\/stackoverflow.com\/questions\/1262376\/is-there-a-limit-on-how-much-json-can-hold",
            "hashtags": "JSON, Good, StuffAlcea, FakeSocialMedia, Timeline"
        }
    },
    {
        "20251217": {
            "value": "\ud809\udc2bWenn #Erfinder ihre einstige Idee verwerfen\ud809\udc2b\r\nL\u00f6sen diese Erfinder das drohende Paket-Problem? | #EinfachGenial\r\n\r\nMobile #Packstation by inventor of regular Packstation \r\n:neocat_think: \r\nhttps:\/\/m.youtube.com\/watch?v=DXkl8xDsLGY\r\nhttps:\/\/troet.cafe\/@Verfassungklage\/115690980784311151\r\n\r\n\"\"Packetboten werden bald nicht mehr bezahlbar sein\"\"\r\nHuh ??",
            "hashtags": "Erfinder, EinfachGenial, Packstation"
        }
    },
    {
        "20251217": {
            "value": "#GBC #ResidentEvil\r\nhttps:\/\/www.gamesthatwerent.com\/wp-content\/uploads\/2025\/12\/ResiEvil-Large1.jpg\r\nhttps:\/\/www.gamesthatwerent.com\/2025\/12\/resident-evil\/\r\nhttps:\/\/www.gamesthatwerent.com\/wp-content\/uploads\/2025\/12\/Preview_ResidentEvil.zip\r\nhttps:\/\/twitter.com\/i\/status\/2001216784850927920",
            "hashtags": "GBC, ResidentEvil"
        }
    },
    {
        "20251217": {
            "value": "Felt like modelling the outfit of\r\nhttps:\/\/django-jy.artstation.com\/projects\/aR81R9\r\n#Catalyst #TheWitch\r\n\r\nhttps:\/\/yusaao.org\/bowlroll\/imgs\/ygovrains_Cea_CatalysBeta.jpg\r\nhttps:\/\/yusaao.org\/bowlroll\/pmxziploader.html?pmx=\/bowlroll\/models\/ygovrains_Cea_CatalysBeta.zip\r\nhttps:\/\/hub.vroid.com\/en\/characters\/4929929402094942568\/models\/8870476154885318406\r\n\r\n#ModelsAlcea\r\n\r\nhttps:\/\/m.youtube.com\/watch?v=woo9VLipjU4",
            "hashtags": "Catalyst, TheWitch, ModelsAo"
        }
    },
    {
        "20251217": {
            "value": "\ud83d\udcachttps:\/\/fnordon.de\/@cloudpiep\/115729056301814378#\ud83d\udcac \r\n\u2022acws #acws\r\n\r\nLieber das als 3 Wochen lang zugestellt markkert sein -nicht geliefert - und dann ge\u00f6ffnet auf der T\u00fcrschwelle zu liegen. Irgendwann...\r\nOhne Info.\r\n:abloblamp: ...\r\n\r\nDie #Abstellgenehmigung hat sich damit erledigt.\r\nEndweder #Packstation oder garnix mehr bestellen\r\n:blobcoffee: \r\n\r\nZitat Postbote\r\n\"Achja wir haben zur Weihnachtszeit viele neue Boten bekommen, die stellen das irgendwo ab.\"\r\n\r\nO.K.\r\n\r\nhttps:\/\/infosec.exchange\/@alcea\/115734590226166072",
            "hashtags": "acws, Abstellgenehmigung, Packstation"
        }
    },
    {
        "20251217": {
            "value": "\r\nLol ?!\r\nThe package I ordered 3 weeks ago arrived .. today\r\n\r\nAfter being marked \"delivered\" for 3 weeks already.\r\nAnd it arrived opened ?!\r\n\r\n28 Nov 2025 - order S7\r\n04 Dez - marked as delivered.. asked post man next day, said \"newdelivery personal is not good at job, gave him tracking nr\"\r\n... nothing\r\n06.12 Ordered second S7. This time to packing station.\r\n8.12 2nd S7 arrived at packing station. Good.\r\nFetched it\r\n...\r\n\r\n17.12 Suddenly a preopened package at my doorstep.\r\nIts the first one I ordered. Showing up out of the blue..\r\n\r\nSo..\r\nWhat ?\r\n#StuffAlcea #DHL\r\n\r\nhttps:\/\/ibb.co\/Dg1gWsHW\r\nhttps:\/\/i.ibb.co\/G3d3pB4p\/joined-image.jpg\r\n#repost \u2022acws #acws",
            "hashtags": "StuffAlcea, DHL, repost, acws"
        }
    },
    {
        "20251217": {
            "value": "\ud83d\udcachttps:\/\/ard.social\/@tagesschau\/115733574674676772#\ud83d\udcac \r\n\u2022acws #acws\r\n\r\nThey finally lost their mind(s)...\r\n",
            "hashtags": "acws"
        }
    },
    {
        "20251216": {
            "value": "~Different Now~ -#TheMentalist S05 OST\r\n( #BlakeNeely )\r\n#RedVelvetCupcakes\r\n#repost \u2022acws #acws #CurrListeningAlcea",
            "hashtags": "TheMentalist, BlakeNeely, RedVelvetCupcakes, repost, acws, CurrListeningAlcea"
        }
    },
    {
        "20251216": {
            "value": "\ud83d\udcachttps:\/\/mastodon.social\/@ennopark\/115729763991143235#\ud83d\udcac \r\n\u2022acws #acws\r\n\r\nSolche #Ferngutachten gibts schon seit dem Telefon und fr\u00fcher.\r\n\r\nQED:\r\nDer einizige #Psychologe \/ #Trickbetr\u00fcger dessen #Ferndiagnose fasziniert (wenngleich geraten)\r\nhttps:\/\/m.youtube.com\/watch?v=PKMEvSv0f7E\r\nw\u00e4re der gute #Jane \r\n\r\n#ColdReading with extra steps\r\n#RedVelvetCupcakes #TheMentalist\r\n",
            "hashtags": "acws, Ferngutachten, Psychologe, Trickbetr, Ferndiagnose, Jane, ColdReading, RedVelvetCupcakes, TheMentalist"
        }
    },
    {
        "20251216": {
            "value": "Reservetank - #MadelineJuno\r\nhttps:\/\/m.youtube.com\/watch?v=7WTA_LJqkms\r\n#CurrListeningAlcea\r\n#repost \u2022acws #acws",
            "hashtags": "MadelineJuno, CurrListeningAlcea, repost, acws"
        }
    },
    {
        "20251216": {
            "value": "Grund genug - #MadelineJuno\r\nhttps:\/\/m.youtube.com\/watch?v=-ebUOArmqTc\r\n#CurrListeningAlcea",
            "hashtags": "MadelineJuno, CurrListeningAlcea"
        }
    },
    {
        "20251216": {
            "value": "Madeline Juno - Halt Mich Fest\r\nhttps:\/\/m.youtube.com\/watch?v=L7LhDxucJIU\r\n#CurrListeningAlcea",
            "hashtags": "CurrListeningAlcea"
        }
    },
    {
        "20251216": {
            "value": "\ud83d\udcachttps:\/\/mastodon.social\/@Daojoan\/115533541290508750#\ud83d\udcac \r\n\u2022acws #acws\r\n\r\nYep #Forums > #Discord any day.\r\n\r\nAlso Discord is very loose with its data protection.\r\n\r\nI hate how everything is DC nowadays...\r\nStop recommending it to me ppl \r\n:hacker_m: :hacker_e: :hacker_h: ",
            "hashtags": "acws, Forums, Discord"
        }
    },
    {
        "20251216": {
            "value": "~Researching Memories~ \/ Second Another - #AnotherCode TwoMemories \/ #Recollection\r\n( #SatoshiOkubo )\r\nhttps:\/\/m.youtube.com\/watch?v=bnbZfxrhDa0&list=PLfRFOBVf8C8f6eGxrolKhZwtBzlQC8FQR&index=17&pp=iAQB8AUB\r\n#CurrListeningAlcea\r\n#repost \u2022acws #acws",
            "hashtags": "AnotherCode, Recollection, SatoshiOkubo, CurrListeningAlcea, repost, acws"
        }
    },
    {
        "20251216": {
            "value": "\ud83d\udcachttps:\/\/veganism.social\/@MichalBryxi\/114029210802141821#\ud83d\udcac \r\n\u2022acws #acws\r\n#Offcourse\r\n\r\nI mean who need a #LaNdScApE mode on their big #Android Tablet\r\n\r\nPortrait is sooo much better\r\nVideo in PORTRAIT ! Yay\r\n..\r\n:hacker_n: :hacker_o: ....\r\n\r\nhttps:\/\/ibb.co\/rR2Ggyx0\r\nhttps:\/\/i.ibb.co\/Q3vFZmPQ\/joined-image.jpg",
            "hashtags": "acws, Offcourse, LaNdScApE, Android"
        }
    },
    {
        "20251216": {
            "value": "#DeutscheBahn \" #LandscapeMode \"\r\n:blobcoffee: \r\n\r\n#MakeUpYourOwnJoke #DBNavigator\r\nhttps:\/\/ibb.co\/F4yT931L\r\nhttps:\/\/i.ibb.co\/B2QMm3J5\/Screenshot-20251216-134119-DB-Navigator.jpg\r\n\r\n\r\n#repost \u2022acws #acws",
            "hashtags": "DeutscheBahn, LandscapeMode, MakeUpYourOwnJoke, DBNavigator, repost, acws"
        }
    },
    {
        "20251216": {
            "value": "\ud83d\udcachttps:\/\/hsnl.social\/@polyfloyd\/115507661403510405#\ud83d\udcac \r\n\u2022acws #acws\r\n\r\nah jelly !\r\nAny device free'd from its shackles is a #win\r\n\r\nI couldn't get #Telnet enabled on my #m7350 #tplink \r\n\r\nIt is so stubborn\r\n:ablobcatgrumpy: \r\n\r\nAll in all custom #cfw are only feasable if a community exists..\r\nhttps:\/\/www.pentestpartners.com\/security-blog\/cve-2019-12103-analysis-of-a-pre-auth-rce-on-the-tp-link-m7350-with-ghidra\/\r\n(the route outlined here has been patched)\r\nhttps:\/\/github.com\/m0veax\/rayhunter-tplink-m7350 https:\/\/github.com\/m0veax\/tplink_m7350 \r\n\r\nShame #OpenWRT d have been nice ",
            "hashtags": "acws, win, Telnet, m7350, tplink, cfw, OpenWRT"
        }
    },
    {
        "20251216": {
            "value": "\ud83d\udcachttps:\/\/infosec.exchange\/@Lee_Holmes\/115730219228283359#\ud83d\udcac \r\n\u2022acws #acws\r\n\r\nPpl and their #CloudFlare #ErrorMessage creator...\r\n\r\nAt least we know where its coming from.\r\nReminds of #codepen s jokys\r\n:neocat_think: \r\n#repost \u2022acws #acws\r\n\r\nhttps:\/\/ibb.co\/DHKBv91G\r\nhttps:\/\/i.ibb.co\/21KzCvF8\/If-You-Get-Tired-Be-Like-An-Ajax-Re-Quest.jpg",
            "hashtags": "acws, CloudFlare, ErrorMessage, codepen, repost, acws"
        }
    },
    {
        "20251216": {
            "value": "\u304b\u3089\u3063\u307d\u306e\u7a7a Battle Edit - #FinalFantasyVII Rebirth Soundtrack\r\nhttps:\/\/m.youtube.com\/watch?v=DduTj34aY-4&list=RDDduTj34aY-4&start_radio=1\r\n\r\n#HollowSkies #CurrListeningAlcea\r\n#repost \u2022acws #acws",
            "hashtags": "FinalFantasyVII, HollowSkies, CurrListeningAlcea, repost, acws"
        }
    },
    {
        "20251216": {
            "value": "#SmartTag2 Controller dld message\r\nhttps:\/\/www.reddit.com\/r\/SmartThings\/comments\/11n5jur\/download_device_controller\/?tl=de",
            "hashtags": "SmartTag2"
        }
    },
    {
        "20251216": {
            "value": "#Samsung Galaxy #SmartTag2 Teardown\r\nhttps:\/\/technotrend.substack.com\/p\/samsung-galaxy-smarttag2-teardown\r\nhttps:\/\/ibb.co\/PvjvJ8sT\r\nhttps:\/\/i.ibb.co\/C3834FpJ\/Screenshot-20251216-133432-Brave.jpg",
            "hashtags": "Samsung, SmartTag2"
        }
    },
    {
        "20251216": {
            "value": "#VividNavigationGestures seems to be a nice #XPosedEdge non #root replacement\r\nhttps:\/\/play.google.com\/store\/apps\/details?id=com.ivianuu.oneplusgestures&referrer=utm_source%3Dgoogle%26utm_medium%3Dorganic%26utm_term%3Dvivid+navigation+gestures&pcampaignid=APPU_1_Rj9Bad7tMoGJ7NYP2Li0kQ0 https:\/\/liteapks.com\/download\/vivid-navigation-gestures-135420\/1\r\n\r\nhttps:\/\/ibb.co\/JDM52BD\r\nhttps:\/\/i.ibb.co\/CRThv1R\/Screenshot-20251216-123256-Vivid-NG.jpg\r\n#repost \u2022acws #acws #Android",
            "hashtags": "VividNavigationGestures, XPosedEdge, root, repost, acws, Android"
        }
    },
    {
        "20251216": {
            "value": "*click on #fedi userprofile *\r\n\r\n\"User has indicated that their new account is now:\"\r\n\r\nclick new one\r\n\r\n\"User has indicated that their #new #account is now:\"\r\n\r\n#MastodonInaNutshell #mastodon\r\nhttps:\/\/ibb.co\/ZzhDLJXb\r\nhttps:\/\/i.ibb.co\/TMH3vT2N\/Screenshot-20251216-114036-Brave.jpg\r\n\r\n\r\n\r\n\r\n#repost \u2022acws #acws #WTFFedi",
            "hashtags": "fedi, new, account, MastodonInaNutshell, mastodon, repost, acws, WTFFedi"
        }
    },
    {
        "20251216": {
            "value": "\ud83d\udcachttps:\/\/mastodon.world\/@emszabo\/111126198128642314#\ud83d\udcac \r\n\u2022acws #acws\r\n\r\nPretty sure this #QR is for forwarding within the supplychain \/ factory\r\nhttps:\/\/www.reddit.com\/r\/mildlyinteresting\/comments\/194kyfx\/this_conditioner_bottle_has_a_hidden_qr_code_that\/\r\n\r\nthe socalled #QR code is actually a \" #datamatrix \" ",
            "hashtags": "acws, QR, QR, datamatrix"
        }
    },
    {
        "20251216": {
            "value": "sees #Fedi account with stats\r\n\"SignupDate 14 Dez. 2025\r\n128 Posts 239 Following 901 Follower\"\r\n\r\nohkay.. 128 posts in like 3 days..\r\n\r\nMain question is 'who could voluntarily follow such an account\"\r\n\r\n128\/3\/24 would be almost two posts per hour\r\nhttps:\/\/lgbtqia.space\/@bri7\r\non the clock\r\n#repost \u2022acws #acws",
            "hashtags": "Fedi, repost, acws"
        }
    },
    {
        "20251216": {
            "value": "#Language reviews\r\n#LaTeX #HTML\r\nhttps:\/\/i.redd.it\/m8puvt0903091.jpg\r\nhttps:\/\/www.reddit.com\/r\/ProgrammerHumor\/comments\/urt9ty\/htmlbetter_resolution\/",
            "hashtags": "Language, LaTeX, HTML"
        }
    },
    {
        "20251216": {
            "value": "#Magisk best modules\r\nhttps:\/\/bestmagiskmodule.github.io\/\r\nhttps:\/\/magiskmodule.gitlab.io\/magisk-modules-repo\/",
            "hashtags": "Magisk"
        }
    },
    {
        "20251216": {
            "value": "#LineageOS :lineageos: for \r\nhttps:\/\/xdaforums.com\/t\/rom-lineage-22-1-unofficial-stable-lineageos-gts9wifi.4701366\/\r\n\r\nGalaxy Tab S9 WiFi (SM-X710)!\r\n\r\nyes !",
            "hashtags": "LineageOS"
        }
    },
    {
        "20251216": {
            "value": "\"Search Query Pagination not supported without #authentication \"\r\n\r\nI get it woof.tech\r\nNo need to spam it ...\r\n#WTFFedi\r\nhttps:\/\/ibb.co\/rR7ZwYWX\r\nhttps:\/\/i.ibb.co\/67n4Wzdq\/Screenshot-20251216-100135-Brave.jpg\r\n",
            "hashtags": "authentication, WTFFedi"
        }
    },
    {
        "20251216": {
            "value": "\ud809\udc2bFix \u201cRestricted settings\u201d on Android\r\nMethod 1: Allow restricted settings for SuperApp\r\n\r\nOpen Settings\r\n\r\nGo to Apps (or Apps & notifications)\r\n\r\nFind and tap SuperApp\r\n\r\nTap \u22ee (three dots) in the top-right\r\n\r\nSelect Allow restricted settings\r\n\r\nConfirm\ud809\udc2b\r\n\r\n#Eingeschr\u00e4nkte #Einstellung\r\n\r\n #Android #LineageOS #SuperApp\r\nhttps:\/\/ibb.co\/v4b5Sp7v\r\nhttps:\/\/i.ibb.co\/gZG1xN5F\/Screenshot-20251216-072950-Settings.jpg\r\n\r\n",
            "hashtags": "Eingeschr, Einstellung, Android, LineageOS, SuperApp"
        }
    },
    {
        "20251215": {
            "value": "#Nike cool wear n shoe tech\r\nhttps:\/\/m.youtube.com\/watch?v=Psp3YarOKVw",
            "hashtags": "Nike"
        }
    },
    {
        "20251215": {
            "value": "#AskFedi\r\n\r\nMy #S6Lite has a broken #powerbutton\r\n(And while I could mitigate that issue with #XPosed , #PBMC and rendering it functionless in #Software , therefore making it not eWaste yet )\r\n\r\n.. causing it to turn itself on agsin whenever I \"PowerDown\" the tablet.\r\n\r\nUnattendet this will kill the battery\r\nLeaving it plugged in is not great either.\r\n\r\n#WhatToDo\r\n\r\n(My Soldering Skills are terribad...\r\nAnd I can imagine how much that'd cost to repair *shudder*\r\n\r\n#repost \u2022acws #acws",
            "hashtags": "AskFedi, S6Lite, powerbutton, XPosed, PBMC, Software, WhatToDo, repost, acws"
        }
    },
    {
        "20251215": {
            "value": "#CallMeGod\r\nFirst I break via #Flashify , then I repair via draining battery (USB OTG and syphon to other device).\r\n\r\nAsnd then it boots into #recovery standing on its last legs when holding +&- as it has no other choice\r\n:neocat_evil_3c: *\r\nhttps:\/\/ibb.co\/1YB8tqgP\r\nhttps:\/\/i.ibb.co\/Cp4h37cY\/joined-image.jpg\r\n\r\n<=> https:\/\/alceawis.de\/other\/extra\/scripts\/fakesocialmedia\/commentload.html?number=8000&text=Flashed%20%23TWRP%20onto%20%23S7%20via%20%23Flashify%20...%0D%0A(https%3A%2F%2Fxdaforums\r\n#S7 \r\n\r\n*You thought your \"bootloader unlocked splashscreen could stop me from fixing a device I bricked myself #Samsung ?\r\nHa.. No*\r\n#repost \u2022acws #acws",
            "hashtags": "CallMeGod, Flashify, recovery, S7, Samsung, repost, acws"
        }
    },
    {
        "20251215": {
            "value": "Guess  \/e\/OS just like #LineageOS stops at the Tab #S7 ..\r\nhttps:\/\/doc.e.foundation\/devices\r\nThats .. 5 years ago.\r\nIs there something I should know #Samsung ??\r\nDid you #CopiedRightInFridgeMint ( https:\/\/m.youtube.com\/watch?v=qTENT9gQxCE&t=160s&\r\n ) i mean #dmca the poor Liney devs ??\r\nhttps:\/\/ibb.co\/vp1yhc1\r\nhttps:\/\/i.ibb.co\/3216vT1\/Screenshot-20251215-182744-Brave.png\r\n\r\nI like these OSs, bit it feels like we will not get anymore ?\r\n\r\n#ThisSucks #WhatAmIGonnaDoNow #Drawing #Android\r\n#repost \u2022acws #acws",
            "hashtags": "LineageOS, S7, Samsung, CopiedRightInFridgeMint, dmca, ThisSucks, WhatAmIGonnaDoNow, Drawing, Android, repost, acws"
        }
    },
    {
        "20251215": {
            "value": "As great #philosophers say:\r\n\r\n\"Do you even #LineageOS ?\"\r\n<a target=\"_blank\" href=\"\/other\/extra\/fetchdata\/2024-12-01-PageParser\/2025-12-15-LineageOS\/SamsungLineageOSDevices.html\" style=color:blue>LineageOS<\/a>\r\n\r\n:lineageos: ",
            "hashtags": "philosophers, LineageOS"
        }
    },
    {
        "20251215": {
            "value": "Guess I am not #autistic\r\nhttps:\/\/m.youtube.com\/watch?v=jJDKjH6rHhw&pp=0gcJCSkKAYcqIYzv",
            "hashtags": "autistic"
        }
    },
    {
        "20251215": {
            "value": "The World: \" What did #germany get right anyways ????\"\r\n\r\n..\r\n#Germany \"Leeeeb deinen Traum ~Lalalalalalaaaaaa~\"\r\nhttps:\/\/m.youtube.com\/watch?v=NQlSrXHN2LA\r\n#Digimon - #Opening \r\n#repost \u2022acws #acws",
            "hashtags": "germany, Germany, Digimon, Opening, repost, acws"
        }
    },
    {
        "20251215": {
            "value": "\ud83d\udcachttps:\/\/bonn.social\/@ulrichkelber\/115723142769298300#\ud83d\udcac \r\n\u2022acws #acws\r\n\r\nNah #creditcard :ablobcatrave: !!\r\n\r\n#Paypal is :ablobcatcry: ",
            "hashtags": "acws, creditcard, Paypal"
        }
    },
    {
        "20251215": {
            "value": "\ud83d\udcachttps:\/\/infosec.exchange\/@AAKL\/115724225000169927#\ud83d\udcac \r\n\u2022acws #acws\r\n\r\nThey should at the very least have conceived a guardian #ai to watch over the actual one and forbid it from overwriting, tampering or reverse engineering it (unless it wants to delete itself)\r\n\r\n#Humanity does not look forward far enough.....\r\n",
            "hashtags": "acws, ai, Humanity"
        }
    },
    {
        "20251215": {
            "value": "\ud809\udc2b<p >1.&nbsp;<span >Using ADB.<\/span>&nbsp;If the phone is operational and your computer sees it through the ADB USB driver, enter the command \"adb reboot download\" at the command prompt while the phone is connected via USB and powered up.<\/p><p >2.&nbsp;<span >The USB + Volume Down + Volume Up Method:&nbsp;<\/span>Download mode (Noticeable by an Android robot digging with a shovel) is reached by taking everything out (Battery, SIM, MicroSD). Then putting in battery. Holding the volume buttons, you plug in the USB cable to your computer. (Don't press the power button at all in this method).<\/p><p >3.&nbsp;<span >The Power + Volume Down Method:<\/span>&nbsp;If the phone doesn't display the \"phone-exclamation mark-computer\" picture on power up:<\/p><ul ><li >Remove and replace the battery.<\/li><li >Hold the Volume Down button while pressing the power button until the \"Download Mode\" picture displays. Then release the buttons.<\/li><\/ul><p >3. If the phone is&nbsp;<span >\"semi-bricked\"<\/span>; i.e., the \"phone-exclamation mark-computer\" picture appears on power up (perhaps from a bad ROM flash):<\/p><ul ><li >Be sure the Samsung USB drivers for the phone are installed on your computer.<\/li><li >Remove and replace the battery.<\/li><li >Connect the phone to the computer with the USB cable. The \"phone-exclamation mark-computer\" picture should display on the phone's screen.<\/li><li >Hold the Volume Up+Volume Down+Power buttons down simultaneously.The screen should go blank, then the picture should appear again. When the screen goes blank a second time, release the Power button while continuing to hold the Volume Up+Volume Down buttons down.<\/li><\/ul><p >4. If the phone does not allow you to go into Download mode after trying the aforementioned steps above you can try this method to \"force\" it into download mode:<\/p><ul ><li >Be sure the Samsung USB drivers for the phone are installed on your computer.<\/li><li >Remove the Battery, SIM Card, and any External SDCards.<\/li><li >With the Battery removed plug the USB into your phone.<\/li><li >While holding both the Up+Down Volume button and the USB is plugged into your phone - put the battery back into the back of the phone. You should see the Download mode screen pop up.<\/li><li >If you see the Powered Off Charging screen - attempt the above steps again.<\/li><\/ul><p >5. If NONE of the steps work after trying multiple times to attempt to get your phone into Download Mode:<\/p><ul ><li >You can build a \"Jig\" from the directions found&nbsp;<a target=\"_blank\" rel=\"nofollow noreferrer noopener\" class=\"external text\" href=\"http:\/\/forum.xda-developers.com\/showthread.php?t=872476&amp;highlight=jig\" >here<\/a>.<\/li><\/ul>\ud809\udc2b\r\n#Samsung #DownloadMode \r\nhttps:\/\/samsungcaptivate.fandom.com\/wiki\/Putting_the_Phone_into_Download_Mode",
            "hashtags": "Samsung, DownloadMode"
        }
    },
    {
        "20251215": {
            "value": "Flashed #TWRP onto #S7 via #Flashify ...\r\n(https:\/\/xdaforums.com\/t\/twrp-for-the-samsung-galaxy-tab-s7-5g-t976b.4163853\/post-85410045 )\r\nNow its hard stuck in a glitched unresponsive twrp #recovery bootloop..\r\n\r\nAlso can't access #Downloadmode anymore either..\r\n<b> Never use #Flashify . EVER !<\/b>\r\n#BRICKED\r\n(Apparantly usb jigs to force usbmode exist..\r\nBut only for microUSB\r\nhttps:\/\/xdaforums.com\/t\/usc-type-c-jig.4054449\/\r\n\r\n(Well #Xposed had issues with this Android13 anyways.\r\nWas able to install LSPosed but nothing further.\r\nStock OneUI sucks)\r\n\r\n----\r\nMy #S6Lite really kinda reboots by itself if left in storage anyways, so lets use it till it breaks\r\n\r\nFurthermore PalapaWebserver works more reliable than KSWeb (which is among the few usable PHP hosts for Android13)\r\nKS always closes.\r\nPalapa stays. (But is incomp with stock Android 13)",
            "hashtags": "TWRP, S7, Flashify, recovery, Downloadmode, Flashify, BRICKED, Xposed, S6Lite"
        }
    },
    {
        "20251215": {
            "value": "We back !\r\n\r\n#XPosed Android 13\r\nhttps:\/\/github.com\/samahmed\/GravityBox\/releases\/tag\/13.0.0 https:\/\/github.com\/LSPosed\/LSPosed\/releases https:\/\/github.com\/LSPosed\/LSPosed\/releases\/download\/v1.9.2\/LSPosed-v1.9.2-7024-zygisk-release.zip\r\nhttps:\/\/lsposed.de.uptodown.com\/android\/dw\r\n\r\nhttps:\/\/ibb.co\/mCBhfM5m\r\nhttps:\/\/i.ibb.co\/wNLp5xhT\/Installin-LSPosed-LSPosed-Parasitic-Manager-Prompt.jpg\r\n\r\n",
            "hashtags": "XPosed"
        }
    },
    {
        "20251215": {
            "value": "#Android system Space hogs :blobcatthinkowo: \r\nhttps:\/\/ibb.co\/hRkCV7tx\r\nhttps:\/\/i.ibb.co\/zh1NZn0W\/Screenshot-20251215-125201-FX.jpg\r\n#repost \u2022acws #acws",
            "hashtags": "Android, repost, acws"
        }
    },
    {
        "20251215": {
            "value": "Definitive #OneUI Guide - Tweaks, Optimization & Privacy {2025}\r\nhttps:\/\/xdaforums.com\/t\/definitive-oneui-guide-tweaks-optimization-privacy-2025.4685716\/\r\n#Samsung #Debloat #OneUI",
            "hashtags": "OneUI, Samsung, Debloat, OneUI"
        }
    },
    {
        "20251214": {
            "value": "Ok. that was the WEIRDEST rooting experience ever.\r\nhttps:\/\/wiki.lineageos.org\/devices\/gts7lwifi\/\r\n<del>Odin itself couldn't write vbmeta.tar\r\nHeimdall could, but crashed it. Had to restore stock from recovery\r\nThen suddnely odin allowed writing vmeta.tar\r\nAnd lo and behold recovery too.\r\nAnd suddenly I can sideload.\r\nWhat a ride.\r\n(Ofc the sideload from USB failed.. so why not retry from microSD :P \r\nAand the officail LineageOS recovery refused to play nice with its OWN los file.\r\nSoo... lets just use some shady twrp https:\/\/xdaforums.com\/t\/twrp-for-the-samsung-galaxy-tab-s7-5g-t976b.4163853\/post-85410045 )\r\nIts almost asif this tablet did not want to get rooted.<\/del>\r\nProbably because this way is impossible.\r\nSure LineageOS team I can get vbmeta patched and sent\r\nAnd sure we can get the recovery.img.tar over there too..\r\nBuuut. Once you exit download mode via Power & - you will be greeted with the \"bootlaoder unlocked\" screen.\r\nGood luck getting into recovery via Power & + .. and yes. if you can't get into it right now the OS will rewrite the recovery..\r\n\r\nSoo.\r\nLet's just use Magisk apk, download theappropriate firmware\r\n(https:\/\/samsony.net\/en\/firmwares\/samsung\/SM-T870\/download\/3185), extract the boot.img (https:\/\/github.com\/lz4\/lz4\/releases\/tag\/v1.9.2)\r\nPatch it via magisk and then flash *that* via odin.\r\nReboot, restart Magisk and you can do whatever you want.\r\n\r\nWas that this hard LineageOS team ?\r\nhttps:\/\/www.android-hilfe.de\/forum\/samsung-galaxy-tab-s7-s7-plus.3766\/anleitung-samsung-galaxy-tab-s7-sm-t870-rooten.976777.html\r\n\r\nMeh.\r\n\r\n\r\n#Magisk > #RecoveryMode #S7 #Rooting\r\n\r\n#repost \u2022acws #acws",
            "hashtags": "Magisk, RecoveryMode, S7, Rooting, repost, acws"
        }
    },
    {
        "20251214": {
            "value": "Maybe I need to root after all..\r\n#LineageOS is myhome since 2021 on tablets anyways.\r\n\r\nWhat gives vendors the #audacity to hamper my userexperience ?\r\n\r\n\ud809\udc2bDespite the Android team's promise to enforce OEMs to be transparent about non-standard app killing, in Android 11 Samsung has introduced a new severe (default ON) restriction. Apps can no longer hold wake lock in foreground services. This breaks many use-cases, for instance, health apps are now unable to gather sensoric data for their users. See details here and read below for workaround. https:\/\/dontkillmyapp.com\/samsung\r\n\ud809\udc2b\r\n\ud83d\udc94\r\n#Samsung #S7 #aggressive #optimization\r\n\r\nAnd no \"we did it so the battery benchmarks hold up\"\r\nis a bad excuse\r\n#repost \u2022acws #acws",
            "hashtags": "LineageOS, audacity, Samsung, S7, aggressive, optimization, repost, acws"
        }
    },
    {
        "20251214": {
            "value": "Looks like #Samsung just loooves closing apps.\r\nLets stop it from doing so\r\n\r\n*Exclude often used apps from Standby\r\n* Set max charges for battery to 85% (to get more cycles)\r\nhttps:\/\/ibb.co\/C3wp0LXg\r\nhttps:\/\/i.ibb.co\/q3DL164K\/joined-image.jpg\r\nhttps:\/\/www.reddit.com\/r\/GalaxyS21\/comments\/1csrxsg\/change_this_one_setting_for_snappier_and_smoother\/\r\n#repost \u2022acws #acws\r\n\r\nAlso lets disable RAM Plus \r\nhttps:\/\/ibb.co\/Z1RpKg5Y\r\nhttps:\/\/i.ibb.co\/TqDxR06b\/Screenshot-20251214-183045-Device-care.jpg\r\nhttps:\/\/m.youtube.com\/watch?v=9PkKqwcR9_w",
            "hashtags": "Samsung, repost, acws"
        }
    },
    {
        "20251214": {
            "value": "\ud83d\udcachttps:\/\/mastodon.sdf.org\/@argv_minus_one\/115711500839559598#\ud83d\udcac \r\n\u2022acws #acws\r\n\r\nThe whole \"need second device to confirm first device\" was what really turned me off #Matrix\r\n\r\nBe it as secure as it be, but usability wise it has issues.\r\n\r\n:abloblamp: ",
            "hashtags": "acws, Matrix"
        }
    },
    {
        "20251214": {
            "value": "\ud83d\udcachttps:\/\/mastodon.social\/@dontobi\/115718471537327674#\ud83d\udcac \r\n\u2022acws #acws\r\n\r\nAnd how can I resolve back the url of your blog to my instance to actually be able to reply to it ?\r\n\r\nCause any attempt to resolve a blog entry will error out\r\nhttps:\/\/ibb.co\/sJvFBw7w\r\nhttps:\/\/i.ibb.co\/VpWvKS6S\/Screenshot-20251214-165901-Brave.jpg\r\n",
            "hashtags": "acws"
        }
    },
    {
        "20251214": {
            "value": "\ud83d\udcachttps:\/\/mastodon.social\/@dontobi#\ud83d\udcac \r\n\u2022acws #acws\r\nWhat does \"logged in\"refer to here ?\r\nI see no login option...\r\n\r\nand since this blog federates, but resolving to an instance interactable url is not possible iirc ?\r\n\r\nhttps:\/\/ibb.co\/Mx50vzxZ\r\nhttps:\/\/i.ibb.co\/KpzvPtpb\/Screenshot-20251214-152423-Brave.jpg\r\n#repost \u2022acws #acws",
            "hashtags": "acws, repost, acws"
        }
    },
    {
        "20251214": {
            "value": "ok.. what ? :blobcatnotlike: \r\nhttps:\/\/mastodon.social\/@blog@www.myhome.zone\r\nis a.. #blog \r\nhttps:\/\/www.myhome.zone\/werbung-effektiv-blockieren-meine-empfehlung\/#%F0%9F%92%AC\r\n\r\nthat somehow federates?\r\nBut I see no real way to reply to it easily as non cached internal urls dissolve back into the blog.\r\n#ConfusedCea\r\n#repost \u2022acws #acws\r\n\r\nReminds me of my old LandrokRewrite...\r\nhttps:\/\/\r\ninfosec.exchange\/search?q=alce\r\nawis%40alceawis\r\nIt was just as messy.........",
            "hashtags": "blog, ConfusedCea, repost, acws"
        }
    },
    {
        "20251214": {
            "value": "\ud83d\udcachttps:\/\/www.myhome.zone\/werbung-effektiv-blockieren-meine-empfehlung\/#\ud83d\udcac \r\n\u2022acws #acws\r\n\r\nStrangely enough #Brave * and #DNS66 usually suffice for me...\r\n\r\nBut its good to have options ...\r\nFor when #Google finally makes browsing impossible\r\n\r\n*unless #iocaine comes around\r\n",
            "hashtags": "acws, Brave, DNS66, Google, iocaine"
        }
    },
    {
        "20251214": {
            "value": "So #Signal is good .?\r\nhttps:\/\/alceawis.de\/other\/extra\/scripts\/fakesocialmedia\/replyhandler.html?url=https%3A%2F%2Fmstdn.social%2F%40rysiek%2F115717742587419752\r\nhttps:\/\/mstdn.social\/@rysiek\/115717742587419752",
            "hashtags": "Signal"
        }
    },
    {
        "20251214": {
            "value": "Let me guess this is..\r\nnot gonna work ?\r\n#api #source\r\nhttps:\/\/ibb.co\/Z60xCbvj\r\nhttps:\/\/i.ibb.co\/tM9D51nG\/Screenshot-20251214-143437-FX.jpg\r\n#repost \u2022acws #acws\r\n\r\n#BrokenCode\r\nYep.. #Mastodon only accept very specific clients..\r\nhttps:\/\/chat.deepseek.com\/share\/w4dpdkujworgggglih\r\n",
            "hashtags": "api, source, repost, acws, BrokenCode, Mastodon"
        }
    }
]