[
    {
        "20250704": {
            "value": "Daddy ZARC s #vrains synopses still cracking me up \r\n:crazylaugh: \r\n\r\nhttps:\/\/daddyzarc.tumblr.com\/tagged\/vrains",
            "hashtags": "vrains"
        }
    },
    {
        "20250704": {
            "value": "hmmm ... :ablobcatbongo: #whoops forgot hashtags, silly me.",
            "hashtags": "whoops"
        }
    },
    {
        "20250704": {
            "value": "Ah yes\r\n\r\nhttps:\/\/www.reddit.com\/r\/Finanzen\/comments\/1lpvvwh\/comment\/n0zfouq\/?context=3\r\n\r\n\ud809\udc2b\r\nFachkr\u00e4ftemangel ist in einigen Berufsgruppen einfach nur ein Synonym f\u00fcr \"es fehlt an billig-lohn-sklaven\"\r\n\r\nWir haben keinen generellen Fachkr\u00e4ftemangel. Wir haben einen billiglohnarbeiter Mangel in einigen Fachbereichen.\r\n\r\nDer klassische \"25 Jahre alt, bitte top Referenzen, 30 Jahre Berufserfahrung und wir zahlen Mindestlohn + Obstkorb (Wasser in der Firmeneigenen Teek\u00fcche UMSONST!!!)\"\r\n\r\n______________\r\nKokolores.\r\n\r\nNa sicher wei\u00df man, wie ein gutes Einstellungverfahren aussehen m\u00fcsste. Will aber keiner.\r\n- Der Chef will Kosten sparen\r\n- der Personaler muss seine Existenz rechtfertigen und darf keine nachweisbaren Fehler machen. Dem ist es egal ob er gute oder schlechte Leute einstellt, es darf nur nicht zu lange dauern, zu teuer sein, und vor allem darf nichts schriftliches Existieren, auf das man hinweisen kann falls sich ein Neueingestellter als Pfeife erweist um zu sagen: Da, das war doch ganz klar ein Warnhinweis, haben Sie das denn nicht gesehen?!\r\nAlso ein l\u00e4ngerer Zeitraum der Arbeitslosigkeit, zu hohes Alter, eine Selbstst\u00e4ndigkeit, lange Studiendauer, schlechte Noten, komisch klingende Namen, weiblich, jung und frisch verheiratet...\r\n\r\n- Und die Fachvorgesetzten sind in der Regelganz froh, wenn sie mit dem Bewerbungszirkus nicht allzu viel zu tun haben m\u00fcssen\ud809\udc2b\r\n#Bewerbung",
            "hashtags": "Bewerbung"
        }
    },
    {
        "20250704": {
            "value": "\ud809\udc2bDas 20-25 fache der Nettokaltmiete sollte der Kaufpreis sein. \ud809\udc2b\r\n#Immobilie\r\nhttps:\/\/www.reddit.com\/r\/Finanzen\/comments\/1lqmfxm\/mit_24_jahren_2raum_eigentumswohnung_f\u00fcr_120k_5k\/",
            "hashtags": "Immobilie"
        }
    },
    {
        "20250704": {
            "value": "\ud809\udc2bDie Liste deiner Mutter ist nichts wert und hat beim Erbe keinerlei Bestand. Es gibt unz\u00e4hlige F\u00e4lle in der die Mutter einen Sohn sein \"Erbe ausgezahlt\" hat und nachdem Tod bestand der Sohn auf seinen Anteil. Diese haben immer Recht bekommen. \ud809\udc2bhttps:\/\/www.reddit.com\/r\/Finanzen\/comments\/1lqqopf\/die_atombombe_namens_erbe\/\r\n\r\nTelling your children to \"handle leftovers\" emselves is the most irresponsible ahole thing you could ever. so."
        }
    },
    {
        "20250704": {
            "value": "Sus #DKB being lame\r\nhttps:\/\/www.reddit.com\/r\/Finanzen\/comments\/1lqqsjk\/was_rauchen_die_denn_bei_der_dkb_frage_unsere_ki\/",
            "hashtags": "DKB"
        }
    },
    {
        "20250704": {
            "value": "\ud809\udc2bIm folgenden geht es um einen Trick in der Grauzone im Casino. Genauer gesagt in Casinos die mehrere W\u00e4hrungen erlaubt. In meinem Beispiel CHF und Euronen. Warum auch immer das niemand bedacht hat, gibt es die M\u00f6glichkeit in einem Schweizer Casino (zumindest in dem ich war) f\u00fcr 50\u20ac 50 Jetons zu bekommen sprich 50 Jetons die 50 CHF wert sind mit diesen am Tisch erworbenen Jetons kannst du an den Ausgang gehen und dich auszahlen lassen in CHF. Also auf ein Schlag 6-7% Rendite durch den Wechselkurs. Ich hatte bereits vor einiger Zeit \u00fcber so eine Art Moneyglitch berichtet von Vending Machines in der Schweiz, nur war dort der Bottleneck das der Automat nur M\u00fcnzen nimmt, das Casino nimmt all dein Geld. \ud809\udc2b\r\n#Geld\r\nhttps:\/\/www.reddit.com\/r\/Finanzen\/comments\/1lr1wb9\/eierlegende_wollmilchsau_unter_den_moneyglitches\/",
            "hashtags": "Geld"
        }
    },
    {
        "20250704": {
            "value": "\ud809\udc2bMaterielle Dinge interessieren mich nicht mehr. Hab alles was ich brauche. Ich will mir nur Freizeit erkaufen. Das ist f\u00fcr mich das Wichtigste. \ud809\udc2b\r\n#Relatable \ud83d\ude18\r\nhttps:\/\/www.reddit.com\/r\/Finanzen\/comments\/1kmbuah\/worauf_spart_ihr\/",
            "hashtags": "Relatable"
        }
    },
    {
        "20250704": {
            "value": "\ud809\udc2bWas letzte #Steuer? \ud809\udc2b\r\nhttps:\/\/www.reddit.com\/r\/Finanzen\/comments\/1l6l05u\/wer_von_euch_war_das\/",
            "hashtags": "Steuer"
        }
    },
    {
        "20250704": {
            "value": "\ud809\udc2bAbfindungen richten sich nie nach Leistung. Eher gibt es eine h\u00f6here bei schlechter, weil man den MA eben loswerden will. Aber 400 bis 500k bei weniger Jahren im Unternehmen, wo du schon nur 120k nach 6 Jahren angeboten bekommst, klingt schon komisch. Aber wahrscheinlich war das andere eben ein strikt geplanter Abbau und das ist jetzt ein individuelles Angebot mit weniger Budget. Anders kann ich es mir nicht erkl\u00e4ren. \ud809\udc2b\r\n#Abfindung\r\nhttps:\/\/www.reddit.com\/r\/Finanzen\/comments\/1kx4k01\/120k_abfindung_annehmen\/",
            "hashtags": "Abfindung"
        }
    },
    {
        "20250704": {
            "value": "\ud809\udc2bIch habe heute mal online in mein Rentenkonto reingeschaut und festgestellt, dass meine Arbeitgeber und ich insgesamt 101.200\u20ac in die Rentenversicherung eingezahlt haben (siehe unten der Kasten). Der Anspruch der sich daraus ergibt sind mickrige 537\u20ac\/monat (siehe oberen Kasten). wohlgemerkt brutto. Und vorausgesetzt, dass ich meine Mindestzeiten einhalte und allgemein bis zum Rentenalter durchhalte. \ud809\udc2b\r\n#Rente\r\nhttps:\/\/www.reddit.com\/r\/Finanzen\/comments\/1lr051v\/101000_in_die_drv_eingezahlt_ergibt_537monat\/",
            "hashtags": "Rente"
        }
    },
    {
        "20250704": {
            "value": "#Reddit is a place where everyone teies to be the funniest ..\r\n\r\nAnd all of em are men.\r\n:akkoderp: ",
            "hashtags": "Reddit"
        }
    },
    {
        "20250704": {
            "value": "#Pepsiman !!!\r\nhttps:\/\/m.youtube.com\/watch?v=-xEDxIVIO_A\r\n#yugioh gx",
            "hashtags": "Pepsiman, yugioh"
        }
    },
    {
        "20250704": {
            "value": "#Vrains being the best as per usual\r\n\ud809\udc2bLinks changed the game so much that Fusion and Synchros had to copy its homework. Phantom of Yubel, Thunder dragon Colossus, Chaos Angel are basically links. \ud809\udc2b\r\nhttps:\/\/www.reddit.com\/r\/yugioh\/comments\/1lovgit\/tier_list_of_how_well_i_personally_think_konami\/",
            "hashtags": "Vrains"
        }
    },
    {
        "20250704": {
            "value": "#CurrListeningAlcea\r\nNoragami - Kyouran Hey Kids!! [German Fancover]\r\nhttps:\/\/www.youtube.com\/watch?v=oBTFK4hBP2U",
            "hashtags": "CurrListeningAlcea"
        }
    },
    {
        "20250704": {
            "value": "#CurrListeningAlcea\r\nDeath Note - The World [German Fancover] https:\/\/m.youtube.com\/watch?v=izQpSQNly2o",
            "hashtags": "CurrListeningAlcea"
        }
    },
    {
        "20250704": {
            "value": "#CurrListeningAlcea\r\nOwari no Seraph - X.U. [German Fancover] \r\nhttps:\/\/m.youtube.com\/watch?v=0Rki-NN1naY",
            "hashtags": "CurrListeningAlcea"
        }
    },
    {
        "20250704": {
            "value": "Yu-Gi-Oh! ARC-V Season 1 Opening Theme \"F\u00fchlst Du Diese Power\" (German\/Deutsch) https:\/\/m.youtube.com\/watch?v=KKAO6gVYI9M&pp=ygUUWmV4YWwgZ2VybWFuIG9wZW5pbmc%3D\r\n#yugioh",
            "hashtags": "yugioh"
        }
    },
    {
        "20250704": {
            "value": "Yu-Gi-Oh! ZeXal - Braving! [German Fancover] https:\/\/m.youtube.com\/watch?v=CigEcPN1HsA\r\n#ZeXal #Yugioh",
            "hashtags": "ZeXal, Yugioh"
        }
    },
    {
        "20250704": {
            "value": "#CurrListeningAlcea\r\nBEATLESS OPENING 1 - GARNiDELiA \u300eError\u300f4K 60FPS | Creditless\r\nhttps:\/\/www.youtube.com\/watch?v=vL3VVAXx4Yg",
            "hashtags": "CurrListeningAlcea"
        }
    },
    {
        "20250703": {
            "value": "\ud809\udc2bEine starke #Behauptung ist immer besser als ein gutes Argument.\ud809\udc2b",
            "hashtags": "Behauptung"
        }
    },
    {
        "20250703": {
            "value": "Warum deutsche Anime Lieder ballern! #germany https:\/\/m.youtube.com\/watch?v=gT0kHp9gaQ8\r\n\r\n14:50 Ansteigende Lizenspreise",
            "hashtags": "germany"
        }
    },
    {
        "20250703": {
            "value": "\ud809\udc2bMiet mich! Ich schau dir bei der Arbeit zu und geb dabei (un)qualifizierte Kommentare ab, oder erz\u00e4hl ab und zu einen Witz. Ab 20 \u20ac\/Stunde. Alternativ kann ich auch Mittagessen kochen. \ud809\udc2b\r\n#teamleiter #ceo\r\nhttps:\/\/woof.tech\/@dr_muesli\/114745900099414079",
            "hashtags": "teamleiter, ceo"
        }
    },
    {
        "20250703": {
            "value": "#Blocked time management ?\r\nhttps:\/\/forum.betriebsrat.de\/thread\/13644-blockierung-zeiterfassungssystem\/",
            "hashtags": "Blocked"
        }
    },
    {
        "20250703": {
            "value": "and if you go through all that \r\n(\r\nhttps:\/\/alceawis.de\/other\/extra\/scripts\/fakesocialmedia\/commentload.html?number=40&text=Hoho%0D%0A%0D%0AI%20need%20to%20use%20an%20\r\nhttps:\/\/alceawis.de\/other\/extra\/scripts\/fakesocialmedia\/commentload.html?number=40&text=I.%20hate.%20Google.%0D%0A%3Afugoog\r\n)\r\n\r\n#Google will still say \"NO!\"\r\n\r\nLike what.\r\nIs my Windows 11, with Brave Webbrowser (newest version) not good enough for you ?\r\n\r\nYou want Chrome ?\r\n\r\nWell: :fugoogle: \r\n\r\nhttps:\/\/ibb.co\/0Rs6FTRz\r\nhttps:\/\/i.ibb.co\/Jw3GyVwS\/joined-image-1.png",
            "hashtags": "Google"
        }
    },
    {
        "20250703": {
            "value": "Hoho\r\n\r\nI need to use an apppassword for #smpt as my usual one is too \"secure\" for #Google\r\n\r\nBut to get a Apppassword, you need #2fa enabled\r\n\r\nGood job #Google :fugoogle: \r\n\r\nAnd did I mention I do not have this phone on hand ?\r\nIt's in :wuerzburg: ..\r\n\r\nWtf google !!!!\r\nhttps:\/\/ibb.co\/qF2TDpYK\r\nhttps:\/\/i.ibb.co\/LhsV01dm\/joined-image.png",
            "hashtags": "smpt, Google, 2fa, Google"
        }
    },
    {
        "20250703": {
            "value": "I. hate. Google.\r\n:fugoogle:\r\n\r\n\r\n\r\n\r\nhttps:\/\/ibb.co\/LGxYVZp\r\nhttps:\/\/i.ibb.co\/N49tcyY\/Screenshot-2025-07-03-12-36-54.jpg\r\n\ud809\udc2bU no canz loginz in tis browser uwu \r\n- #Google\ud809\udc2b",
            "hashtags": "Google"
        }
    },
    {
        "20250703": {
            "value": "Let's enable #imap in C:\/tools\/php\/php.ini\r\n\r\n(right after using \"where php\" in cmd to find the path lol :ablobjoy:  )\r\n\ud809\udc2bextension=imap\ud809\udc2b\r\n\r\nhttps:\/\/ibb.co\/dwk15cTP\r\nhttps:\/\/i.ibb.co\/W4Bq23hk\/joined-image.png\r\n\r\n"
        }
    },
    {
        "20250703": {
            "value": "#yugioh being 100% broken\r\nhttps:\/\/m.youtube.com\/watch?v=ybBzTqb0ymw\r\n\r\nTrue but 2017 gave us vrains.\r\nThats all I'll ever need :Alcea_Smile: ",
            "hashtags": "yugioh"
        }
    },
    {
        "20250703": {
            "value": "#posteo works again",
            "hashtags": "posteo"
        }
    },
    {
        "20250702": {
            "value": "Great ..\r\n#posteo having issues with login (even over smtp )\r\n\r\nOh boi\r\nhttps:\/\/ibb.co\/SwVDzbvm\r\nhttps:\/\/i.ibb.co\/0yYpxTJ9\/Screenshot-20250702-233454-Chrome.png\r\n",
            "hashtags": "posteo"
        }
    },
    {
        "20250702": {
            "value": "#PHP IMAP Client\r\ncomposer require ssilence\/php-imap-client dev-master \r\nhttps:\/\/github.com\/SSilence\/php-imap-client?tab=readme-ov-file",
            "hashtags": "PHP"
        }
    },
    {
        "20250702": {
            "value": "K\u00fcnftig sollen chinesische Internetnutzer eine staatliche ID verwenden, um sich bei Plattformen anzumelden. Kritiker warnen vor einer Ausweitung der Zensur https:\/\/posteo.de\/news\/china-f\u00fchrt-staatliche-internet-id-ein\r\n#china",
            "hashtags": "china"
        }
    },
    {
        "20250702": {
            "value": "Ugh tired.\r\n#Heat be frying me.\r\n\r\nCan't even wear hoodies at this temp\r\n:akkoderp: ",
            "hashtags": "Heat"
        }
    },
    {
        "20250702": {
            "value": "https:\/\/alceawis.de\/chiptuneplayer.html\r\n\r\nPlayer for\r\n*it\r\n*mod\r\n*xm\r\n\r\nEtc\r\n#ImpulseTracker",
            "hashtags": "ImpulseTracker"
        }
    },
    {
        "20250702": {
            "value": "When you feel like programming #credits for your website at 4am\r\n https:\/\/alceawis.de\/credits.html\r\n:awoos_internally:",
            "hashtags": "credits"
        }
    },
    {
        "20250701": {
            "value": "\ud809\udc2bAs one of the only teams to produce PS1 discs outside of Sony (I think there were two) I can confirm your information is completely correct. The wobble groove is a 22.05khz (IIRC) oscillation. Spelling the initials SCEA, SCEE and SCEI for the three territories. Early PS1's had a very primitive and easy to reverse. 18 to twenty something bandpass filter. How we produced the discs was to find a friendly CD-R masteringhouse and instead of using the ATIP generating machine just use a small microcontroller along with the original 22.05khz signal generator and switch it on and off appropriately during the lead in area \ud809\udc2b\r\n#ps1 #drm #copyprotection #wobblegroove\r\nhttps:\/\/m.youtube.com\/watch?v=XUwSOfQ1D3c",
            "hashtags": "ps1, drm, copyprotection, wobblegroove"
        }
    },
    {
        "20250701": {
            "value": "\ud809\udc2bWhy are people even still using this.\r\n\r\nApp Nintendo even bans accounts migrate to SW2 that used Mig.\r\n\r\nNintendo has gone insane\r\n\r\n\r\nThe Switch2 might very well be thr most anticonsumer product I have ever seen.\r\nAnd thats saying alot when Apple exists.\r\n* GameKeyCards (and forcing Thirds into em cause 64 gig phys are like 15$ a pop)\r\n* Bricking your Switch2, because why the f#\u20ac% not\r\n* Game prices for seriously halfbaked software beyond good n evil\r\n\r\nMaybe Nintendo is now Sony\r\n\r\nMaybe I should write Furukawa fanmail and ask what drugz he is doing\ud809\udc2b\r\n#Switch2\r\nhttps:\/\/gbatemp.net\/threads\/mig-switch-on-switch-2.669389\/post-10684606",
            "hashtags": "Switch2"
        }
    },
    {
        "20250701": {
            "value": "CurrListeningAlcea\r\nFaxing Berlin - #deadmau5\r\nhttps:\/\/m.youtube.com\/watch?v=W_Mg_jbJqMc&pp=ygUNRmF4aW5nIGJlcmxpbg%3D%3D",
            "hashtags": "deadmau5"
        }
    },
    {
        "20250701": {
            "value": "#CurrListeningAlcea2\r\nSCENZAH - Wenn | INSTRUMENTAL by 2BOUGH https:\/\/m.youtube.com\/watch?v=oReVCD28DuY&pp=ygUrU0NFTlpBSCAtIFdlbm4gZGVyIFJ1c3NlIGtvbW10IGluc3RydW1lbnRhbA%3D%3D",
            "hashtags": "CurrListeningAlcea2"
        }
    },
    {
        "20250630": {
            "value": "#3DS #Cart fixer\r\n(#NAND ? wat. I thought this was mrom.\r\nIs NAND for savegames ?)\r\n\r\nMethod of Increasing NAND Flash Lifetime via In-Place Reprogramming-based Flash Correct-and-Refresh Technique on Garbage Collector Side of Flash- oriented File System https:\/\/www.researchgate.net\/figure\/n-Place-Reprogramming-Flash-Correct-and-Refresh-Technique_fig5_351061393 https:\/\/gbatemp.net\/threads\/corrupted-cartridge-fixer-release.628539\/",
            "hashtags": "3DS, Cart, NAND"
        }
    },
    {
        "20250630": {
            "value": "\ud809\udc2bjaygo6390\r\nThe actual reason why 64gb is the only option is because the storage technology being used does not go smaller than 64gb, so it is impossible to get smaller cart sizes.\r\n\r\nhighroad446\r\nThis is true, it currently costs the same amount to produce 64gb chips as it does any smaller size. Memory sizes in consumer electronics are entirely marketing smoke & mirrors. The only exception is in the largest chips that utilize new tooling\/processes to create, expensive at first then gradually reduce in cost as production ramps up. That said, the $15 per cart fee that Nintendo charges is probably 80% profit. I know it's not apples to apples but quality 64gb SD cards are readily available for $3-5 each. The silicon inside these SW2 games is probably the least expensive part.\r\n\r\n\r\n\ud809\udc2b\r\n#GameKeyCards suck !\r\nhttps:\/\/m.youtube.com\/watch?v=KjbUZ8EycTI\r\n#Nintendo #Switch2\r\n",
            "hashtags": "GameKeyCards, Nintendo, Switch2"
        }
    },
    {
        "20250630": {
            "value": "Yes.\r\nVery good #NintendoLife\r\n\r\nThats how you properly add user relevant time date !\r\n\r\n\ud809\udc2b<pre><code>&lt;script&gt;\r\ndocument.write('&lt;li&gt;&lt;strong&gt;Your Local Time:&lt;\/strong&gt; &lt;time datetime=\"2025-07-02T19:00:00+00:00\" class=\"with-timezone\"&gt;8:00pm, Wed 2nd Jul 2025&lt;\/time&gt;&lt;\/li&gt;');\r\n&lt;\/script&gt;\r\n<\/code><\/pre>\ud809\udc2b\r\n\r\n https:\/\/www.nintendolife.com\/news\/2025\/06\/bandai-namcos-summer-showcase-promises-plenty-of-switch-news-later-this-week\r\n\r\nhttps:\/\/ibb.co\/9k7bhnXC\r\nhttps:\/\/i.ibb.co\/PvdcMxpf\/joined-image.png\r\n",
            "hashtags": "NintendoLife"
        }
    },
    {
        "20250630": {
            "value": "\ud809\udc2bThe #internet has made the loud people think they have the majority opinion when in actuality they're the minority. \ud809\udc2bhttps:\/\/www.reddit.com\/r\/nintendo\/comments\/1lfabw3\/so_are_people_just_okay_with_nintendo\/",
            "hashtags": "internet"
        }
    },
    {
        "20250630": {
            "value": "Is #Reddit .. Broken ?\r\nThe sidebar all reads \"0 comments\" yet all of them have some https:\/\/alcea-wisteria.de\/z_files\/emoji\/blobcatfacepalm.gif\r\nhttps:\/\/www.reddit.com\/r\/nintendo\/comments\/1li4m75\/what_are_your_actual_genuine_critiques_of_nintendo\/\r\nhttps:\/\/ibb.co\/qYdKcJww\r\nhttps:\/\/i.ibb.co\/xqDWBFQQ\/Screenshot-20250630-123925-Brave.png",
            "hashtags": "Reddit"
        }
    },
    {
        "20250630": {
            "value": "So you just delete all users, then #reset the console to #factory\r\n\r\nGotIt\r\nhttps:\/\/www.nintendo.com\/de-de\/Support\/Nintendo-Switch\/FAQ\/Aufhebung-der-Verknupfung-eines-Nintendo-Accounts-mit-einer-Nintendo-Switch-2-oder-Nintendo-Switch-Konsole-1228926.html\r\n\r\nI barely used the Switch2 in the last 24 days.\r\n470\u20ac for yet another Switch* ?\r\nNo\r\n\r\n*I have only one Switch2 game and almost all Switch2 games are GameKeyCards.\r\nNo #NintendoDirect on the horizon.\r\nNo games that are not also on Switch1 that intereset me.\r\n\r\nSending it back it is\r\n\r\nNom time for playing games rn",
            "hashtags": "reset, factory, NintendoDirect"
        }
    },
    {
        "20250630": {
            "value": "Wait #Theinen had a #summon from deck clause ???\r\n\r\nWhat :ablobcatbongo: \r\nIn 2004 ?\r\n\r\nI'm so confused\r\n\r\nhttps:\/\/cardcluster.de\/card\/theinen-the-great-sphinx\r\n\ud809\udc2b\r\nThis card cannot be Normal Summoned or Set. This card cannot be Special Summoned except by paying 500 Life Points when both \"Andro Sphinx\" and \"Sphinx Teleia\" on your side of the field are destroyed at the same time; then you can Special Summon this monster from your hand or Deck. When this card is Special Summoned successfully, pay 500 Life Points to increase the ATK of this card by 3000 points until the end of the End Phase.\ud809\udc2b\r\nhttps:\/\/yugioh.fandom.com\/wiki\/Special_Summons_itself_from_your_Deck",
            "hashtags": "Theinen, summon"
        }
    },
    {
        "20250630": {
            "value": "Friend watched this movie in #cinema with me.\r\n\r\nWas quite nice.\r\nAnd the only Anime movie I ever watched in a theater.\r\nChibi me liked it (even though I didn't understand half of it)\r\n\r\nhttps:\/\/m.youtube.com\/watch?v=xeco2Wx9AMI\r\n\r\n#yugioh #movie #PyramideDesLichts",
            "hashtags": "cinema, yugioh, movie, PyramideDesLichts"
        }
    },
    {
        "20250630": {
            "value": "So many #GameKeyCards wtf #Nintendo and your #Switch2\r\n\r\n\r\n:NekoWhat: \r\nhttps:\/\/www.nintendolife.com\/guides\/27-upcoming-nintendo-switch-2-games-were-excited-for-in-2025",
            "hashtags": "GameKeyCards, Nintendo, Switch2"
        }
    },
    {
        "20250630": {
            "value": "Wait .. #Otto is atm charging 574\u20ac\r\nfor #Switch2 ?!\r\n\r\n(Mine was 470\u20ac\r\nWhats going on ?!)\r\nhttps:\/\/www.otto.de\/p\/nintendo-switch-2-nintendo-switch-2-verschiedene-modelle-zur-auswahl-C1970649276\/#variationId=S0OEG0AEZD8P\r\n\r\nhttps:\/\/i.ibb.co\/Gv8kwHfF\/Screenshot-20250630-110839-Brave.png",
            "hashtags": "Otto, Switch2, variationId"
        }
    },
    {
        "20250630": {
            "value": "Real #Switch2\r\n\r\nhttps:\/\/www.reddit.com\/r\/switch2\/comments\/1le68h6\/just_got_my_switch_2\/\r\n\r\n#GBA",
            "hashtags": "Switch2, GBA"
        }
    },
    {
        "20250630": {
            "value": " #Cookies and #LocalStorage are locked to the #domain that issued em it seems\r\n\r\nhttps:\/\/i.ibb.co\/zVzrV8MJ\/Screenshot-20250630-104329-Brave.png",
            "hashtags": "Cookies, LocalStorage, domain"
        }
    },
    {
        "20250630": {
            "value": ":MikuChairSpin: "
        }
    },
    {
        "20250630": {
            "value": "Wow\r\nThis \"amazing , opensource nonintrusive\" #socialmedia is so good it throws a 503 !\r\n\r\nhttps:\/\/dotsmesh.com\/\r\n\r\nhttps:\/\/ibb.co\/gZtVXRp4\r\nhttps:\/\/i.ibb.co\/3mSz8CqR\/joined-image.png",
            "hashtags": "socialmedia"
        }
    },
    {
        "20250630": {
            "value": "Decode n HollyAngel\r\nhttps:\/\/www.pixiv.net\/en\/artworks\/71649709\r\n\r\nMaybe I should draw em too\r\n#vrains",
            "hashtags": "vrains"
        }
    },
    {
        "20250630": {
            "value": "MPEG-4 AAC plugin for #MoonShell \r\nhttps:\/\/gbatemp.net\/threads\/how-to-add-plug-ins-on-moonshell2.181570\/\r\n\r\nhttps:\/\/web.archive.org\/web\/20070112064051\/http:\/\/ds.qj.net\/MPEG-4-AAC-plugin-for-MoonShell\/pg\/49\/aid\/76588",
            "hashtags": "MoonShell"
        }
    },
    {
        "20250630": {
            "value": "\ud809\udc2bIt's possible to create even longer movies but it will look crappy, and your friends will laugh at you because it looks so pathetic. \ud809\udc2b\r\n\r\n\r\nhttps:\/\/www.gameboy-advance.net\/video\/meteo_avi-2-gba_video_codec.htm\r\n:ablobjoy: \r\n\r\nMight aswell gt a #gbamp , #m3cf \/ #m3sd or perhaps use dpg with #moonshell then\r\n\r\nEven #PlayYan on GBA is better",
            "hashtags": "gbamp, m3cf, m3sd, moonshell, PlayYan"
        }
    },
    {
        "20250630": {
            "value": "Looks like gameboy-advance.net used to use a #perl ( https:\/\/www.romster.com\/cgi-bin\/gbanet\/mail\/mail.pl ) to relay contact form\r\nhttps:\/\/www.gameboy-advance.net\/site\/contacts.htm\r\n\r\n\ud809\udc2b\r\nDu:\r\n<\/noscript>\r\n<\/p>\r\n            <table width=\"460\" border=\"0\" cellspacing=\"0\" cellpadding=\"0\">\r\n              <tr> \r\n\t\t\t  \r\n                <td width=\"300\" bgcolor=\"#F7F9F9\"> <p><strong>&nbsp;<br>\r\n                    &nbsp; Online feedback form<\/strong><\/p>\r\n                  <p>&nbsp;<\/p><\/td>\r\n                <td bgcolor=\"#F7F9F9\">&nbsp;<\/td>\r\n                <td width=\"20\" bgcolor=\"#F7F9F9\">&nbsp;<\/td>\r\n                <td width=\"1\" rowspan=\"2\" bgcolor=\"#E9EBEB\"><img src=\"..\/img\/.gif\" width=\"1\" height=\"1\"><\/td>\r\n              <\/tr>\r\n              <tr> \r\n                <td colspan=\"3\" bgcolor=\"#F7F9F9\"> \r\n                  <form action=\"http:\/\/www.romster.com\/cgi-bin\/gbanet\/mail\/mail.pl\" method=\"POST\">\r\n                    <table width=\"100%\" height=\"105\" border=\"0\" cellpadding=\"0\" cellspacing=\"0\">\r\n                      <tr> \r\n                        <td rowspan=\"4\" valign=\"top\"><div align=\"center\">\r\n                            <textarea name=\"message\" cols=\"25\" rows=\"10\">Mail Form doesn't work do to some tech problems so please USE THE eMAIL LINK ABOVE to contact us.<\/textarea>\r\n                          <\/div><\/td>\r\n                        <td height=\"20\"><input name=\"email\" type=\"text\">\r\n                          your e-mail*<\/td>\r\n                      <\/tr>\r\n                      <tr> \r\n                        <td height=\"20\"><input name=\"realname\" type=\"text\">\r\n                          name <\/td>\r\n                      <\/tr>\r\n                      <tr> \r\n                        <td height=\"20\"><input name=\"subject\" type=\"text\">\r\n                          subject <\/td>\r\n                      <\/tr>\r\n                      <tr> \r\n                        <td height=\"100\"><input name=\"Submit\" type=\"submit\" class=\"L\" value=\" Send form \" onClick=\"doit()\"> \r\n                          <input name=\"Reset\" type=\"reset\" class=\"L\" id=\"Reset3\" value=\"    Reset    \"> \r\n                        <\/td>\r\n                      <\/tr>\r\n                      <tr> \r\n                        <td colspan=\"2\"> \r\n\t\t\t\t\t\t  <input name=\"recipient\" type=\"hidden\" id=\"xmail\" value=\"\"> \r\n                          <input name=\"redirect\" type=\"hidden\" id=\"redirect\" value=\"http:\/\/www.gameboy-advance.net\/site\/mail_sent.htm\"> \r\n                          <input type=\"hidden\" name=\"env_report\" value=\"REMOTE_HOST,REMOTE_ADDR,HTTP_USER_AGENT\">\r\n                          <input type=\"hidden\" name=\"required\" value=\"recipient,email,message\"> \r\n                        <\/td>\r\n                      <\/tr>\r\n                    <\/table>\r\n                  <\/form> <\/td>\r\n              <\/tr>\r\n              <tr> \r\n                <td colspan=\"3\" bgcolor=\"#F7F9F9\">&nbsp;<\/td>\r\n                <td width=\"1\" bgcolor=\"#E9EBEB\"><img src=\"..\/img\/.gif\" width=\"1\" height=\"1\"><\/td>\r\n              <\/tr>\r\n              <tr> \r\n                <td height=\"1\" colspan=\"3\" bgcolor=\"#E9EBEB\"><img src=\"..\/img\/.gif\" width=\"1\" height=\"1\"><\/td>\r\n                <td width=\"1\" height=\"1\" bgcolor=\"#E9EBEB\"><img src=\"..\/img\/.gif\" width=\"1\" height=\"1\"><\/td>\r\n              <\/tr>\r\n\r\nChatGPT:\r\nThis is a snippet of old HTML code for an online feedback form that appears to come from a vintage website (possibly early 2000s). Here\u2019s a breakdown of what's happening in this code and what you need to know:\r\n\r\n\ud83d\udd0d Key Elements in the Code:\r\nForm Fields:\r\n\r\nTextarea: For the message (pre-filled with a note: \"Mail Form doesn't work...\").\r\n\r\nText Inputs:\r\n\r\nemail \u2013 user's email (required)\r\n\r\nrealname \u2013 user's name\r\n\r\nsubject \u2013 message subject\r\n\r\nSubmit & Reset buttons\r\n\r\nForm Action:\r\n\r\nSubmits to: http:\/\/www.romster.com\/cgi-bin\/gbanet\/mail\/mail.pl\r\n\r\nHidden fields include:\r\n\r\nrecipient \u2013 appears to be empty (may prevent proper submission)\r\n\r\nredirect \u2013 sends users to a confirmation page\r\n\r\nenv_report \u2013 collects info like IP address and browser\r\n\r\nrequired \u2013 defines required fields\r\n\r\nUI Layout:\r\n\r\nBuilt using old-style <table> layouts\r\n\r\nUses spacer .gif images for layout, which is outdated\ud809\udc2b",
            "hashtags": "perl, F7F9F9, F7F9F9, F7F9F9, E9EBEB, F7F9F9, F7F9F9, E9EBEB, E9EBEB, E9EBEB"
        }
    },
    {
        "20250630": {
            "value": "Well can have some buttons for my (https:\/\/alceawis.de\/buttons.html ) page\r\n\r\nhttps:\/\/anlucas.neocities.org\/88x31Buttons"
        }
    },
    {
        "20250630": {
            "value": "A website thats #closed on #mondays :ablobjoy: \r\nhttps:\/\/melonking.net\/\r\n\r\n\r\nhttps:\/\/ibb.co\/21ZsT2Tw\r\nhttps:\/\/i.ibb.co\/0RsFxNxk\/Screenshot-20250630-070029-Brave.png",
            "hashtags": "closed, mondays"
        }
    }
]