[
    {
        "20240815": {
            "value": "Oh my god !\r\nI got #VroidXYTool to run !\r\n\r\nYAY !\r\nhttps:\/\/github.com\/BepInEx\/BepInEx\/releases\r\nhttps:\/\/pastebin.com\/u\/xcrossbite\/1\/HsSP8q8j\r\nhttps:\/\/github.com\/xiaoye97\/VRoidXYTool\/releases\r\nhttps:\/\/www.youtube.com\/watch?v=-3P9dQre2v8\r\n\r\nThis is amazing :dragnaww: \r\nmedia.yusaao.com\/media\/d497eac449c725afa98a21bfca01ebf6933f462482704f096ef5ecb6ecfcc49a.jpg\r\nhttps:\/\/ibb.co\/BqSvtYZ\r\nhttps:\/\/i.ibb.co\/nz54bKc\/d497eac449c725afa98a21bfca01ebf6933f462482704f096ef5ecb6ecfcc49a.jpg\r\n",
            "hashtags": "VroidXYTool"
        }
    },
    {
        "20240815": {
            "value": "Ahhh YES YES YES.\r\n\r\nI found a way !\r\n\r\nYou *CAN* Export via #unity from #vrm\r\n\r\n1) use Vroid #Studio 1.26.0 \r\n2) use VRMtoPMXExporter_v0.5.6.unitpackage \r\n+ \r\nUniVRM-0.5.2_155a.unitypackage \r\n3) load up unity, toss both packages in, then the vrm (which you MUST export from vroid 1.26.0)\r\n4) click on the vrm file in the 3d view\r\n5) on right pane scroll all ways down \"add component\" => pmx exporter\r\n6) \"PMX Exporter (Script) => three dot menu => export\r\n\r\n\r\nYou are FORCED to fix the armaments in PMXEDitor. but this is the only servicable way I know of (next to the very shoddy vroid2pmx by miu) that even REMOTLY allows export to pmx)\r\n\r\nPHew. WHAT.\r\nA.\r\nRide !\r\n\r\n#unity #mikumikudance #pmx #vrm\r\n\r\nhttps:\/\/ibb.co\/T1N1hMK\r\nhttps:\/\/i.ibb.co\/YXVXjBD\/fb37e29eb24b39f7499447fc0748d9c278c083c3a48dedeaf3f19ba77a399c2c.jpg\r\n\r\nmedia.yusaao.com\/media\/fb37e29eb24b39f7499447fc0748d9c278c083c3a48dedeaf3f19ba77a399c2c.jpg",
            "hashtags": "unity, vrm, Studio, unity, mikumikudance, pmx, vrm"
        }
    },
    {
        "20240815": {
            "value": "#CurrListeningAo\r\n\r\n~ #LGBT skeletons #dancing ~\r\n\r\n#DanceWithTheDead - Tilt World [The B-Sides: Volume 1] \r\nhttps:\/\/m.youtube.com\/watch?v=slh_WL8PbQA",
            "hashtags": "CurrListeningAo, LGBT, dancing, DanceWithTheDead"
        }
    },
    {
        "20240815": {
            "value": "#Takatis\r\nhttps:\/\/www.winterworks.de\/project\/takatis",
            "hashtags": "Takatis"
        }
    },
    {
        "20240815": {
            "value": "Well, this embed is not #available in #akkoma\r\n.. I could hardcode a #mastodon instance as relay haha.\r\n\r\nBut then I'd need to resolve the #post s url to point to here which would require an #apikey\r\n\r\nNoThankU\r\n#soundcloud\r\n\r\nI blame SC for making it impossible to find the #embed url witzhout non #CORS alt ways (aka #php )\r\n\r\nAlso\r\n,\r\nfunny how #akkoma n #pleroma aswell as #misskey just render a #previewcard lol\r\n\r\n\"Soundcloud ? We don't do that !!!1\"\r\nmedia.yusaao.com\/media\/9ed12ff42f0b68cc328f52daa48722447fdd515fab719e50c2c2355804d5e990.png\r\n\r\nhttps:\/\/ibb.co\/VxM19tx\r\nhttps:\/\/i.ibb.co\/0KY72cK\/Screenshot-20240815-101652-Brave.png\r\n\r\n",
            "hashtags": "available, akkoma, mastodon, post, apikey, soundcloud, embed, CORS, php, akkoma, pleroma, misskey, previewcard"
        }
    },
    {
        "20240815": {
            "value": "#CurrListeningAo\r\nMetal Stage - #Takatis\r\n#Winterworks\r\nhttps:\/\/m.soundcloud.com\/winterworks_gmbh\/metal-stage",
            "hashtags": "CurrListeningAo, Takatis, Winterworks"
        }
    },
    {
        "20240814": {
            "value": "And then it #exploded from sheer #Happiness !\r\nhttps:\/\/m.youtube.com\/watch?v=hPUO78T7ROE&feature=youtu.be\r\n\r\n(Imagine that thing flying up to you irl.\r\nCry or run? Or both ?\r\n#NieRAutomata )",
            "hashtags": "exploded, Happiness, NieRAutomata"
        }
    },
    {
        "20240814": {
            "value": "so I need to download unityhub:\/\/2019.4.31f1\/bd5abf232a62 \r\nhttps:\/\/download.unity3d.com\/download_unity\/bd5abf232a62\/Windows64EditorInstaller\/UnitySetup64-2019.4.31f1.exe\r\n\r\n(https:\/\/unity.com\/de\/releases\/editor\/archive) for #vrm to #pmx to work properly ?? #sigh\r\n\r\nThis is so unfun",
            "hashtags": "vrm, pmx, sigh"
        }
    },
    {
        "20240814": {
            "value": "You have to *beep* ing be #kidding me ..\r\n\r\nWho ships a #laptop without #tracking number ?!\r\n\r\nI'm baffled\r\nhttps:\/\/media.yusaao.com\/media\/1f66cf8e149d5b0ebba7ef0a6c3aad2a1305bd00e95dc57fc723e7daa4e4fb88.png",
            "hashtags": "kidding, laptop, tracking"
        }
    },
    {
        "20240813": {
            "value": "Curr best way to #vrm 2 #pmx\r\n=>\r\n\r\nHeadpart via vrm2pmx 0.5\r\nBody part via vrm2pmx 2.0.16\r\n\r\n=> combine via #pmxdressup\r\nBest body bones\r\nAnd no eyebrows move into eyes issues or HUGE mouth issues\r\n(No #anger emotion either)\r\n#mmd #mikumikudance\r\n",
            "hashtags": "vrm, pmx, pmxdressup, anger, mmd, mikumikudance"
        }
    },
    {
        "20240813": {
            "value": "This is why\r\n#threeJS > #babylonJS\r\n\r\nBabylon examples are broken so often its so sad !\r\nhttps:\/\/playground.babylonjs.com\/#K5W35Y#21 https:\/\/forum.babylonjs.com\/t\/babylon-vrm-demos-no-longer-works\/10558\/4",
            "hashtags": "threeJS, babylonJS, K5W35Y, 21"
        }
    },
    {
        "20240813": {
            "value": "Lol\r\n\"Too #negative #introversion\" \ud83e\udd23\ud83e\udd23\r\nhttps:\/\/similarminds.com\/introversion.html",
            "hashtags": "negative, introversion"
        }
    },
    {
        "20240813": {
            "value": "Time for another #paperweight\r\n( #Lapras was not staring hard enough)\r\nhttps:\/\/media.yusaao.com\/media\/0f16b45cdaccbfc6d8873d7622eac04aadc67d083b4b603bcf21bd9bbea71927.png\r\n\r\nTruth to be told this summer is not doing my lungs a favor.\r\n\r\nAnd if this thing works I bet thats not the worst\r\n\r\n#dyson thingy\r\n\r\n(Was this sliiightly influenced by all the dyson talk in here \r\nhttps:\/\/m.youtube.com\/watch?v=tFdnCzfJPJ0 ?\r\nMayyybe ?)",
            "hashtags": "paperweight, Lapras, dyson"
        }
    },
    {
        "20240812": {
            "value": "#Preview #vrm Online \r\nhttps:\/\/vrm-viewer.ownverse.world\r\n\r\n(Alt:\r\nhttps:\/\/virtual-cast.github.io\/babylon-vrm-loader\/\r\nhttps:\/\/pixiv.github.io\/three-vrm\/packages\/three-vrm\/examples\/webgpu-dnd.html\r\n)",
            "hashtags": "Preview, vrm"
        }
    },
    {
        "20240812": {
            "value": "https:\/\/github.com\/Ry3yr\/ry3yr.github.io\/blob\/main\/vrm-pmx-modelconv.rar https:\/\/github.com\/binzume\/modelconv\r\n\r\nWorks really well for #pmx #vrm #conversion !",
            "hashtags": "pmx, vrm, conversion"
        }
    },
    {
        "20240812": {
            "value": "Autorigify #vrm in #blender\r\nhttps:\/\/github.com\/nanoskript\/vrm-rigify",
            "hashtags": "vrm, blender"
        }
    },
    {
        "20240812": {
            "value": "#pretty #pcb\r\nhttps:\/\/easyw.github.io\/vrm360\/ https:\/\/github.com\/easyw\/vrm360",
            "hashtags": "pretty, pcb"
        }
    },
    {
        "20240812": {
            "value": "#pmx 2 #fbx\r\nhttps:\/\/github.com\/anydream\/Pmx2Fbx\/releases\/tag\/1.0",
            "hashtags": "pmx, fbx"
        }
    },
    {
        "20240812": {
            "value": "#Dracula be like\r\nhttps:\/\/i.kym-cdn.com\/photos\/images\/newsfeed\/001\/154\/258\/bdd.png",
            "hashtags": "Dracula"
        }
    },
    {
        "20240812": {
            "value": "(MMD) to .FBX DRAG AND DROP Converter https:\/\/truebones.gumroad.com\/l\/PXkRm\r\n\r\n#mmd #mikumikudance #fbx #converter",
            "hashtags": "mmd, mikumikudance, fbx, converter"
        }
    },
    {
        "20240812": {
            "value": "https:\/\/www.tumblr.com\/mmdtechsupport\/155863421477\/obj-to-pmx-long-way-round\r\n\r\n#mmd #techsupport \ud83d\ude02",
            "hashtags": "mmd, techsupport"
        }
    },
    {
        "20240812": {
            "value": "vroid2pmx old releases\r\n#vroid #pmx #mmd #mikumikudance\r\nhttps:\/\/github.com\/miu200521358\/vroid2pmx\/releases",
            "hashtags": "vroid, pmx, mmd, mikumikudance"
        }
    },
    {
        "20240812": {
            "value": "#mmd \/ #mikumikudance autotracer #motion gen\r\nhttps:\/\/colab.research.google.com\/github\/miu200521358\/motion_trace_colab\/blob\/master\/MMDAutoTrace2_en.ipynb \r\nhttps:\/\/m.youtube.com\/watch?v=l_h6paLDDZo",
            "hashtags": "mmd, mikumikudance, motion"
        }
    },
    {
        "20240812": {
            "value": "A single #github #repo for one #model\r\nHuh\r\nhttps:\/\/github.com\/Miraikomachi\/MiraikomachiPMX",
            "hashtags": "github, repo, model"
        }
    },
    {
        "20240812": {
            "value": "http:\/\/suvidriel.com\/VRoidBoneRenamer0.2.unitypackage suvidriel.com https:\/\/m.youtube.com\/watch?v=0pcszobYA0U\r\n\r\n#vroid",
            "hashtags": "vroid"
        }
    },
    {
        "20240812": {
            "value": "https:\/\/m.youtube.com\/watch?v=EDsiZram6BI https:\/\/github.com\/kitsune-ONE-team\/KITSUNETSUKI-Asset-Tools?tab=readme-ov-file\r\n\r\n#blend 2 #vrm",
            "hashtags": "blend, vrm"
        }
    },
    {
        "20240812": {
            "value": "Hmmm"
        }
    },
    {
        "20240812": {
            "value": "#CurrListeningAo\r\nDANCE WITH THE DEAD - Venom\r\nhttps:\/\/www.youtube.com\/watch?v=8dHni_0hcXk",
            "hashtags": "CurrListeningAo"
        }
    },
    {
        "20240812": {
            "value": "Talking about #excel #god.\r\n\r\nThis is one of my favorit #memes :AC_Isabelle_Laughing:\r\nhttps:\/\/media.yusaao.com\/media\/29a88c843eaf76bbba36bb306d6f41b00cb5ec4b13cd5ffeb861b6434dd92e2b.webp",
            "hashtags": "excel, god, memes"
        }
    },
    {
        "20240812": {
            "value": "This might be the closest I've gotten to #rigging a model in #blender\r\n\r\nAnd.. .I did not have to rename any bones ?\r\nHuh.\r\nIf this works.\r\n\r\nI'm confused.\r\nhttps:\/\/www.youtube.com\/watch?v=lc3p0CaHuiM&feature=youtu.be\r\n#ModelsAo\r\n\r\n#vrm #vroid #mmd #mikumikudance #rig #blender\r\n\r\n(The manipulation of #Blender is very similar too #PMXEditor s.. aside having to use scroll-wheel + Alt to pan and who knows what hotkeys.\r\n\r\nIf you know hotkeys you are like the #excelgod of a small company, but for 3d modelling)",
            "hashtags": "rigging, blender, ModelsAo, vrm, vroid, mmd, mikumikudance, rig, blender, Blender, PMXEditor, excelgod"
        }
    },
    {
        "20240812": {
            "value": "129\u20ac\r\nfor a\r\n#Microsoft #Surface Pro 4 Tablet Intel i5 6300U 8GB 256GB 12,3 inch\r\n\r\n140\u20ac\r\nfor a\r\nApple iPad 8. -3GB RAM - 32GB\r\n\r\n\r\n*squints eyes*\r\n\r\n#apple products are a #ripoff even *if* you buy em #cheap !\r\n\r\nWow\r\n\r\nAnd then that roast from #vroid\r\n\"Pls get device with more #ram\"\r\nhttps:\/\/yusaao.com\/notice\/Akt88DulwOfXqpVJwm\r\n\r\nNothankuu\r\n\r\nI'ma get a touch #windows pc and the #ipad I dunno.\r\n\r\n#Procreate I guess runs good\r\n\r\nOh wowowowowo",
            "hashtags": "Microsoft, Surface, apple, ripoff, cheap, vroid, ram, windows, ipad, Procreate"
        }
    },
    {
        "20240812": {
            "value": "\r\nYeah well...\r\n\r\nThey are not wrong\r\nGuess we came to thesame conclusion\r\nShame\r\n\r\nhttps:\/\/ibb.co\/B64dkNB\r\nhttps:\/\/i.ibb.co\/xgmPZH6\/Screenshot-20240812-124214-Chrome.png\r\n\r\n#vroid\r\nTruth to be told\r\n\r\nTexturizung on iPad is horror anyways, and if hair n face etc is done I can finish the rest on pc\r\n",
            "hashtags": "vroid"
        }
    },
    {
        "20240811": {
            "value": "Sorry #Shoka,\r\nBut your #hair is in the way !\r\n\r\nAnd we will not cut it...\r\n\r\nSooo. I'll shove it into your #hoodie !!!!\r\nhttps:\/\/www.youtube.com\/watch?v=wriZrNENAYQ&feature=youtu.be",
            "hashtags": "Shoka, hair, hoodie"
        }
    },
    {
        "20240811": {
            "value": "Hmm so #vroid crashing when trying to edit the #cloth texture on #ipad is normal ?!\r\n\r\nhttps:\/\/www.reddit.com\/r\/VRoid\/comments\/18xwrad\/vroid_keeps_crashing_on_me\r\n\r\nWow.\r\n\r\nAt least I can do hair Skirt and shoes aswell as skin\r\n\r\nGuess the rest needs to be done on pc\r\n\r\n________\r\nEdit:\r\nEdit tex on small model\r\nThen reimport vroidcustom file\r\nhttps:\/\/m.youtube.com\/watch?v=TKZMC2VyOfk&feature=youtu.be",
            "hashtags": "vroid, cloth, ipad"
        }
    },
    {
        "20240810": {
            "value": "http:\/\/windystar.myartsonline.com\/manga\/manifesto\/manifesto05.html"
        }
    },
    {
        "20240810": {
            "value": "Felt like a bit of #rss today.\r\n\r\nIt saves urls tour browsers #localstorage and fetches via #php\r\nhttps:\/\/m.youtube.com\/watch?v=ixVvvDQ2DJI&feature=youtu.be\r\n\r\nhttps:\/\/codepen.io\/ryedai1\/pen\/ExBwWea\r\n\r\n#CodeAo",
            "hashtags": "rss, localstorage, php, CodeAo"
        }
    },
    {
        "20240810": {
            "value": "Hey #nice !\r\n\r\n#apple #ios #fileexplorer Supports Servers !!\r\nhttps:\/\/ibb.co\/bKTWkgf\r\nhttps:\/\/i.ibb.co\/wzV0fNv\/Download.png\r\nI can copy my #vroid and edit them on the #ipad\r\n\r\nNo #itunes everrr yay\r\n",
            "hashtags": "nice, apple, ios, fileexplorer, vroid, ipad, itunes"
        }
    },
    {
        "20240810": {
            "value": "iOS 17.4, Apple is opening up its system to other browser engines, which means browsers will get better fast. But only users in the EU get to try them. https:\/\/www.theverge.com\/2024\/1\/25\/24050478\/apple-ios-17-4-browser-engines-eu https:\/\/www.iphone-ticker.de\/ios-browser-grosse-huerden-bremsen-echte-safari-alternativen-aus-234911\/\r\n#apple",
            "hashtags": "apple"
        }
    },
    {
        "20240810": {
            "value": "2024 #Apple #wwdc #keynote be like\r\nhttps:\/\/yusaao.com\/notice\/Akp1mSqEO0x1PwmW7E\r\nhttps:\/\/web.archive.org\/web\/20240810124220\/https:\/\/yusaao.com\/notice\/Akp1mSqEO0x1PwmW7E",
            "hashtags": "Apple, wwdc, keynote"
        }
    },
    {
        "20240810": {
            "value": "Having #ipad (#ios #apple) again, for #vroid reasons..\r\n\r\n#NIGHTMARE !\r\nhttps:\/\/yusaao.com\/notice\/AkopqIPxssuCnVYZ2u\r\nhttps:\/\/yusaao.com\/notice\/Akopyg51nB8IV9lBbc\r\nhttps:\/\/yusaao.com\/notice\/Akoq1zPgMuShKa04lE\r\nhttps:\/\/yusaao.com\/notice\/AkotUKRy2zNgXwH2nY\r\nhttps:\/\/yusaao.com\/notice\/Akotalqv4vQ3Gs16aO\r\nhttps:\/\/yusaao.com\/notice\/Akotj6g9Wx00BBxJ56\r\nhttps:\/\/yusaao.com\/notice\/AkotnTQEugIFsJavOy\r\nhttps:\/\/yusaao.com\/notice\/AkouIYxsM9Bm2f9Urg\r\nhttps:\/\/yusaao.com\/notice\/Akoum6WwdgBmXedrEW\r\nhttps:\/\/yusaao.com\/notice\/Akouw87xYXmiOHjge0\r\nhttps:\/\/yusaao.com\/notice\/AkovNSI8h6TMkPWjhI\r\nhttps:\/\/yusaao.com\/notice\/AkoveR4kT6R3toMPWC\r\nhttps:\/\/yusaao.com\/notice\/AkovvcbspwkEaz3PWa\r\nhttps:\/\/yusaao.com\/notice\/Akox3xxzPwep6Pw8wK\r\nhttps:\/\/yusaao.com\/notice\/AkoxDI2w8A3Hz8hFtg\r\nhttps:\/\/yusaao.com\/notice\/AkoxJ7J2yWRGPe0icy\r\nhttps:\/\/ibb.co\/1fN4Cpx\r\nhttps:\/\/i.ibb.co\/MDHJzjL\/Screenshot-2024-08-10-12-26-30.jpg\r\n\r\n#stuffao\r\n",
            "hashtags": "ipad, ios, apple, vroid, NIGHTMARE, stuffao"
        }
    },
    {
        "20240810": {
            "value": "Funny.\r\n\r\nI found a bug in my webrenderer.\r\n\r\nI can load the pmx even with \"\\\" .. but the texturs won't load then.\r\n\r\nI love that.\r\nIt can make you go crazy if you copypasta from Windows explorer.\r\n\r\nWonder if blender has that issue too with slashes\r\nhttps:\/\/www.youtube.com\/watch?v=mKIPmMuTj-Y&feature=youtu.be"
        }
    },
    {
        "20240809": {
            "value": "Turns out..\r\n\r\n#Blender 3.6 might just be the #solution to all my problems.\r\n\r\nI was able to export a #pmx from the #vrm.\r\n\r\nno\r\n#textures\r\n#joints\r\nor\r\n#bones yet.\r\n\r\nBut hey.\r\n\r\nI failed at that task for 2 years.\r\nI'll take it !\r\n#mikumikudance #blender\r\n\r\n(It's just REAAALLY stupid that newer #blender versions flip you the bird with this plugin.\r\never heard of #backwardscompatibility ?)\r\n\r\n\r\nhttps:\/\/ibb.co\/b2Q93tC\r\nhttps:\/\/i.ibb.co\/WPGJ3CM\/Screenshot-2024-08-10-01-10-55.jpg",
            "hashtags": "Blender, solution, pmx, vrm, textures, joints, bones, mikumikudance, blender, blender, backwardscompatibility"
        }
    },
    {
        "20240809": {
            "value": "say what you will about #noesis\r\n\r\nbut being able to straight up rename a #vrm to #glb and have it render this well.\r\n\r\nIs amazing.\r\n#AweAo #mikumikudance #mmd #vroid\r\nmedia yusaao.com\/media\/d4fff34e477ee78772d5347cb0fc9fbe9b6cd634d45730988a60317f8b1779cd.jpg\r\n\r\nhttps:\/\/yusaao.com\/notice\/AknxF7aNnccaxnFozw\r\nhttps:\/\/ibb.co\/b1VNzqG\r\nhttps:\/\/i.ibb.co\/G7DCcBr\/Screenshot-2024-08-10-00-40-24.jpg",
            "hashtags": "noesis, vrm, glb, AweAo, mikumikudance, mmd, vroid"
        }
    },
    {
        "20240809": {
            "value": "Both #unity and #blender are super popular \r\n\r\n...\r\nCause they are \"#free\"\r\n.. \r\nBut they cost your sanity, and have the good old\r\n\r\n\"This plugin only works with version xy of blender\\unity\"\r\n\r\nI hate them\r\nSO\r\nMuch.",
            "hashtags": "unity, blender, free"
        }
    },
    {
        "20240809": {
            "value": "Yeah no.\r\n\r\nBye #Unity\r\n\r\nJust like #Blender you throw #errors in my face ...\r\n\r\nWorst #software I (n)ever used...\r\n#sobby\r\nhttps:\/\/media.yusaao.com\/media\/7b447047a787fbb4707529965d71249522b15654528dd079452a9e322c26e4d7.jpg",
            "hashtags": "Unity, Blender, errors, software, sobby"
        }
    },
    {
        "20240809": {
            "value": "One of us is wrong ...\r\n\r\nIt's me isn't it ?\r\nhttps:\/\/ibb.co\/YLhLqjH\r\nhttps:\/\/i.ibb.co\/sVqVM38\/Download-1.png"
        }
    },
    {
        "20240809": {
            "value": "Just had a funny #idea\r\n\r\nWhen the #ipad arrives, \r\nI could use it with the #GenkiShadowCast do record the screen\r\n\r\n#GravitySketch\r\n#Procreate\r\n,#VroidStudio \r\n\r\nAre a solid lineup...\r\n\r\nBut :blobcatGiggleSmirk:  ..\r\nUsing my #s6lite #android tablet to recordcmy #ios tablet\r\n\r\n#Stevejobs would rotate* so fast you could hook him to a powergrid\r\n\r\n*he'd rotate *2 as fast because:\r\nhttps:\/\/www.youtube.com\/watch?v=ELZK-Pow6fs",
            "hashtags": "idea, ipad, GenkiShadowCast, GravitySketch, Procreate, VroidStudio, s6lite, android, ios, Stevejobs"
        }
    },
    {
        "20240809": {
            "value": "Feels like I haven't done this in a long time\r\n\r\nhttps:\/\/m.youtube.com\/watch?v=X4o_1s5ikWk&feature=youtu.be\r\n#NieRAutomata",
            "hashtags": "NieRAutomata"
        }
    },
    {
        "20240809": {
            "value": "K.. No #rebocap for me then\r\n\r\nhttps:\/\/media.yusaao.com\/media\/5a184fe223f2e10b9413404bf27bc269810874976ead2103325a754dff2dfae8.png",
            "hashtags": "rebocap"
        }
    },
    {
        "20240808": {
            "value": "Wat\r\n\r\nWhy is this even on there ???\r\nhttps:\/\/archive.org\/details\/nier-automata\r\n#NieRAutomata",
            "hashtags": "NieRAutomata"
        }
    },
    {
        "20240808": {
            "value": "A #vroid #alternative ?\r\n\r\nYesplease !\r\nhttps:\/\/archive.org\/details\/v-katsu https:\/\/m.youtube.com\/watch?v=zysHfY7fcT0",
            "hashtags": "vroid, alternative"
        }
    },
    {
        "20240808": {
            "value": "#CurrListeningAlcea \r\n* Solitary Grace - #NeonWhite \r\nhttps:\/\/m.youtube.com\/watch?v=M6GhTHNh29M &list=PL9amtKqWY8ajIjSWZFrm7ZPlHY_sSyWMK&index=13&pp=iAQB8AUB",
            "hashtags": "CurrListeningAlcea, NeonWhite"
        }
    },
    {
        "20240807": {
            "value": "The fake tl on my site handles image links way more versatile than the mtd one\r\nhttps:\/\/imguploader.de\/image\/974qW https:\/\/imguploader.de\/images\/2024\/08\/08\/Download-1.png"
        }
    },
    {
        "20240807": {
            "value": "Turns out the #vrm2pmx \\ #vroid2pmx issue of #sclera texture vanishing can be fixed by duplicating the material ?!\r\n\r\n(Still weird, having to hack resources like this is silly. That converter program is trashy :-(\r\n\r\nhttps:\/\/imguploader.de\/image\/97X0E https:\/\/imguploader.de\/images\/2024\/08\/08\/Download-2.png\r\n#mmd #vroid #mikumikidance\r\nhttps:\/\/web.archive.org\/web\/20240807230725\/https:\/\/yusaao.com\/notice\/Akjojvy9MasLgz9JD6\r\n",
            "hashtags": "vrm2pmx, vroid2pmx, sclera, mmd, vroid, mikumikidance"
        }
    },
    {
        "20240807": {
            "value": "Movement Motion Builder https:\/\/bowlroll.net\/file\/299439\r\n\r\nI'm spending too much time on #bowlroll \ud83d\ude48\r\nSome time till the #kinect 2 arrives, so lets try thus",
            "hashtags": "bowlroll, kinect"
        }
    },
    {
        "20240807": {
            "value": "#Tempting !\r\nhttps:\/\/merch-us.thegamebakers.com\/products\/haven-complete-artworks",
            "hashtags": "Tempting"
        }
    },
    {
        "20240807": {
            "value": "#CurrListeningAlcea\r\nShaft to The White Sky - nuerosocietia https:\/\/m.youtube.com\/watch?v=dYdumqbvo_4",
            "hashtags": "CurrListeningAlcea"
        }
    },
    {
        "20240807": {
            "value": "Becoming Disabled in Japan by an Antibiotic and how VRChat Helped Save My Life. https:\/\/www.reddit.com\/r\/VRchat\/comments\/1egdsbp\/becoming_disabled_in_japan_by_an_antibiotic_and\/ https:\/\/m.youtube.com\/watch?v=V67mHa5kl8w\r\n#FluoroquinoloneAssociatedDisability",
            "hashtags": "FluoroquinoloneAssociatedDisability"
        }
    },
    {
        "20240807": {
            "value": "https:\/\/github.com\/carl-anders\/slimevr-wrangler\r\n#SlimeVR #joycon cheapo #mocap solution\r\nhttps:\/\/ibb.co\/7JYX5tk\r\nhttps:\/\/i.ibb.co\/5WM6yhK\/Screenshot-20240807-171858-Brave.png\r\n\r\n",
            "hashtags": "SlimeVR, joycon, mocap"
        }
    },
    {
        "20240807": {
            "value": "#bodytracking \/ #mocap overview\r\nhttps:\/\/komete-xr.com\/de\/blogs\/infos\/vr-full-body-tracking-guide",
            "hashtags": "bodytracking, mocap"
        }
    }
]