[
    {
        "20250719": {
            "value": "\ud809\udc2bnope\ud809\udc2b\r\n\u2022acws #acws",
            "hashtags": "acws"
        }
    },
    {
        "20250719": {
            "value": "Hmm some of my posts return empty.\r\n\r\nBut they are all notifys or (logically) tests\r\n\r\nOhwell\r\n\r\n\r\n(Also this weird #notification format stems from sending updates :ablobthinkingeyes:\r\nhttps:\/\/ibb.co\/7Jg3FKhw\r\nhttps:\/\/i.ibb.co\/278zBdJD\/Screenshot-20250719-094934-Brave.png \r\n\u2022acws #acws",
            "hashtags": "notification, acws"
        }
    },
    {
        "20250719": {
            "value": "\ud83d\udcachttps:\/\/mas.to\/@alcea\/114876627508536088\ud83d\udcac \r\n\u2022acws #acws\r\n\r\n*sob*",
            "hashtags": "acws"
        }
    },
    {
        "20250719": {
            "value": "Lets replace the status redirect handler, so \"open post on original instsnce will work\r\nhttps:\/\/ibb.co\/ynxMzky2\r\nhttps:\/\/i.ibb.co\/QFxqWHN0\/Screenshot-20250719-092626-Brave.png\r\n\r\nYay\r\n:ablobcatrave: \r\n\u2022acws #acws",
            "hashtags": "acws"
        }
    },
    {
        "20250718": {
            "value": "Still not sure why some #shorthand :baba_e: :baba_m: :baba_o: :baba_j: :baba_i: break ...\r\n\u2022acws #acws",
            "hashtags": "shorthand, acws"
        }
    },
    {
        "20250718": {
            "value": "I'm not sure if the fact that I cannot #delete posts here is good :yescatpinknod: \r\n\r\nOr not :confused_dog: \r\n.. Hmmm\r\n\r\n\u2022acws #acws",
            "hashtags": "delete, acws"
        }
    },
    {
        "20250718": {
            "value": "\ud83d\udcachttps:\/\/woof.tech\/@dr_muesli\/114875436998541650\ud83d\udcac \r\n\u2022acws #acws\r\n\r\nI accidentally replied to myself as per usual\r\n( https:\/\/alceawis.com\/#https:\/\/alceawis.com\/alceawis\/status\/20250718-6f73bf05 )\r\n\r\nBut very much so.\r\nI wonder if 10 are all of the alceas\r\n\r\n\r\nI forgot \ud83d\ude43\r\n\r\n",
            "hashtags": "acws, https"
        }
    },
    {
        "20250718": {
            "value": "\ud83d\udcachttps:\/\/alceawis.com\/alceawis\/status\/20250718-71c7544a\ud83d\udcac \r\n\u2022acws #acws\r\n\r\nYes ! 10 is a good number \r\n:funnybunny: ",
            "hashtags": "acws"
        }
    },
    {
        "20250718": {
            "value": "\ud83d\udcachttps:\/\/woof.tech\/@dr_muesli\/114874506216875054\ud83d\udcac \r\n\u2022acws #acws\r\n\r\nI'm actually more confused by this url :\r\n\"alceawis.com\/alceawis#notification-1752831757\/object\"\r\nHow did it get this way \ud83d\ude39\r\nhttps:\/\/ibb.co\/7tDGyHyM\r\nhttps:\/\/i.ibb.co\/HTyrg0gw\/Screenshot-20250719-001041-Brave.png\r\n\r\n:ablobjoy: \r\n\r\nSadly shorthand emojis fall a bit ..\r\nShort \ud83d\ude02\r\n\r\nThis is the commit\r\nhttps:\/\/codeberg.org\/alceawisteria\/JsonActiPubFederate_landrok-rewrite\/commit\/eaf7c383d94979e6e78bd8b606727662ad67e031\r\n\r\nAfter a measly 50 tries and many weird ideas \r\n\ud809\udc2b\r\nWhat if I only send #notificarions after clicking a #link :akkoderp: ?\ud809\udc2b\r\n\r\nOr my personal favorite:\r\n*Send notification every 45 seconds*\r\nWhat a great feature -\r\n\r\nit works now. Haha",
            "hashtags": "acws, notification, notificarions, link"
        }
    },
    {
        "20250718": {
            "value": "\ud83d\udcachttps:\/\/alceawis.com\/alceawis\/status\/20250718-b7bb04f0%F0%9F%92%AC\ud83d\udcac \r\n\u2022acws #acws\r\nWhat happens if I reply to #myself :ablobthinkingeyes: ?",
            "hashtags": "acws, myself"
        }
    },
    {
        "20250718": {
            "value": "Whoops accidentally commemted out\r\n\ud809\udc2bfile_put_contents($pushedFile, json_encode($pushed, JSON_PRETTY_PRINT | JSON_UNESCAPED_SLASHES));\r\n        }\ud809\udc2b\r\n\r\n:ablobjoy: "
        }
    },
    {
        "20250718": {
            "value": "Hmmm:Alcea_Salute: \r\n\u2022acws #acws",
            "hashtags": "acws"
        }
    },
    {
        "20250718": {
            "value": "\ud83d\udcachttps:\/\/mas.to\/@alcea\/114873528193059685\ud83d\udcac \r\n\u2022acws #acws\r\n\r\nAnd some emojis\r\n:ablobcatnomcookie: :confused_dog: :BunnyHeart:\r\n- \r\n\u2022acws #acws",
            "hashtags": "acws, acws"
        }
    },
    {
        "20250718": {
            "value": "\ud83d\udcachttps:\/\/mas.to\/@alcea\/114873528193059685\ud83d\udcac \r\n\u2022acws #acws\r\n\r\nOne more:yescatpinknod: ",
            "hashtags": "acws"
        }
    },
    {
        "20250718": {
            "value": "Wee\r\n @mentiosn work now :RedCrystalHeart: \r\n\u2022acws #acws",
            "hashtags": "acws"
        }
    },
    {
        "20250718": {
            "value": "\ud83d\udcachttps:\/\/mas.to\/@alcea\/114873528193059685\ud83d\udcac \r\n\u2022acws #acws\r\nWait\r\nThis\r\n\ud809\udc2b\r\n$lastNoteId = null;\r\n\r\nforeach ($data as $entry) {\r\n    foreach ($entry as $date => $content) {\r\n        $hash = substr(md5($content['value']), 0, 8);\r\n        $text = formatEmojis($content['value']);\r\n\r\n        $inReplyTo = null;\r\n        $mentionTag = null;\r\n        $mentionAcct = null;\r\n\r\n        if (preg_match('\/\u00f0\u0178\u2019\u00ac(https?:\\\/\\\/[^\\s\u00f0\u0178\u2019\u00ac]+)\u00f0\u0178\u2019\u00ac\/', $text, $match)) {\r\n            $inReplyTo = $match[1];\r\n            $lines = explode(\"\\n\", $text);\r\n            array_shift($lines);\r\n            $text = implode(\"\\n\", $lines);\r\n        }\r\n\r\n        \/\/ Extract hashtags\r\n        $hashtags = array_filter(array_map('trim', explode(',', $content['hashtags'] ?? '')));\r\n\r\n        \/\/ Handle @mention if replying to someone\r\n        if ($inReplyTo && preg_match('~https?:\/\/([^\/]+)\/@([a-zA-Z0-9_]+)~', $inReplyTo, $matches)) {\r\n            $mentionDomain = $matches[1];\r\n            $mentionUser = $matches[2];\r\n            $mentionAcct = \"$mentionUser@$mentionDomain\";\r\n            $mentionUrl = \"https:\/\/$mentionDomain\/@$mentionUser\";\r\n            $mentionText = \"@$mentionAcct \";\r\n\r\n            if (strpos($text, $mentionText) !== 0) {\r\n                $text = $mentionText . $text;\r\n            }\r\n\r\n            \/\/ Create Mention tag object\r\n            $mentionTag = [\r\n                'type' => 'Mention',\r\n                'href' => $mentionUrl,\r\n                'name' => \"@$mentionAcct\"\r\n            ];\r\n        }\r\n\r\n        \/\/ Format quotes and links\r\n        $quotedText = formatQuotes($text);\r\n        $htmlText = preg_replace(\r\n            '~(https?:\/\/[^\\s<]+)~i',\r\n            '<a href=\"$1\" target=\"_blank\" rel=\"nofollow noopener noreferrer\">$1<\/a>',\r\n            $quotedText\r\n        );\r\n\r\n        \/\/ Convert hashtags to tag links\r\n        $htmlText = preg_replace_callback('\/#([\\w-]+)\/', function($matches) use ($domain) {\r\n            $tag = $matches[1];\r\n            $url = \"https:\/\/$domain\/tags\/\" . urlencode($tag);\r\n            return \"<a href=\\\"$url\\\" rel=\\\"tag nofollow noopener noreferrer\\\">#\" . htmlspecialchars($tag) . \"<\/a>\";\r\n        }, $htmlText);\r\n\r\n        $htmlText = nl2br($htmlText);\r\n\r\n        \/\/ Build hashtag tag objects\r\n        $tags = array_map(function($tag) use ($domain) {\r\n            return [\r\n                'type' => 'Hashtag',\r\n                'name' => \"#$tag\",\r\n                'href' => \"https:\/\/$domain\/tags\/$tag\"\r\n            ];\r\n        }, $hashtags);\r\n\r\n        \/\/ Extract emoji shortcodes and create tag objects\r\n        preg_match_all('\/:([a-zA-Z0-9_]+):\/', $content['value'], $emojiMatches);\r\n        foreach ($emojiMatches[1] as $shortcode) {\r\n            $tags[] = [\r\n                'type' => 'Emoji',\r\n                'name' => \":$shortcode:\",\r\n                'icon' => [\r\n                    'type' => 'Image',\r\n                    'mediaType' => 'image\/gif',\r\n                    'url' => \"https:\/\/$domain\/z_files\/emojis\/$shortcode.gif\"\r\n                ]\r\n            ];\r\n        }\r\n\r\n        \/\/ Add mention tag if applicable\r\n        if ($mentionTag) {\r\n            $tags[] = $mentionTag;\r\n        }\r\n\r\n        \/\/ Compose Note ID\r\n        $noteId = \"$baseUrl\/$username\/status\/{$date}-$hash\";\r\n\r\n        \/\/ Build the Note object\r\n        $note = [\r\n            'id' => $noteId,\r\n            'type' => 'Note',\r\n            'published' => date(DATE_ATOM, strtotime($date)),\r\n            'attributedTo' => \"$baseUrl\/$username\",\r\n            'to' => ['https:\/\/www.w3.org\/ns\/activitystreams#Public'],\r\n            'content' => $htmlText,\r\n            'contentMap' => [\r\n                'und' => $text,\r\n                'html' => $htmlText,\r\n            ],\r\n            'tag' => $tags,\r\n        ];\r\n\r\n        \/\/ Add inReplyTo if exists\r\n        if ($inReplyTo) {\r\n            $note['inReplyTo'] = $inReplyTo;\r\n        }\r\n\r\n        $outboxItems[] = $note;\r\n\r\n        \/\/ Send activity only if not already pushed\r\n        if (!in_array($noteId, $pushed)) {\r\n            sendCreateActivity($note);\r\n            $pushed[] = $noteId;\r\n            file_put_contents($pushedFile, json_encode($pushed, JSON_PRETTY_PRINT | JSON_UNESCAPED_SLASHES));\r\n        }\r\n    }\r\n}\r\n\r\n\/\/ Log last pushed note\r\nif (!empty($pushed)) {\r\n    $lastPushedUrl = end($pushed);\r\n\r\n    foreach ($outboxItems as $item) {\r\n        if ($item['id'] === $lastPushedUrl) {\r\n            $noteText = $item['contentMap']['und'] ?? '[No text]';\r\n            $inReplyTo = $item['inReplyTo'] ?? 'None';\r\n\r\n            if (!file_exists('outbox.log')) {\r\n                file_put_contents('outbox.log', '');\r\n            }\r\n\r\n            $logEntry = sprintf(\r\n                \"[%s] New post created\\nStatus URL: %s\\nReply To: %s\\nContent:\\n%s\\n\\n\",\r\n                date('Y-m-d H:i:s'),\r\n                $lastPushedUrl,\r\n                $inReplyTo,\r\n                $noteText\r\n            );\r\n\r\n            file_put_contents('outbox.log', $logEntry, FILE_APPEND | LOCK_EX);\r\n            break;\r\n        }\r\n    }\r\n}\r\n\ud809\udc2b\r\n\r\nWorks ?!\r\n:AlceaThink: ",
            "hashtags": "acws, Public"
        }
    },
    {
        "20250718": {
            "value": "\ud83d\udcachttps:\/\/mas.to\/@alcea\/114873528193059685\ud83d\udcac \r\n\u2022acws #acws\r\n:nothehe: ",
            "hashtags": "acws"
        }
    },
    {
        "20250718": {
            "value": "\ud809\udc2b\r\n$lastNoteId = null;\r\n\r\nforeach ($data as $entry) {\r\n    foreach ($entry as $date => $content) {\r\n        $hash = substr(md5($content['value']), 0, 8);\r\n        $text = formatEmojis($content['value']);\r\n\r\n        $inReplyTo = null;\r\n        if (preg_match('\/\u00f0\u0178\u2019\u00ac(https?:\\\/\\\/[^\\s\u00f0\u0178\u2019\u00ac]+)\u00f0\u0178\u2019\u00ac\/', $text, $match)) {\r\n            $inReplyTo = $match[1];\r\n            $lines = explode(\"\\n\", $text);\r\n            array_shift($lines);\r\n            $text = implode(\"\\n\", $lines);\r\n        }\r\n\r\n        $hashtags = array_filter(array_map('trim', explode(',', $content['hashtags'] ?? '')));\r\n\r\n        $quotedText = formatQuotes($text);\r\n        $htmlText = preg_replace(\r\n            '~(https?:\/\/[^\\s<]+)~i',\r\n            '<a href=\"$1\" target=\"_blank\" rel=\"nofollow noopener noreferrer\">$1<\/a>',\r\n            $quotedText\r\n        );\r\n\r\n        $htmlText = preg_replace_callback('\/#([\\w-]+)\/', function($matches) use ($domain) {\r\n            $tag = $matches[1];\r\n            $url = \"https:\/\/$domain\/tags\/\" . urlencode($tag);\r\n            return \"<a href=\\\"$url\\\" rel=\\\"tag nofollow noopener noreferrer\\\">#\" . htmlspecialchars($tag) . \"<\/a>\";\r\n        }, $htmlText);\r\n\r\n        $htmlText = nl2br($htmlText);\r\n\r\n        $tags = array_map(function($tag) use ($domain) {\r\n            return [\r\n                'type' => 'Hashtag',\r\n                'name' => \"#$tag\",\r\n                'href' => \"https:\/\/$domain\/tags\/$tag\"\r\n            ];\r\n        }, $hashtags);\r\n\r\n        preg_match_all('\/:([a-zA-Z0-9_]+):\/', $content['value'], $emojiMatches);\r\n        $emojiTags = [];\r\n        foreach ($emojiMatches[1] as $shortcode) {\r\n            $emojiTags[] = [\r\n                'type' => 'Emoji',\r\n                'name' => \":$shortcode:\",\r\n                'icon' => [\r\n                    'type' => 'Image',\r\n                    'mediaType' => 'image\/gif',\r\n                    'url' => \"https:\/\/$domain\/z_files\/emojis\/$shortcode.gif\"\r\n                ]\r\n            ];\r\n        }\r\n\r\n        $tags = array_merge($tags, $emojiTags);\r\n\r\n        $noteId = \"$baseUrl\/$username\/status\/{$date}-$hash\";\r\n\r\n        $note = [\r\n            'id' => $noteId,\r\n            'type' => 'Note',\r\n            'published' => date(DATE_ATOM, strtotime($date)),\r\n            'attributedTo' => \"$baseUrl\/$username\",\r\n            'to' => ['https:\/\/www.w3.org\/ns\/activitystreams#Public'],\r\n            'content' => $htmlText,\r\n            'contentMap' => [\r\n                'und' => $text,\r\n                'html' => $htmlText,\r\n            ],\r\n            'tag' => $tags,\r\n        ];\r\n\r\n        if ($inReplyTo) {\r\n            $note['inReplyTo'] = $inReplyTo;\r\n        }\r\n\r\n        $outboxItems[] = $note;\r\n\r\n        if (!in_array($noteId, $pushed)) {\r\n            sendCreateActivity($note);\r\n            $pushed[] = $noteId;\r\n            file_put_contents($pushedFile, json_encode($pushed, JSON_PRETTY_PRINT | JSON_UNESCAPED_SLASHES));\r\n        }\r\n    }\r\n}\r\n\r\n\/\/\r\n\/\/ \u001a Log the last pushed post (no date check)\r\n\/\/\r\nif (!empty($pushed)) {\r\n    $lastPushedUrl = end($pushed);\r\n\r\n    \/\/ Find the corresponding Note from outboxItems\r\n    foreach ($outboxItems as $item) {\r\n        if ($item['id'] === $lastPushedUrl) {\r\n            $noteText = $item['contentMap']['und'] ?? '[No text]';\r\n            $inReplyTo = $item['inReplyTo'] ?? 'None';\r\n\r\n            if (!file_exists('outbox.log')) {\r\n                file_put_contents('outbox.log', '');\r\n            }\r\n\r\n            $logEntry = sprintf(\r\n                \"[%s] New post created\\nStatus URL: %s\\nReply To: %s\\nContent:\\n%s\\n\\n\",\r\n                date('Y-m-d H:i:s'),\r\n                $lastPushedUrl,\r\n                $inReplyTo,\r\n                $noteText\r\n            );\r\n\r\n            file_put_contents('outbox.log', $logEntry, FILE_APPEND | LOCK_EX);\r\n            break;\r\n        }\r\n    }\r\n}\r\n\r\n\ud809\udc2b\r\nOutbox #log",
            "hashtags": "Public, log"
        }
    },
    {
        "20250718": {
            "value": "\ud83d\udcachttps:\/\/mas.to\/@alcea\/114873528193059685\ud83d\udcac \r\n\u2022acws #acws\r\n:RJ_RedJohn_TheMentalist: ",
            "hashtags": "acws"
        }
    },
    {
        "20250718": {
            "value": "\ud83d\udcachttps:\/\/alceawis.com\/alceawis\/status\/20250718-b7bb04f0\ud83d\udcac \r\n\u2022acws #acws\r\nMore debugging",
            "hashtags": "acws"
        }
    },
    {
        "20250718": {
            "value": "\ud83d\udcachttps:\/\/mas.to\/@alcea\/114873528193059685\ud83d\udcac \r\n\u2022acws #acws\r\n\r\n+1",
            "hashtags": "acws"
        }
    },
    {
        "20250718": {
            "value": "\ud83d\udcachttps:\/\/mas.to\/@alcea\/114873528193059685\ud83d\udcac \r\n\u2022acws #acws\r\n\r\nOne more \r\n:aufex_drink: ...",
            "hashtags": "acws"
        }
    },
    {
        "20250718": {
            "value": "\ud83d\udcachttps:\/\/mas.to\/@alcea\/114873528193059685\ud83d\udcac \r\n\u2022acws #acws\r\n\r\nDebug outbox \r\n:ablobthinkingeyes:  ",
            "hashtags": "acws"
        }
    },
    {
        "20250718": {
            "value": "\ud83d\udcachttps:\/\/mas.to\/@alcea\/114873528193059685\ud83d\udcac \r\n\u2022acws #acws\r\n\r\nSingle notif test",
            "hashtags": "acws"
        }
    },
    {
        "20250718": {
            "value": "\ud809\udc2b\r\nforeach ($data as $entry) {\r\n    foreach ($entry as $date => $content) {\r\n        $hash = substr(md5($content['value']), 0, 8);\r\n        $text = formatEmojis($content['value']);\r\n\r\n        $inReplyTo = null;\r\n        if (preg_match('\/\ud83d\udcac(https?:\\\/\\\/[^\\s\ud83d\udcac]+)\ud83d\udcac\/', $text, $match)) {\r\n            $inReplyTo = $match[1];\r\n            $lines = explode(\"\\n\", $text);\r\n            array_shift($lines);\r\n            $text = implode(\"\\n\", $lines);\r\n        }\r\n\r\n        $hashtags = array_filter(array_map('trim', explode(',', $content['hashtags'] ?? '')));\r\n        $quotedText = formatQuotes($text);\r\n        $htmlText = preg_replace(\r\n            '~(https?:\/\/[^\\s<]+)~i',\r\n            '<a href=\"$1\" target=\"_blank\" rel=\"nofollow noopener noreferrer\">$1<\/a>',\r\n            $quotedText\r\n        );\r\n        $htmlText = preg_replace_callback('\/#([\\w-]+)\/', function($matches) use ($domain) {\r\n            $tag = $matches[1];\r\n            $url = \"https:\/\/$domain\/tags\/\" . urlencode($tag);\r\n            return \"<a href=\\\"$url\\\" rel=\\\"tag nofollow noopener noreferrer\\\">#\" . htmlspecialchars($tag) . \"<\/a>\";\r\n        }, $htmlText);\r\n        $htmlText = nl2br($htmlText);\r\n        $tags = array_map(function($tag) use ($domain) {\r\n            return [\r\n                'type' => 'Hashtag',\r\n                'name' => \"#$tag\",\r\n                'href' => \"https:\/\/$domain\/tags\/$tag\"\r\n            ];\r\n        }, $hashtags);\r\n\r\n        preg_match_all('\/:([a-zA-Z0-9_]+):\/', $content['value'], $emojiMatches);\r\n        $emojiTags = [];\r\n        foreach ($emojiMatches[1] as $shortcode) {\r\n            $emojiTags[] = [\r\n                'type' => 'Emoji',\r\n                'name' => \":$shortcode:\",\r\n                'icon' => [\r\n                    'type' => 'Image',\r\n                    'mediaType' => 'image\/gif',\r\n                    'url' => \"https:\/\/$domain\/z_files\/emojis\/$shortcode.gif\"\r\n                ]\r\n            ];\r\n        }\r\n\r\n        $tags = array_merge($tags, $emojiTags);\r\n\r\n        $noteId = \"$baseUrl\/$username\/status\/{$date}-$hash\";\r\n\r\n        $note = [\r\n            'id' => $noteId,\r\n            'type' => 'Note',\r\n            'published' => date(DATE_ATOM, strtotime($date)),\r\n            'attributedTo' => \"$baseUrl\/$username\",\r\n            'to' => ['https:\/\/www.w3.org\/ns\/activitystreams#Public'],\r\n            'content' => $htmlText,\r\n            'contentMap' => [\r\n                'und' => $text,\r\n                'html' => $htmlText,\r\n            ],\r\n            'tag' => $tags,\r\n        ];\r\n\r\n        if ($inReplyTo) {\r\n            $note['inReplyTo'] = $inReplyTo;\r\n\r\n            \/\/ --- Notification logic starts here ---\r\n            if (preg_match('~https?:\/\/([^\/]+)\/@([^\/]+)\/~', $inReplyTo, $m)) {\r\n                $replyDomain = $m[1];\r\n                $replyUser = $m[2];\r\n                $targetUser = \"https:\/\/$replyDomain\/users\/$replyUser\";\r\n\r\n                $inbox = discoverInbox($targetUser);\r\n                if ($inbox) {\r\n                    $activityId = \"$baseUrl\/$username#notification-\" . time();\r\n                    $activity = [\r\n                        '@context' => 'https:\/\/www.w3.org\/ns\/activitystreams',\r\n                        'id' => $activityId,\r\n                        'type' => 'Create',\r\n                        'actor' => \"$baseUrl\/$username\",\r\n                        'to' => [$targetUser],\r\n                        'cc' => ['https:\/\/www.w3.org\/ns\/activitystreams#Public'],\r\n                        'object' => [\r\n                            'id' => $activityId . '\/object',\r\n                            'type' => 'Note',\r\n                            'attributedTo' => \"$baseUrl\/$username\",\r\n                            'to' => [$targetUser],\r\n                            'cc' => ['https:\/\/www.w3.org\/ns\/activitystreams#Public'],\r\n                            'content' => \"$text\",\r\n                            'tag' => [\r\n                                [\r\n                                    'type' => 'Mention',\r\n                                    'href' => $targetUser,\r\n                                    'name' => \"@$replyUser\",\r\n                                ],\r\n                            ],\r\n                        ],\r\n                    ];\r\n\r\n                    sendSignedRequest($inbox, $activity);\r\n                } else {\r\n                    logNotify(\"Inbox not found for user $targetUser, skipping notification\");\r\n                }\r\n            } else {\r\n                logNotify(\"Failed to parse username\/domain from inReplyTo URL: $inReplyTo\");\r\n            }\r\n            \/\/ --- Notification logic ends here ---\r\n        }\r\n\r\n        $outboxItems[] = $note;\r\n\r\n        if (!in_array($noteId, $pushed)) {\r\n            sendCreateActivity($note);\r\n            $pushed[] = $noteId;\r\n            file_put_contents($pushedFile, json_encode($pushed, JSON_PRETTY_PRINT | JSON_UNESCAPED_SLASHES));\r\n        }\r\n    }\r\n}  \ud809\udc2b works for sending notifications for replies.\r\n\r\nBut it keep sending them...",
            "hashtags": "Public, notification, Public, Public"
        }
    },
    {
        "20250718": {
            "value": "\ud83d\udcachttps:\/\/mas.to\/@alcea\/114873528193059685\ud83d\udcac \r\n\u2022acws #acws\r\n\r\nOh no :AshNotAmused: ...\r\n",
            "hashtags": "acws"
        }
    },
    {
        "20250718": {
            "value": "Yep.\r\nDebugging took a lot\r\n\r\nA loooot \r\nOf Posts :AshNotAmused: \r\nhttps:\/\/ibb.co\/9kk1TjFH\r\nhttps:\/\/i.ibb.co\/FLLywtS4\/Screenshot-20250718-104958-Brave.png\r\n\r\n\u2022acws #acws",
            "hashtags": "acws"
        }
    },
    {
        "20250718": {
            "value": "Ohkay...\r\nLooks like some posts were super duplicated..\r\n\r\nUgh..\r\n\r\nThen pain of debugging a #activitypub based pseudo messaage system :blobcatfrowningbig: \r\n\u2022acws #acws",
            "hashtags": "activitypub, acws"
        }
    },
    {
        "20250718": {
            "value": "\ud83d\udcachttps:\/\/mas.to\/@alceawis@alceawis.com\/114871818008007021\ud83d\udcac \r\n\u2022acws #acws\r\n\r\nBut I need sleepy now.\r\n",
            "hashtags": "acws"
        }
    },
    {
        "20250718": {
            "value": "\ud809\udc2b\r\n\"tag\": [\r\n          {\r\n            \"type\": \"Mention\",\r\n            \"href\": \"https:\/\/mastodon.social\/users\/alcea\",\r\n            \"name\": \"@alcea\"\r\n          }\r\n        ],\r\n\ud809\udc2b\r\nIs required for mentions\r\nhttps:\/\/socialhub.activitypub.rocks\/t\/trying-to-understand-mention-handling\/3816\r\n\r\nI'm kinda struggling with #array merging tho\r\n\r\nUhh :Sleepy_NekoMotes: #tired\r\n\u2022acws #acws",
            "hashtags": "array, tired, acws"
        }
    },
    {
        "20250718": {
            "value": "\ud83d\udcachttps:\/\/mas.to\/@alcea\/114868131324947155\ud83d\udcac \r\n\u2022acws #acws\r\n:blobaww: mention test",
            "hashtags": "acws"
        }
    },
    {
        "20250718": {
            "value": "\ud83d\udcachttps:\/\/mas.to\/@alcea\/114868131324947155\ud83d\udcac \r\n\u2022acws #acws\r\n:AxelHype: ",
            "hashtags": "acws"
        }
    },
    {
        "20250718": {
            "value": "\ud83d\udcachttps:\/\/mas.to\/@alcea\/114868131324947155\ud83d\udcac \r\n\u2022acws #acws\r\n:Birdy_Aww: ",
            "hashtags": "acws"
        }
    },
    {
        "20250718": {
            "value": "\ud83d\udcachttps:\/\/mas.to\/@alcea\/114868131324947155\ud83d\udcac \r\n\u2022acws #acws\r\n:blobaww: ",
            "hashtags": "acws"
        }
    },
    {
        "20250718": {
            "value": "\ud83d\udcachttps:\/\/mas.to\/statuses\/114871571785170334\ud83d\udcac \r\n\u2022acws #acws\r\n:XionSob: ",
            "hashtags": "acws"
        }
    },
    {
        "20250718": {
            "value": "\ud83d\udcachttps:\/\/mas.to\/statuses\/114871571785170334\ud83d\udcac \r\n\u2022acws #acws\r\n:awoo_grill: ",
            "hashtags": "acws"
        }
    },
    {
        "20250718": {
            "value": "\ud83d\udcachttps:\/\/mas.to\/statuses\/114871571785170334\ud83d\udcac \r\n\u2022acws #acws\r\n:abloblamp: ",
            "hashtags": "acws"
        }
    },
    {
        "20250718": {
            "value": "\ud83d\udcachttps:\/\/mas.to\/statuses\/114871571785170334\ud83d\udcac \r\n\u2022acws #acws\r\n:funnybunny: ",
            "hashtags": "acws"
        }
    },
    {
        "20250718": {
            "value": "\ud83d\udcachttps:\/\/mas.to\/@alcea\/114868131324947155\ud83d\udcac \r\n\u2022acws #acws\r\n\r\n#ActivityPub is UNFUN !\r\n:blobreachsob: \r\n",
            "hashtags": "acws, ActivityPub"
        }
    },
    {
        "20250718": {
            "value": "\ud83d\udcachttps:\/\/alceawis.com\/alceawis\/status\/20250718-4ff6ddd5\ud83d\udcac \r\n\u2022acws #acws\r\n:Sleepy_NekoMotes: ",
            "hashtags": "acws"
        }
    },
    {
        "20250718": {
            "value": "\ud83d\udcachttps:\/\/alceawis.com\/alceawis\/status\/20250718-4ff6ddd5\ud83d\udcac \r\n\u2022acws #acws\r\n:MoneyCheer: ",
            "hashtags": "acws"
        }
    },
    {
        "20250718": {
            "value": ":abloblamp: \r\n\u2022acws #acws",
            "hashtags": "acws"
        }
    },
    {
        "20250718": {
            "value": "\ud83d\udcachttps:\/\/alceawis.com\/alceawis\/status\/20250718-4ff6ddd5\ud83d\udcac \r\n\u2022acws #acws\r\n:PopClutz: ",
            "hashtags": "acws"
        }
    },
    {
        "20250718": {
            "value": "\ud83d\udcachttps:\/\/mas.to\/statuses\/114871571785170334\ud83d\udcac \r\n\u2022acws #acws\r\n:chocoomnomnom: ",
            "hashtags": "acws"
        }
    },
    {
        "20250718": {
            "value": "\ud83d\udcachttps:\/\/alceawis.com\/alceawis\/status\/20250718-4ff6ddd5\ud83d\udcac \r\n\u2022acws #acws\r\n\r\nSigh \r\n:head_against_pole: ",
            "hashtags": "acws"
        }
    },
    {
        "20250718": {
            "value": "\ud83d\udcachttps:\/\/mas.to\/statuses\/114871571785170334\ud83d\udcac \r\n\u2022acws #acws\r\n:athinkingwithblobs: :ablobcatsweatsipzoom: ",
            "hashtags": "acws"
        }
    },
    {
        "20250718": {
            "value": "\ud83d\udcachttps:\/\/mas.to\/@alcea\/114868131324947155\ud83d\udcac \r\n\u2022acws #acws\r\n:Alcea_Salute: \r\n\r\nAaand more mention testing",
            "hashtags": "acws"
        }
    },
    {
        "20250718": {
            "value": "\ud83d\udcachttps:\/\/mas.to\/@alcea\/114867768492691997\ud83d\udcac \r\n\u2022acws #acws\r\n:AlceaThink: \r\n\u2022acws #acws",
            "hashtags": "acws, acws"
        }
    },
    {
        "20250718": {
            "value": "\ud83d\udcachttps:\/\/mas.to\/@alcea\/114867768492691997\ud83d\udcac \r\n\u2022acws #acws\r\n\r\n:abloblamp: \r\n\r\nBlip",
            "hashtags": "acws"
        }
    },
    {
        "20250718": {
            "value": "\ud83d\udcachttps:\/\/mas.to\/@alcea\/114867768492691997\ud83d\udcac \r\n\u2022acws #acws\r\nHehe\r\n\r\n:yescatpinknod: ",
            "hashtags": "acws"
        }
    },
    {
        "20250718": {
            "value": "\ud83d\udcachttps:\/\/alceawis.com\/alceawis\/status\/20250718-789e41d4\ud83d\udcac \r\n\u2022acws #acws\r\n:blobcatnotlike: :Alcea_Not_Amused_for_real: ",
            "hashtags": "acws"
        }
    },
    {
        "20250718": {
            "value": ":RedCrystalHeart: \r\n\u2022acws #acws",
            "hashtags": "acws"
        }
    },
    {
        "20250718": {
            "value": "\ud83d\udcachttps:\/\/alceawis.com\/alceawis\/status\/20250718-4c58dc20\ud83d\udcac \r\n\u2022acws #acws\r\n:confused_dog: ",
            "hashtags": "acws"
        }
    },
    {
        "20250718": {
            "value": "\ud83d\udcachttps:\/\/alceawis.com\/alceawis\/status\/20250718-4c58dc20\ud83d\udcac \r\n\u2022acws #acws\r\n:ShotaCry: ",
            "hashtags": "acws"
        }
    },
    {
        "20250718": {
            "value": "\ud83d\udcachttps:\/\/alceawis.com\/alceawis\/status\/20250718-4c58dc20\ud83d\udcac \r\n\u2022acws #acws\r\n:bun: ",
            "hashtags": "acws"
        }
    },
    {
        "20250718": {
            "value": "\ud83d\udcachttps:\/\/alceawis.com\/alceawis\/status\/20250718-b39f6ce6\ud83d\udcac \r\n\u2022acws #acws\r\n:ablobjoy: ",
            "hashtags": "acws"
        }
    },
    {
        "20250718": {
            "value": "\ud83d\udcachttps:\/\/alceawis.com\/alceawis\/status\/20250718-b39f6ce6\ud83d\udcac \r\n\u2022acws #acws\r\n:blobcatfluffhappy: ",
            "hashtags": "acws"
        }
    },
    {
        "20250718": {
            "value": "\ud83d\udcachttps:\/\/alceawis.com\/alceawis\/status\/20250718-b39f6ce6\ud83d\udcac \r\n\u2022acws #acws\r\n\r\n\u2022acws #acws\r\n:blobcatgoogly: ",
            "hashtags": "acws, acws"
        }
    },
    {
        "20250718": {
            "value": "\ud83d\udcachttps:\/\/alceawis.com\/alceawis\/status\/20250718-c72f5707\ud83d\udcac \r\n\u2022acws #acws\r\n:bun: ",
            "hashtags": "acws"
        }
    },
    {
        "20250718": {
            "value": "\ud83d\udcachttps:\/\/alceawis.com\/alceawis\/status\/20250718-c72f5707\ud83d\udcac \r\n\u2022acws #acws\r\n:Alcea_Bewildered: ",
            "hashtags": "acws"
        }
    }
]