[
    {
        "20251220": {
            "value": "\ud83d\udcachttps:\/\/infosec.exchange\/@alcea\/115751538173650640#\ud83d\udcac \r\n\u2022\r\nQED: \ud809\udc2b Hi I'm a #hashtag\ud809\udc2b\r\n\r\n#funky\r\n\r\n\r\n\r\n#repost \u2022acws #acws",
            "hashtags": "hashtag, funky, repost, acws"
        }
    },
    {
        "20251220": {
            "value": "And <a target=\"_blank\" href=\"https:\/\/alceawis.de\/diffcheck?url1=https%3A%2F%2Falceawis.de%2Fother%2Fextra%2Fscripts%2Ffakesocialmedia%2F0ld%2Fmtdposter.html.v3_6_add-troubleshooting-section&url2=https%3A%2F%2Falceawis.de%2Fother%2Fextra%2Fscripts%2Ffakesocialmedia%2F0ld%2Fmtdposter.html.v3_7_add-glitch-soc-special-htmlmode\">this<\/a> is how you post on #html mode on #glitch AND keep your #hashtags\r\n\r\n#repost \u2022acws #acws\r\n\r\nhttps:\/\/codeberg.org\/alceawisteria\/Fake-Social-MediaWriter\/src\/branch\/main\/0ld\/mtdposter.html.v3_7_add-glitch-soc-special-htmlmode\r\n\r\nhttps:\/\/youtu.be\/7zGM8pLAje8\r\n",
            "hashtags": "html, glitch, hashtags, repost, acws"
        }
    },
    {
        "20251220": {
            "value": "\ud83d\udcachttps:\/\/infosec.exchange\/@alcea\/115751248775760138#\ud83d\udcac \r\n\u2022acws #acws\r\n\r\nyep. cool. and in regular #html mode it\r\n\r\n\ud809\udc2b remains  broken\ud809\udc2b\r\n\r\nsometimes I feel like #fedi s cleanup fairy ...",
            "hashtags": "acws, html, fedi"
        }
    },
    {
        "20251220": {
            "value": "ok lets see..\r\na new #tag post while trying to avoid stripping it out in #htmlmode\r\n\ud809\udc2bwill it work ?\ud809\udc2b\r\n#repost \u2022acws #acws",
            "hashtags": "tag, htmlmode, repost, acws"
        }
    },
    {
        "20251220": {
            "value": "and what about the #hashtags with <b> htmlmode <\/b> on #Akkoma ?\r\n#repost \u2022acws #acws\r\n\r\nhttps:\/\/infosec.exchange\/@alcea\/115751147414577478\r\n( #Akkoma : fine\r\n  #Glitch soc : posting hahstags as plaintext )\r\nhttps:\/\/i.ibb.co\/FLdN9prH\/joined-image.jpg\r\n\r\n----------\r\n#Glitch soc even strips out #hashtags in its own compose #html mode!\r\nhttps:\/\/infosec.exchange\/@alcea\/115751173772332682\r\n\r\nhttps:\/\/ibb.co\/7xSfW61T\r\nhttps:\/\/i.ibb.co\/DP1JCSR6\/Screenshot-20251220-102722-Vivaldi.jpg\r\n\r\n#WTFFedi",
            "hashtags": "hashtags, Akkoma, repost, acws, Akkoma, Glitch, Glitch, hashtags, html, WTFFedi"
        }
    },
    {
        "20251220": {
            "value": "\ud83d\udcachttps:\/\/infosec.exchange\/@alcea\/115751091733850098#\ud83d\udcac \r\n\u2022acws #acws\r\n\r\nSee ? All #hashtags are #disfunctional ....\r\n",
            "hashtags": "acws, hashtags, disfunctional"
        }
    },
    {
        "20251220": {
            "value": "It seems posting in #html mode will swallow #hashtagson glitch-soc...\r\n#repost \u2022acws #acws",
            "hashtags": "html, hashtagson, repost, acws"
        }
    },
    {
        "20251220": {
            "value": "#CurrListeningAlcea\r\nMaybe If\u2026 - Amy Mvt. #Sonic Frontiers\r\nhttps:\/\/m.youtube.com\/watch?v=WDsuMXf2PNk\r\nTrust your colors\r\n#repost \u2022acws #acws",
            "hashtags": "CurrListeningAlcea, Sonic, repost, acws"
        }
    },
    {
        "20251220": {
            "value": "I think I can #justify selectively #unblocking all #Fedi #instances I use here n there\r\n\r\nGuess you deserve it :blobcatmelt: \r\n\r\nhttps:\/\/ibb.co\/fzzLvJpb\r\nhttps:\/\/i.ibb.co\/pBB5yqzg\/Screenshot-20251220-094245-Vivaldi.jpg\r\n\r\n\r\nxoxoxo\r\n#repost \u2022acws #acws #Vivaldi",
            "hashtags": "justify, unblocking, Fedi, instances, repost, acws, Vivaldi"
        }
    },
    {
        "20251220": {
            "value": "\ud83d\udcachttps:\/\/infosec.exchange\/@bschorr\/115750970527238050#\ud83d\udcac \r\n\u2022acws #acws\r\n\r\nAnd so is #code #quality\r\n\r\n*poof* gone it is\r\n",
            "hashtags": "acws, code, quality"
        }
    },
    {
        "20251220": {
            "value": "ok I gotta ask..\r\n\r\nWhat \/on earth\/ does #Vivaldi do in terms of #ad and #tracker blocking to break my own flippin #website like this ?\r\n\r\nThe image not loaded here is #samedomain\r\n\r\n:hacker_w: :hacker_t: :hacker_f: \r\n#ConfusedaCea\r\nhttps:\/\/m.youtube.com\/watch?v=KreS9DJRazU&feature=youtu.be\r\n#repost \u2022acws #acws",
            "hashtags": "Vivaldi, ad, tracker, website, samedomain, ConfusedaCea, repost, acws"
        }
    },
    {
        "20251220": {
            "value": "Seems my #adblock conquest was a success\r\nhttps:\/\/canyoublockit.com\/extreme-test\/\r\n\r\nis not annoying\r\n\r\nSometimes I feel asif I STILL see youtube ads tho\r\n:hacker_m: :hacker_e: :hacker_h: \r\n\r\n#repost \u2022acws #acws",
            "hashtags": "adblock, repost, acws"
        }
    },
    {
        "20251220": {
            "value": "\ud83d\udcachttps:\/\/infosec.exchange\/@alcea\/115750711046418401#\ud83d\udcac \r\n\u2022acws #acws\r\n\r\nlets add the api poster domain too aaand...\r\nhttps:\/\/ibb.co\/9mg3kqmm\r\nit works !\r\n\r\n(so\r\nhad to add:\r\n* https:\/\/infosec.exchange\/\r\n* https:\/\/ry3yr.github.io\/\r\nto #Exceptions to make it work\r\n#Vivaldi",
            "hashtags": "acws, Exceptions, Vivaldi"
        }
    },
    {
        "20251220": {
            "value": "How #peculiar ..\r\nIf you have #adblocking in #Vivaldi\r\nit'll hamper post resolution via #api ?!\r\n(Even IF you set an exception for said domain  it will, still fail ? Maybe set one for the api poster too ?!)\r\n\r\nhttps:\/\/ibb.co\/xtHDyyZW\r\nhttps:\/\/i.ibb.co\/zTJr11dp\/Api-Resolve-Mastodon-Fails-If-Adblock.png\r\n\r\nhttps:\/\/infosec.exchange\/@alcea\/115750592765303255\r\n<a target=\"_blank\" href=\"https:\/\/alceawis.de\/other\/extra\/scripts\/fakesocialmedia\/commentload.html?number=8000&text=Get%20%23Vivaldi%20s%20%23adblock%20up%20to%20speed%0D%0A%0D%0A%23Settings%20-%3E%20Block%20Tr\">(1)<\/a>\r\nhttps:\/\/infosec.exchange\/@alcea\/115750619294600396\r\n<a target=\"_blank\" href=\"https:\/\/alceawis.de\/other\/extra\/scripts\/fakesocialmedia\/commentload.html?number=8000&text=%F0%9F%92%AChttps%3A%2F%2Finfosec.exchange%2F%40alcea%2F115750592765303255%23%F0%9F%92%AC%20%0D%0A%E2%80%A2a\">(2)<\/a>\r\n#repost \u2022acws #acws",
            "hashtags": "peculiar, adblocking, Vivaldi, api, repost, acws"
        }
    },
    {
        "20251220": {
            "value": "\ud83d\udcachttps:\/\/infosec.exchange\/@alcea\/115750592765303255#\ud83d\udcac \r\n\u2022acws #acws\r\nGotta create a #adblock exception for #infosec it seems\r\n\r\nhttps:\/\/ibb.co\/fVCv7wcs\r\nhttps:\/\/i.ibb.co\/NgLSzB4M\/joined-image.jpg\r\n\r\n(will not load otherwise ...)\r\n",
            "hashtags": "acws, adblock, infosec"
        }
    },
    {
        "20251220": {
            "value": "Get #Vivaldi s #adblock up to speed\r\n\r\n#Settings -> Block Trackers and Ads -> Manage Trackers and Ads\r\n\r\nhttps:\/\/www.reddit.com\/r\/vivaldibrowser\/comments\/1js7sp4\/guide_configure_vivaldi_adblocker_to_block\/?captcha=1\r\nthen\r\n\ud809\udc2b\r\n<p \">Now, onto the \u201cAd Blocking Sources\u201d section. The same procedure applies but you'll add different source URLs. I have added the following from UBO Lite (&nbsp;<strong \">remember to get the RAW version of these lists or they will not import into Vivaldi's adblocker<\/strong>&nbsp;):<\/p><ul \"><li \"><p \">UBO Lite's main manifest V3 filter:&nbsp;https:\/\/github.com\/uBlockOrigin\/uAssets\/blob\/master\/filters\/ubol-filters.txt<\/p><\/li><li \"><p \">UBO Full filter list:&nbsp;https:\/\/github.com\/uBlockOrigin\/uAssets\/blob\/master\/filters\/filters.txt<\/p><\/li><li \"><p \">UBO Badware list:&nbsp;https:\/\/github.com\/uBlockOrigin\/uAssets\/blob\/master\/filters\/badware.txt<\/p><\/li><li \"><p \">OpenPhish Domain list:&nbsp;https:\/\/raw.githubusercontent.com\/stephenhawk8054\/openphish-adblock\/refs\/heads\/main\/filters_init.txt<\/p><\/li><li \"><p \">Malicious URL list:&nbsp;https:\/\/malware-filter.gitlab.io\/malware-filter\/urlhaus-filter-vivaldi.txt<\/p><\/li><li \"><p \">Dan Pollock's list:&nbsp;https:\/\/someonewhocares.org\/hosts\/hosts<\/p><\/li><\/ul><p \">Afterward, your \u201cAd Blocking Sources\u201d section should look something list this. I have deselected everything else except ABP anti-circumvention list.<\/p>\ud809\udc2b\r\n\r\nhttps:\/\/ibb.co\/yFdbfwws\r\nhttps:\/\/i.ibb.co\/LdY2kLLp\/Screenshot-20251220-075311-Vivaldi.jpg\r\n#repost \u2022acws #acws",
            "hashtags": "Vivaldi, adblock, Settings, repost, acws"
        }
    },
    {
        "20251220": {
            "value": "\ud83d\udcachttps:\/\/infosec.exchange\/@0xamit\/115750413106506345#\ud83d\udcac \r\n\u2022acws #acws\r\n\r\nBut....\r\n",
            "hashtags": "acws"
        }
    },
    {
        "20251220": {
            "value": "#Google follows #Samsung, asserts the right to steal your phone during a repair\r\n\ud809\udc2b\r\nbecause Samsung was\r\nrequiring that if independent repair\r\nshops want to get access to parts that\r\nwe have to steal Parts out of your phone\r\nif you've installed a part without\r\nauthorization and we would also have to\r\nsubmit all of your information to\r\nSamsung these are the very same\r\ncompanies that said that they care about\r\nyour data privacy and security\r\n\r\n\r\n#Google\r\nhere it says\r\nunauthorized Parts you will not send in\r\na device containing non-google\r\nauthorized Parts if you do your device\r\nwill not be returned to you now this is\r\nsomething that obviously is strikes me\r\nthe wrong way if you install an\r\naftermarket solid stay Drive in your\r\nMacBook and you take to me to repair\r\nbecause the motherboard is damaged or\r\nbecause you've broken your screen the\r\nidea that I would literally not give you\r\nyour device back simply because you put\r\na crucial SSD into a computer that came\r\nwith a sand disk is just absolutely and\r\nutterly insane \r\n\ud809\udc2b\r\nhttps:\/\/m.youtube.com\/watch?v=2n4y9mrep9Y\r\n\r\n#wat :blobcatfacepalm: \r\n#repost \u2022acws #acws",
            "hashtags": "Google, Samsung, Google, wat, repost, acws"
        }
    },
    {
        "20251219": {
            "value": "\ud809\udc2bAls der Berliner 2023 seinen Antrag auf Wohngeld stellte, schien der Fall f\u00fcr die Beh\u00f6rde klar: 57.500 Euro auf dem Konto \u2013 das ist deutlich mehr als die 40.000-Euro-Grenze aus dem B\u00fcrgergeld-Gesetz. Der Antrag wurde abgelehnt. Auch das Verwaltungsgericht Berlin best\u00e4tigte diese Entscheidung zun\u00e4chst. Mit seinem Verm\u00f6gen \u00fcberschreite er die Verm\u00f6gensfreigrenze von 40.000 Euro\r\n\r\nEine starre Verm\u00f6gensgrenze sei daher abzulehnen. Jeder Fall muss einzeln gepr\u00fcft werden. \u201eZwar darf ein Orientierungswert von etwa 61.000 Euro f\u00fcr die erste zu ber\u00fccksichtigende Person herangezogen werden. Dieser ersetzt aber nicht die Pr\u00fcfung der individuellen Umst\u00e4nde.\u201c Das B\u00fcrgergeld-Gesetz \u00e4ndere daran nichts.\ud809\udc2b\r\n\r\n#social\r\nhttps:\/\/www.merkur.de\/verbraucher\/buergergeld-gesetz-mann-mit-57-000-euro-vermoegen-wird-wohngeld-verwehrt-gericht-faellt-klares-urteil-zr-94092763.html",
            "hashtags": "social"
        }
    },
    {
        "20251219": {
            "value": "How cool\r\n\r\nI can reuse the #HTML Mode for #Akkoma for any #Glitch fork #mastodon.\r\n\r\n\ud809\udc2bI love it :blobcatsnuggle: \ud809\udc2b\r\nhttps:\/\/ibb.co\/Ld3CRvDv\r\nhttps:\/\/i.ibb.co\/HTjr4XLX\/Glitch-Samd-As-Akkoma-In-Terms-Of-HTMLMode.jpg\r\n\r\n#repost \u2022acws #acws",
            "hashtags": "HTML, Akkoma, Glitch, mastodon, repost, acws"
        }
    },
    {
        "20251219": {
            "value": "html \ud809\udc2btest\ud809\udc2b post\r\n#repost \u2022acws #acws",
            "hashtags": "repost, acws"
        }
    },
    {
        "20251219": {
            "value": "oh #god\r\n\"\r\nOn the positive side though, following all that backlash, Microsoft acknowledged Windows has issues, and as if on cue, the company in a new support article has admitted that there are problems on almost every major Windows 11 core feature. The issues are related to XAML and this impacts all the Shell components like the Start Menu, Taskbar, Explorer, and Windows Settings.\r\n\r\nExplorer.exe crash\r\nshelhost.exe crash\r\nStartMenuExperienceHost issues\r\nSystem Settings silently fails to launch\r\n\r\nApplication crashes when initializing the XAML views\r\nExplorer running but no taskbar window.\r\nother XAML island views fail to initialize.\r\nImmersiveShell problems\"\r\n\r\n#WhatDidTheyDo ?\r\n\r\nhttps:\/\/www.reddit.com\/r\/technology\/comments\/1p32mrr\/microsoft_finally_admits_almost_all_major_windows\/?captcha=1\r\n\r\n#Windows #Microsoft\r\n\r\n(Thats why I like #Android .\r\nThere will always be a way or #replacement od to fix things )\r\n#repost \u2022acws #acws",
            "hashtags": "god, WhatDidTheyDo, Windows, Microsoft, Android, replacement, repost, acws"
        }
    },
    {
        "20251219": {
            "value": "\ud809\udc2bSo just to kind of redirect the ragebait here - the desert (sol valley) has normal ambient music\r\n\r\nThe Amiibo lets you customise the music while riding the bike; effectively serving as both a car-radio and a defacto \"jukebox mode\" for the game.\r\n\r\nYou're not driving through the desert in silence without it lmao.\ud809\udc2b\r\n\r\n<del>wait\r\nYou need an #amiibo to enable #music playback in #Metroid4Beyond s #desert passages ?\r\n\r\nWat ?\r\nhttps:\/\/www.reddit.com\/r\/casualnintendo\/comments\/1pdpg1j\/it_seems_you_will_be_able_to_put_music_in_the\/?captcha=1 <\/del>\r\n\r\n#Nintendo",
            "hashtags": "amiibo, music, Metroid4Beyond, desert, Nintendo"
        }
    },
    {
        "20251219": {
            "value": "\ud83d\udcachttps:\/\/infosec.exchange\/@tihmstar\/115747850922973709#\ud83d\udcac \r\n\u2022acws #acws #SwitchReloaded\r\n\r\nDa f\u00e4llt mir dazu ein...\r\n\r\n#Max war auch ein \"\"\"super\"\"\" #Koch \r\n:blobcatgoogly: :blobcatfacepalm: \r\n\r\nWow\r\nh\r\n----watch?v=5VmZFvJg7ro\r\nhttps:\/\/m.youtube.com\/watch?v=aEBCpEDc-ZE\r\n\r\nTim M\u00e4lzer kocht ein Bio-Men\u00fc | Switch reloaded\r\nK\u00fchlschrank",
            "hashtags": "acws, SwitchReloaded, Max, Koch"
        }
    },
    {
        "20251219": {
            "value": "Praise the #Lord \r\nhttps:\/\/www.nintendolife.com\/news\/2025\/12\/nintendo-has-a-game-key-card-alternative-in-the-works-with-smaller-switch-2-carts\r\n\r\n#GameKeyCards are so terrible.\r\n\r\nMaybe #Nintendo can yet save emselves (and me from #Boredom )\r\n#Switch2\r\n#repost \u2022acws #acws",
            "hashtags": "Lord, GameKeyCards, Nintendo, Boredom, Switch2, repost, acws"
        }
    },
    {
        "20251219": {
            "value": "\ud83d\udcachttps:\/\/infosec.exchange\/@alcea\/115747402334742562#\ud83d\udcac \r\n\u2022acws #acws\r\nDisabling\r\n\r\n\"EdgeToEdgeEverywhere\r\nEnables Chrome to draw below the system bars, all the time. This is intended to facilitate the transition to edge-to-edge being enforced at the system level. \u2013 Android\"\r\n\r\nFixes the issue.\r\nWe are talking:\r\n- #Samsung GalaxyTab #S7\r\n- #Gesture Navbar activated in Settings\r\n\r\n#edge-to-edge-everywhere\r\n\r\nApparantly this is Samsung device issue.\r\nStrange that only #Vivaldi seems to be affected\r\n\r\nhttps:\/\/forum.vivaldi.net\/post\/865101\r\n\r\nI also set\r\n\"settings put global policy_control immersive.full=*\"\r\n\r\nhttps:\/\/ibb.co\/GQvvXL7x\r\nhttps:\/\/i.ibb.co\/5hWWdyTM\/joined-image.jpg",
            "hashtags": "acws, Samsung, S7, Gesture, edge, Vivaldi"
        }
    },
    {
        "20251219": {
            "value": "\ud83d\udcachttps:\/\/infosec.exchange\/@Vivaldi@vivaldi.net\/115728750186633016#\ud83d\udcac \r\n\u2022acws #acws\r\n\r\nWhat time to be alive when companies announce what they are #not gonna do :ablobcatrave: ",
            "hashtags": "acws, not"
        }
    },
    {
        "20251219": {
            "value": "Brad checking out the #Framework #Laptop\r\nhttps:\/\/m.youtube.com\/watch?v=STzF3xm-E_I#\r\n\r\n(as cool and cute as it is.. My DellPrecision 7510 has way better value for its money and even it is collecting dust...)\r\n#repost \u2022acws #acws",
            "hashtags": "Framework, Laptop, repost, acws"
        }
    },
    {
        "20251219": {
            "value": "\ud83d\udcachttps:\/\/infosec.exchange\/@alcea\/115746985743302812#\ud83d\udcac \r\n\u2022acws #acws\r\nln -s \/storage\/emulated\/0\/Download \/data\/data\/com.vivaldi.browser\/files\/Download\r\n\r\nwell if #Vivaldi thinks its cool to use hardcoded paths I'll gladly show it around town\r\nhttps:\/\/ibb.co\/nNfRqptv\r\nhttps:\/\/i.ibb.co\/C3vWpLDZ\/Vivaldi-Hardcoded-Path.jpg\r\n\r\n(Yes I did check the ...\/files\/com.vivaldi.browser_preferences.xml\r\nAnd no, you can't just edit path in there......)",
            "hashtags": "acws, Vivaldi"
        }
    },
    {
        "20251219": {
            "value": "chrome:\/\/about\/\r\n\r\n\"chrome:\/\/inducebrowsercrashforrealz\r\nchrome:\/\/inducebrowserdcheckforrealz\"\r\n\r\nLike ForRealZ .?\r\n\r\n(What is the -vivaldi teamd doing ? \u30fe(\uff61>\ufe4f<\uff61)\uff89\uff9e\u2727*\r\n#repost \u2022acws #acws",
            "hashtags": "repost, acws"
        }
    },
    {
        "20251219": {
            "value": "#Vivaldi flipped up the #Navbar in fullscreen n #immersive mode.\r\nHow ? No.idea\r\nhttps:\/\/www.reddit.com\/r\/vivaldibrowser\/comments\/1oh9ip4\/grey_bar_at_the_bottom_expected_behaviour\/?tl=de\r\n#repost \u2022acws #acws",
            "hashtags": "Vivaldi, Navbar, immersive, repost, acws"
        }
    },
    {
        "20251219": {
            "value": "Crazy\r\n#Vivaldi on #Android even supports #Javascript #bookmarklets\r\n\r\nGuess its ~ByeBye~ Brave\r\n\r\nMaybe -iocaine wil, leave me alone now too\r\n#repost \u2022acws #acws",
            "hashtags": "Vivaldi, Android, Javascript, bookmarklets, repost, acws"
        }
    },
    {
        "20251219": {
            "value": "\ud809\udc2b3500 Euro und 4000 Euro\u201c, sagt Schubert. Auch talentierte Fahrsch\u00fcler, die weniger \u00dcbungsstunden ben\u00f6tigen als andere, zahlen kaum unter 3000 Euro f\u00fcr ihren Schein.\r\n\r\nZu viel f\u00fcr viele, aber eigentlich noch zu wenig f\u00fcr die Fahrschulen, findet Manfred Fechter, Inhaber von Manni\u2018s Fahrschule in Herrsching. \u201eDer Preis ist f\u00fcr #Fahrschulen eigentlich nicht fair\u201c, sagt er. \u201eBei unseren Ausgaben m\u00fcssten wir das Doppelte verlangen.\u201c\r\n\ud809\udc2b\r\n\r\nhttps:\/\/www.merkur.de\/lokales\/starnberg\/landkreis\/fahrschulen-klagen-wir-sind-fast-bei-null-angekommen-94090705.html",
            "hashtags": "Fahrschulen"
        }
    },
    {
        "20251219": {
            "value": "#island app to run #android apps #sandboxed\r\nhttps:\/\/island.oasisfeng.com https:\/\/island.en.uptodown.com\/android\/download",
            "hashtags": "island, android, sandboxed"
        }
    },
    {
        "20251219": {
            "value": "wow why is installing microG is hell !\r\nhttps:\/\/hoerli.net\/microg-installieren-nur-das-noetigste-damit-google-zufrieden-ist\/\r\n\r\n#GooglePlayServices",
            "hashtags": "GooglePlayServices"
        }
    },
    {
        "20251219": {
            "value": "huuuh ?\r\nhttps:\/\/m.youtube.com\/watch?v=VIvaAXZ8uas\r\n\r\nAlso alles #Schwachsinn mit #Akku Ladetipps\r\n(u.a.https:\/\/github.com\/Aatricks\/Android-battery-optimization ) ?\r\n\r\n#IchBinSoVerwirrt\r\n#repost \u2022acws #acws",
            "hashtags": "Schwachsinn, Akku, IchBinSoVerwirrt, repost, acws"
        }
    },
    {
        "20251219": {
            "value": "\ud83d\udcachttps:\/\/infosec.exchange\/@alcea\/115745545131301226#\ud83d\udcac \r\n\u2022acws #acws\r\nSet #RefreshRate to amount \r\n\"settings put system peak_refresh_rate 60\"\r\n\r\nrequires adb or #root\r\nI feel 60 is sufficient if you ask me..\r\n\r\nhttps:\/\/www.reddit.com\/r\/AndroidQuestions\/comments\/pg80qi\/comment\/nrzd6c3\/\r\n#Android #optimization\r\n\r\nHas to be ran every boot\/reboot unless you use init.d or something",
            "hashtags": "acws, RefreshRate, root, Android, optimization"
        }
    },
    {
        "20251219": {
            "value": "\ud83d\udcachttps:\/\/infosec.exchange\/@alcea\/115745468719493935#\ud83d\udcac \r\n\u2022acws #acws\r\n#Battery #Optimization tips\r\n\r\n.. Lower display res ?!..\r\n\r\nhmmm\r\nhttps:\/\/github.com\/Aatricks\/Android-battery-optimization\r\n#Android",
            "hashtags": "acws, Battery, Optimization, Android"
        }
    },
    {
        "20251219": {
            "value": "\ud83d\udcachttps:\/\/mastodon.world\/@WorldTravelerAll7\/115744860039194126#\ud83d\udcac \r\n\u2022acws #acws\r\nYou can easily #freeze any #android app with\r\n#Shizuku\r\nhttps:\/\/play.google.com\/store\/apps\/details?id=moe.shizuku.privileged.api&hl=de\r\n\r\nAnd #Hail\r\n https:\/\/hail.en.uptodown.com\/android\r\n\r\nHere is someones yt tut on it:\r\nhttps:\/\/www.youtube.com\/watch?v=S0_xEAvRHkA",
            "hashtags": "acws, freeze, android, Shizuku, Hail"
        }
    },
    {
        "20251219": {
            "value": "#GSam #Battery monitor tool ..\r\n\r\n(Why does it feel like #stock #android drains the #battery faster ?)\r\nhttps:\/\/www.reddit.com\/answers\/46170632-b00d-4854-8b56-3cf9cb0db8d6\r\n\r\nhttps:\/\/gsam-battery-monitor.de.uptodown.com\/android\/dw\r\n#repost \u2022acws #acws",
            "hashtags": "GSam, Battery, stock, android, battery, repost, acws"
        }
    },
    {
        "20251219": {
            "value": "#CurrListeningAlcea\r\nGigas - #StellarBlade\r\n( #HyunminCho )\r\nhttps:\/\/www.youtube.com\/watch?v=EJQhw6JK9Mw",
            "hashtags": "CurrListeningAlcea, StellarBlade, HyunminCho"
        }
    },
    {
        "20251219": {
            "value": "#Lily immediately loosing some cool points for not liking the \u95c7 \r\n\r\n\r\n#\u3084\u307f #dark #stellarblade\r\n#repost \u2022acws #acws",
            "hashtags": "Lily, dark, stellarblade, repost, acws"
        }
    },
    {
        "20251219": {
            "value": "#CurrListeningAlcea\r\nYakou Mori - #XenobladeChroniclesX OST\r\n( #HiroyukiSawano )\r\nhttps:\/\/www.youtube.com\/watch?v=9xbz8DKmnlg\r\n#repost \u2022acws #acws",
            "hashtags": "CurrListeningAlcea, XenobladeChroniclesX, HiroyukiSawano, repost, acws"
        }
    },
    {
        "20251219": {
            "value": "\ud83d\udcachttps:\/\/xn--8r9a.com\/@north\/115732575082526349#\ud83d\udcac \r\n\u2022acws #acws\r\n\r\n\"Is that a #ransom demand or are you just happy to see me\"\r\n- Someone.. probably\r\n#CurrListeningAlcea\r\nhttps:\/\/www.youtube.com\/watch?v=ApvVRX_058s",
            "hashtags": "acws, ransom, CurrListeningAlcea"
        }
    },
    {
        "20251219": {
            "value": "\"#IDN\/#Punycode testing.\r\n\r\nhttps:\/\/\u102a.com\r\nhttps:\/\/\u31b2.com\r\nhttps:\/\/\u12e8.com\r\nhttps:\/\/\u078e.com\r\nhttps:\/\/\u10f7.com\r\nhttps:\/\/\uaa73.com *\r\nhttps:\/\/\uaa70.com *\r\nhttps:\/\/\u0f8c.com *\r\nhttps:\/\/\u31b4.com\r\nhttps:\/\/\u06e6.com\r\nhttps:\/\/\u06e6.ws\r\nhttps:\/\/\u2d2d.ws\/\r\n\"\r\n\r\n#NormalDomainsAreForLoosers \" #punycode Putting the #pun in the #code \"\r\n\r\nI wonder if @puniko@mk.absturztau.be is a puny joke too...\r\n#repost \u2022acws #acws\r\n#repost \u2022acws #acws",
            "hashtags": "IDN, Punycode, NormalDomainsAreForLoosers, punycode, pun, code, repost, acws, repost, acws"
        }
    },
    {
        "20251219": {
            "value": "Ja genau.\r\n\r\n#MerryChristmas\r\nmerrychristmas.gov",
            "hashtags": "MerryChristmas"
        }
    },
    {
        "20251219": {
            "value": "#iRobot is also bankrott\r\nhttps:\/\/nondeterministic.computer\/@mjg59\/115721363297365912 https:\/\/www.bbc.com\/news\/articles\/c1lr75lp239o\r\n\r\nhmmm... \r\nhttps:\/\/github.com\/koalazak\/dorita980#how-to-get-your-usernameblid-and-password\r\n#roomba\r\n#repost \u2022acws #acws",
            "hashtags": "iRobot, how, roomba, repost, acws"
        }
    },
    {
        "20251218": {
            "value": "#CurrListeningAlcea\r\n45. Layton Museum ~ The Miracle Mask | #Katrielle #Layton OST\r\nhttps:\/\/www.youtube.com\/watch?v=mxWWuEszzS4\r\n#repost \u2022acws #acws",
            "hashtags": "CurrListeningAlcea, Katrielle, Layton, repost, acws"
        }
    },
    {
        "20251218": {
            "value": "Who needs #Sunlight\r\nhttps:\/\/m.youtube.com\/watch?v=WPVwsiTdDHA\r\n\r\n#AVGN #Darkman #Darkmen",
            "hashtags": "Sunlight, AVGN, Darkman, Darkmen"
        }
    },
    {
        "20251218": {
            "value": "\"We defeated #AI bots ... but at what cost ?\"\r\n- #Codeberg (probably)\r\n\r\n#OhDear #Wayback #ArchiveIt\r\nhttps:\/\/ibb.co\/Y4yCLw8d\r\nhttps:\/\/i.ibb.co\/sp6fVzQ1\/joined-image.jpg\r\n\r\n#repost \u2022acws #acws",
            "hashtags": "AI, Codeberg, OhDear, Wayback, ArchiveIt, repost, acws"
        }
    },
    {
        "20251218": {
            "value": "Lets add a #lighting system go our lil -totally-not-meant-as-drawing-reference 3D Posetool\r\n\r\n#CodeAlcea #MikuMikuDance\r\nhttps:\/\/codeberg.org\/alceawisteria\/MMD_Web_Renderer\/src\/branch\/main\/js\/photostudio.htmlv.1.6.lightingSystem\r\nhttps:\/\/m.youtube.com\/watch?v=f6en48D1cPI\r\n\r\n#repost \u2022acws #acws #WhyLearnToShadeWhenICanSimulateShadows ?",
            "hashtags": "lighting, CodeAlcea, MikuMikuDance, repost, acws, WhyLearnToShadeWhenICanSimulateShadows"
        }
    },
    {
        "20251218": {
            "value": "https:\/\/cdn.woof.tech\/cache\/media_attachments\/files\/115\/740\/666\/005\/325\/927\/original\/71fcc8bcfe465311.png\r\nhttps:\/\/mastodon.social\/@greenpeace\/115740665819890223\r\n#monopoly",
            "hashtags": "monopoly"
        }
    },
    {
        "20251218": {
            "value": "\ud809\udc2bThe Record: Pa. high court rules that police can access #Google searches without a warrant https:\/\/therecord.media\/google-searches-police-access-without-warrant-pennsylvania-court-ruling @therecord_media #privacy\r\n\ud809\udc2b\r\nhttps:\/\/infosec.exchange\/@AAKL\/115741423304059002",
            "hashtags": "Google, privacy"
        }
    },
    {
        "20251218": {
            "value": "\ud809\udc2b\r\nFetch activities for app (requires su\/root):\r\n\r\ndumpsys package com.samsung.android.app.smartcapture | grep -i activity\r\n\r\nServices:\r\ndumpsys package com.samsung.android.app.smartcapture | grep \"service\"\r\n\r\nreceivers:\r\ndumpsys package com.samsung.android.app.smartcapture | grep \"receiver\"\r\n\ud809\udc2b\r\n#android #intents\r\n\r\nTo call a intent:\r\n\r\nWORKING EXAMPLE (01.09.20) (src - used krow.dev.scheme to fetch intent[experiment w. tasker values, then copy from dir])\r\nam broadcast 'intent:#Intent;action=com.maxmpz.audioplayer.API_COMMAND;package=com.maxmpz.audioplayer;i.cmd=1;end'\r\n\r\nhttps:\/\/stackoverflow.com\/questions\/49542964\/reform-tasker-intent-to-shell\/63678798#63678798\r\nhttps:\/\/forum.powerampapp.com\/topic\/19800-call-poweramp-intent-from-shell\/\r\n",
            "hashtags": "android, intents, Intent, 63678798"
        }
    },
    {
        "20251218": {
            "value": "\ud809\udc2bDa\u00admit die Agen\u00adtu\u00adren f\u00fcr Ar\u00adbeit (fr\u00fcher: \"Ar\u00adbeits\u00e4mter\") recht\u00adzei\u00adtig \u00fcber ei\u00adnen au\u00dfer\u00adgew\u00f6hn\u00adlich ho\u00adhen Zu\u00adgang neu\u00ader Ar\u00adbeits\u00adlo\u00adser in\u00adfor\u00admiert sind und sich hier\u00adauf ein\u00adstel\u00adlen k\u00f6nnen, sind Ar\u00adbeit\u00adge\u00adber ab ei\u00adner Be\u00adtriebs\u00adgr\u00f6\u00dfe von min\u00addes\u00adtens 21 Ar\u00adbeit\u00adneh\u00admern ge\u00adsetz\u00adlich da\u00adzu ver\u00adpflich\u00adtet, sog. Mas\u00adsen\u00adent\u00adlas\u00adsun\u00adgen schrift\u00adlich an\u00adzu\u00adzei\u00adgen. Was ei\u00adne an\u00adzei\u00adge\u00adpflich\u00adti\u00adge Mas\u00adsen\u00adent\u00adlas\u00adsung ist, legt \u00a7 17 Abs.1 K\u00fcndi\u00adgungs\u00adschutz\u00adge\u00adsetz (KSchG) fest. Hier hei\u00dft es:\r\n\r\n \r\n\r\n\"Der Ar\u00adbeit\u00adge\u00adber ist ver\u00adpflich\u00adtet, der Agen\u00adtur f\u00fcr Ar\u00adbeit An\u00adzei\u00adge zu er\u00adstat\u00adten, be\u00advor er\r\n1.\tin Be\u00adtrie\u00adben mit in der Re\u00adgel mehr als 20 und we\u00adni\u00adger als 60 Ar\u00adbeit\u00adneh\u00admern mehr als 5 Ar\u00adbeit\u00adneh\u00admer,\r\n2.\tin Be\u00adtrie\u00adben mit in der Re\u00adgel min\u00addes\u00adtens 60 und we\u00adni\u00adger als 500 Ar\u00adbeit\u00adneh\u00admern 10 vom Hun\u00addert der im Be\u00adtrieb re\u00adgelm\u00e4\u00dfig besch\u00e4ftig\u00adten Ar\u00adbeit\u00adneh\u00admer oder aber mehr als 25 Ar\u00adbeit\u00adneh\u00admer,\r\n3.\tin Be\u00adtrie\u00adben mit in der Re\u00adgel min\u00addes\u00adtens 500 Ar\u00adbeit\u00adneh\u00admern min\u00addes\u00adtens 30 Ar\u00adbeit\u00adneh\u00admer\r\nin\u00adner\u00adhalb von 30 Ka\u00adlen\u00adder\u00adta\u00adgen entl\u00e4sst. Den Ent\u00adlas\u00adsun\u00adgen ste\u00adhen an\u00adde\u00adre Be\u00aden\u00addi\u00adgun\u00adgen des Ar\u00adbeits\u00adverh\u00e4lt\u00adnis\u00adses gleich, die vom Ar\u00adbeit\u00adge\u00adber ver\u00adan\u00adlasst wer\u00adden.\"\r\nDie An\u00adzei\u00adge, die der Ar\u00adbeit\u00adge\u00adber in den hier ge\u00adnann\u00adten F\u00e4llen zu er\u00adstat\u00adten hat, hei\u00dft Mas\u00adsen\u00adent\u00adlas\u00adsungs\u00adan\u00adzei\u00adge.\r\n\ud809\udc2b\r\n#Massenentlassung\r\nhttps:\/\/m.hensche.de\/Rechtsanwalt_Arbeitsrecht_Massenentlassung.html",
            "hashtags": "Massenentlassung"
        }
    },
    {
        "20251218": {
            "value": "https:\/\/www.cmshs-bloggt.de\/arbeitsrecht\/erstmals-entschieden-auch-ein-fingiertes-arbeitsverhaeltnis-kann-verwirken\/\r\nhttps:\/\/www.anwalt.de\/rechtstipps\/arbeitgeber-fingiert-kuendigungsgruende-schadensersatz-fuer-arbeitnehmer_161341.html\r\nhttps:\/\/www.rechtsanwalts-kanzlei-wolfratshausen.de\/fingiert-der-arbeitgeber-kuendigungsgruende-dann-begruendet-dies-entschaedigungsansprueche-des-arbeitnehmers\r\n#Layoff #Job",
            "hashtags": "Layoff, Job"
        }
    },
    {
        "20251218": {
            "value": "\ud809\udc2b\u201eWenn ich im Urlaub bin, kann mein Arbeitgeber mir nicht k\u00fcndigen.\u201c 1. September 2024 Das stimmt nicht. Urlaubszeit hindert nicht an einer K\u00fcndigung. Dabei kann ein Arbeitsverh\u00e4ltnis nur schriftlich gek\u00fcndigt werden \u2013 typisch ist es deshalb, dass die K\u00fcndigung per #Post kommt. Der Einwurf des Briefs ist dabei ausschlaggebend, denn ab hier l\u00e4uft eine Frist von drei Wochen, innerhalb derer der Arbeitnehmer oder die Arbeitnehmerin mit einer Klage gegen die K\u00fcndigung vorgehen kann. Nach Fristablauf wird die K\u00fcndigung wirksam \u2013 auch dann, wenn diese fehlerhaft ist\ud809\udc2b\r\n#layoff #vacation\r\n\r\nhttps:\/\/www.arbeitnehmerkammer.de\/service\/magazin-der-arbeitnehmerkammer\/bam\/ausgabe-september\/oktober-2024\/rechtsirrtum.html",
            "hashtags": "Post, layoff, vacation"
        }
    },
    {
        "20251217": {
            "value": "\"Cannot attach video to post that already contains #image \"\r\n\r\nExcuse me #mastodon but ...\r\n\r\n#WTFFedi ??\r\n\r\nIs this the TexhnoRecolution ?\r\nhttps:\/\/ibb.co\/pvh5KrYj\r\nhttps:\/\/i.ibb.co\/99ZS43QH\/Screenshot-20251218-005518-Brave.jpg\r\n\r\n#repost \u2022acws #acws",
            "hashtags": "image, mastodon, WTFFedi, repost, acws"
        }
    },
    {
        "20251217": {
            "value": "\ud83d\udcachttps:\/\/infosec.exchange\/@alcea\/115737459908266326#\ud83d\udcac \r\n\u2022acws #acws\r\nHmmm...\r\n#Themepark not sure\r\nRounder Icons ?\r\n\r\nHad it been a glass or gloss finish..\r\n\r\nMeh I can do bettah ( https:\/\/alcea-wisteria.de\/PHP\/0demo\/2023-08-15-JSFiddle-Clone\/htmls\/2025-04-13-iOS-6-icon-maker.html )\r\n\r\nBuf the fact that even #NovaLauncher s icons are affected immedeately is impressive\r\n:blobcatmelt: \r\nhttps:\/\/ibb.co\/pvx5t89C\r\nhttps:\/\/i.ibb.co\/4Z736G5B\/Applied-Round-Icons.jpg\r\n\r\n\r\n\r\n#repost \u2022acws #acws",
            "hashtags": "acws, Themepark, NovaLauncher, repost, acws"
        }
    },
    {
        "20251217": {
            "value": "Funky\r\n\r\n#GoodLock and #QuickStar are like #Samsung thought\r\n\r\n\"Yknow.. those no root ppl.. We need to throw em a bone.\r\nHow bout we make a master app and a few cutie lil ones to act kind of like the equivalent of #magisk and #xposed modules .. but.. #official \"\r\n\r\nAlmost makes me forgive their terrible #batterymanagment and draconian #BackgroundApp Sillyness..\r\n\r\nphew\r\nLooks like QuickStar s changes stuck even after freezing it and rebooting...\r\n\r\nBut my webbrowser freezes way more thsn on LineageOS..\r\n\r\nhttps:\/\/ibb.co\/Ng0Jr8W8\r\nhttps:\/\/i.ibb.co\/DPBvYxwx\/joined-image.jpg\r\n\r\n#repost \u2022acws #acws",
            "hashtags": "GoodLock, QuickStar, Samsung, magisk, xposed, official, batterymanagment, BackgroundApp, repost, acws"
        }
    }
]