[
    {
        "20251219": {
            "value": "How cool\r\n\r\nI can reuse the #HTML Mode for #Akkoma for any #Glitch fork #mastodon.\r\n\r\n\ud809\udc2bI love it :blobcatsnuggle: \ud809\udc2b\r\nhttps:\/\/ibb.co\/Ld3CRvDv\r\nhttps:\/\/i.ibb.co\/HTjr4XLX\/Glitch-Samd-As-Akkoma-In-Terms-Of-HTMLMode.jpg\r\n\r\n#repost \u2022acws #acws",
            "hashtags": "HTML, Akkoma, Glitch, mastodon, repost, acws"
        }
    },
    {
        "20251219": {
            "value": "html \ud809\udc2btest\ud809\udc2b post\r\n#repost \u2022acws #acws",
            "hashtags": "repost, acws"
        }
    },
    {
        "20251219": {
            "value": "oh #god\r\n\"\r\nOn the positive side though, following all that backlash, Microsoft acknowledged Windows has issues, and as if on cue, the company in a new support article has admitted that there are problems on almost every major Windows 11 core feature. The issues are related to XAML and this impacts all the Shell components like the Start Menu, Taskbar, Explorer, and Windows Settings.\r\n\r\nExplorer.exe crash\r\nshelhost.exe crash\r\nStartMenuExperienceHost issues\r\nSystem Settings silently fails to launch\r\n\r\nApplication crashes when initializing the XAML views\r\nExplorer running but no taskbar window.\r\nother XAML island views fail to initialize.\r\nImmersiveShell problems\"\r\n\r\n#WhatDidTheyDo ?\r\n\r\nhttps:\/\/www.reddit.com\/r\/technology\/comments\/1p32mrr\/microsoft_finally_admits_almost_all_major_windows\/?captcha=1\r\n\r\n#Windows #Microsoft\r\n\r\n(Thats why I like #Android .\r\nThere will always be a way or #replacement od to fix things )\r\n#repost \u2022acws #acws",
            "hashtags": "god, WhatDidTheyDo, Windows, Microsoft, Android, replacement, repost, acws"
        }
    },
    {
        "20251219": {
            "value": "\ud809\udc2bSo just to kind of redirect the ragebait here - the desert (sol valley) has normal ambient music\r\n\r\nThe Amiibo lets you customise the music while riding the bike; effectively serving as both a car-radio and a defacto \"jukebox mode\" for the game.\r\n\r\nYou're not driving through the desert in silence without it lmao.\ud809\udc2b\r\n\r\n<del>wait\r\nYou need an #amiibo to enable #music playback in #Metroid4Beyond s #desert passages ?\r\n\r\nWat ?\r\nhttps:\/\/www.reddit.com\/r\/casualnintendo\/comments\/1pdpg1j\/it_seems_you_will_be_able_to_put_music_in_the\/?captcha=1 <\/del>\r\n\r\n#Nintendo",
            "hashtags": "amiibo, music, Metroid4Beyond, desert, Nintendo"
        }
    },
    {
        "20251219": {
            "value": "\ud83d\udcachttps:\/\/infosec.exchange\/@tihmstar\/115747850922973709#\ud83d\udcac \r\n\u2022acws #acws #SwitchReloaded\r\n\r\nDa f\u00e4llt mir dazu ein...\r\n\r\n#Max war auch ein \"\"\"super\"\"\" #Koch \r\n:blobcatgoogly: :blobcatfacepalm: \r\n\r\nWow\r\nh\r\n----watch?v=5VmZFvJg7ro\r\nhttps:\/\/m.youtube.com\/watch?v=aEBCpEDc-ZE\r\n\r\nTim M\u00e4lzer kocht ein Bio-Men\u00fc | Switch reloaded\r\nK\u00fchlschrank",
            "hashtags": "acws, SwitchReloaded, Max, Koch"
        }
    },
    {
        "20251219": {
            "value": "Praise the #Lord \r\nhttps:\/\/www.nintendolife.com\/news\/2025\/12\/nintendo-has-a-game-key-card-alternative-in-the-works-with-smaller-switch-2-carts\r\n\r\n#GameKeyCards are so terrible.\r\n\r\nMaybe #Nintendo can yet save emselves (and me from #Boredom )\r\n#Switch2\r\n#repost \u2022acws #acws",
            "hashtags": "Lord, GameKeyCards, Nintendo, Boredom, Switch2, repost, acws"
        }
    },
    {
        "20251219": {
            "value": "\ud83d\udcachttps:\/\/infosec.exchange\/@alcea\/115747402334742562#\ud83d\udcac \r\n\u2022acws #acws\r\nDisabling\r\n\r\n\"EdgeToEdgeEverywhere\r\nEnables Chrome to draw below the system bars, all the time. This is intended to facilitate the transition to edge-to-edge being enforced at the system level. \u2013 Android\"\r\n\r\nFixes the issue.\r\nWe are talking:\r\n- #Samsung GalaxyTab #S7\r\n- #Gesture Navbar activated in Settings\r\n\r\n#edge-to-edge-everywhere\r\n\r\nApparantly this is Samsung device issue.\r\nStrange that only #Vivaldi seems to be affected\r\n\r\nhttps:\/\/forum.vivaldi.net\/post\/865101\r\n\r\nI also set\r\n\"settings put global policy_control immersive.full=*\"\r\n\r\nhttps:\/\/ibb.co\/GQvvXL7x\r\nhttps:\/\/i.ibb.co\/5hWWdyTM\/joined-image.jpg",
            "hashtags": "acws, Samsung, S7, Gesture, edge, Vivaldi"
        }
    },
    {
        "20251219": {
            "value": "\ud83d\udcachttps:\/\/infosec.exchange\/@Vivaldi@vivaldi.net\/115728750186633016#\ud83d\udcac \r\n\u2022acws #acws\r\n\r\nWhat time to be alive when companies announce what they are #not gonna do :ablobcatrave: ",
            "hashtags": "acws, not"
        }
    },
    {
        "20251219": {
            "value": "Brad checking out the #Framework #Laptop\r\nhttps:\/\/m.youtube.com\/watch?v=STzF3xm-E_I#\r\n\r\n(as cool and cute as it is.. My DellPrecision 7510 has way better value for its money and even it is collecting dust...)\r\n#repost \u2022acws #acws",
            "hashtags": "Framework, Laptop, repost, acws"
        }
    },
    {
        "20251219": {
            "value": "\ud83d\udcachttps:\/\/infosec.exchange\/@alcea\/115746985743302812#\ud83d\udcac \r\n\u2022acws #acws\r\nln -s \/storage\/emulated\/0\/Download \/data\/data\/com.vivaldi.browser\/files\/Download\r\n\r\nwell if #Vivaldi thinks its cool to use hardcoded paths I'll gladly show it around town\r\nhttps:\/\/ibb.co\/nNfRqptv\r\nhttps:\/\/i.ibb.co\/C3vWpLDZ\/Vivaldi-Hardcoded-Path.jpg\r\n\r\n(Yes I did check the ...\/files\/com.vivaldi.browser_preferences.xml\r\nAnd no, you can't just edit path in there......)",
            "hashtags": "acws, Vivaldi"
        }
    },
    {
        "20251219": {
            "value": "chrome:\/\/about\/\r\n\r\n\"chrome:\/\/inducebrowsercrashforrealz\r\nchrome:\/\/inducebrowserdcheckforrealz\"\r\n\r\nLike ForRealZ .?\r\n\r\n(What is the -vivaldi teamd doing ? \u30fe(\uff61>\ufe4f<\uff61)\uff89\uff9e\u2727*\r\n#repost \u2022acws #acws",
            "hashtags": "repost, acws"
        }
    },
    {
        "20251219": {
            "value": "#Vivaldi flipped up the #Navbar in fullscreen n #immersive mode.\r\nHow ? No.idea\r\nhttps:\/\/www.reddit.com\/r\/vivaldibrowser\/comments\/1oh9ip4\/grey_bar_at_the_bottom_expected_behaviour\/?tl=de\r\n#repost \u2022acws #acws",
            "hashtags": "Vivaldi, Navbar, immersive, repost, acws"
        }
    },
    {
        "20251219": {
            "value": "Crazy\r\n#Vivaldi on #Android even supports #Javascript #bookmarklets\r\n\r\nGuess its ~ByeBye~ Brave\r\n\r\nMaybe -iocaine wil, leave me alone now too\r\n#repost \u2022acws #acws",
            "hashtags": "Vivaldi, Android, Javascript, bookmarklets, repost, acws"
        }
    },
    {
        "20251219": {
            "value": "\ud809\udc2b3500 Euro und 4000 Euro\u201c, sagt Schubert. Auch talentierte Fahrsch\u00fcler, die weniger \u00dcbungsstunden ben\u00f6tigen als andere, zahlen kaum unter 3000 Euro f\u00fcr ihren Schein.\r\n\r\nZu viel f\u00fcr viele, aber eigentlich noch zu wenig f\u00fcr die Fahrschulen, findet Manfred Fechter, Inhaber von Manni\u2018s Fahrschule in Herrsching. \u201eDer Preis ist f\u00fcr #Fahrschulen eigentlich nicht fair\u201c, sagt er. \u201eBei unseren Ausgaben m\u00fcssten wir das Doppelte verlangen.\u201c\r\n\ud809\udc2b\r\n\r\nhttps:\/\/www.merkur.de\/lokales\/starnberg\/landkreis\/fahrschulen-klagen-wir-sind-fast-bei-null-angekommen-94090705.html",
            "hashtags": "Fahrschulen"
        }
    },
    {
        "20251219": {
            "value": "#island app to run #android apps #sandboxed\r\nhttps:\/\/island.oasisfeng.com https:\/\/island.en.uptodown.com\/android\/download",
            "hashtags": "island, android, sandboxed"
        }
    },
    {
        "20251219": {
            "value": "wow why is installing microG is hell !\r\nhttps:\/\/hoerli.net\/microg-installieren-nur-das-noetigste-damit-google-zufrieden-ist\/\r\n\r\n#GooglePlayServices",
            "hashtags": "GooglePlayServices"
        }
    },
    {
        "20251219": {
            "value": "huuuh ?\r\nhttps:\/\/m.youtube.com\/watch?v=VIvaAXZ8uas\r\n\r\nAlso alles #Schwachsinn mit #Akku Ladetipps\r\n(u.a.https:\/\/github.com\/Aatricks\/Android-battery-optimization ) ?\r\n\r\n#IchBinSoVerwirrt\r\n#repost \u2022acws #acws",
            "hashtags": "Schwachsinn, Akku, IchBinSoVerwirrt, repost, acws"
        }
    },
    {
        "20251219": {
            "value": "\ud83d\udcachttps:\/\/infosec.exchange\/@alcea\/115745545131301226#\ud83d\udcac \r\n\u2022acws #acws\r\nSet #RefreshRate to amount \r\n\"settings put system peak_refresh_rate 60\"\r\n\r\nrequires adb or #root\r\nI feel 60 is sufficient if you ask me..\r\n\r\nhttps:\/\/www.reddit.com\/r\/AndroidQuestions\/comments\/pg80qi\/comment\/nrzd6c3\/\r\n#Android #optimization\r\n\r\nHas to be ran every boot\/reboot unless you use init.d or something",
            "hashtags": "acws, RefreshRate, root, Android, optimization"
        }
    },
    {
        "20251219": {
            "value": "\ud83d\udcachttps:\/\/infosec.exchange\/@alcea\/115745468719493935#\ud83d\udcac \r\n\u2022acws #acws\r\n#Battery #Optimization tips\r\n\r\n.. Lower display res ?!..\r\n\r\nhmmm\r\nhttps:\/\/github.com\/Aatricks\/Android-battery-optimization\r\n#Android",
            "hashtags": "acws, Battery, Optimization, Android"
        }
    },
    {
        "20251219": {
            "value": "\ud83d\udcachttps:\/\/mastodon.world\/@WorldTravelerAll7\/115744860039194126#\ud83d\udcac \r\n\u2022acws #acws\r\nYou can easily #freeze any #android app with\r\n#Shizuku\r\nhttps:\/\/play.google.com\/store\/apps\/details?id=moe.shizuku.privileged.api&hl=de\r\n\r\nAnd #Hail\r\n https:\/\/hail.en.uptodown.com\/android\r\n\r\nHere is someones yt tut on it:\r\nhttps:\/\/www.youtube.com\/watch?v=S0_xEAvRHkA",
            "hashtags": "acws, freeze, android, Shizuku, Hail"
        }
    },
    {
        "20251219": {
            "value": "#GSam #Battery monitor tool ..\r\n\r\n(Why does it feel like #stock #android drains the #battery faster ?)\r\nhttps:\/\/www.reddit.com\/answers\/46170632-b00d-4854-8b56-3cf9cb0db8d6\r\n\r\nhttps:\/\/gsam-battery-monitor.de.uptodown.com\/android\/dw\r\n#repost \u2022acws #acws",
            "hashtags": "GSam, Battery, stock, android, battery, repost, acws"
        }
    },
    {
        "20251219": {
            "value": "#CurrListeningAlcea\r\nGigas - #StellarBlade\r\n( #HyunminCho )\r\nhttps:\/\/www.youtube.com\/watch?v=EJQhw6JK9Mw",
            "hashtags": "CurrListeningAlcea, StellarBlade, HyunminCho"
        }
    },
    {
        "20251219": {
            "value": "#Lily immediately loosing some cool points for not liking the \u95c7 \r\n\r\n\r\n#\u3084\u307f #dark #stellarblade\r\n#repost \u2022acws #acws",
            "hashtags": "Lily, dark, stellarblade, repost, acws"
        }
    },
    {
        "20251219": {
            "value": "#CurrListeningAlcea\r\nYakou Mori - #XenobladeChroniclesX OST\r\n( #HiroyukiSawano )\r\nhttps:\/\/www.youtube.com\/watch?v=9xbz8DKmnlg\r\n#repost \u2022acws #acws",
            "hashtags": "CurrListeningAlcea, XenobladeChroniclesX, HiroyukiSawano, repost, acws"
        }
    },
    {
        "20251219": {
            "value": "\ud83d\udcachttps:\/\/xn--8r9a.com\/@north\/115732575082526349#\ud83d\udcac \r\n\u2022acws #acws\r\n\r\n\"Is that a #ransom demand or are you just happy to see me\"\r\n- Someone.. probably\r\n#CurrListeningAlcea\r\nhttps:\/\/www.youtube.com\/watch?v=ApvVRX_058s",
            "hashtags": "acws, ransom, CurrListeningAlcea"
        }
    },
    {
        "20251219": {
            "value": "\"#IDN\/#Punycode testing.\r\n\r\nhttps:\/\/\u102a.com\r\nhttps:\/\/\u31b2.com\r\nhttps:\/\/\u12e8.com\r\nhttps:\/\/\u078e.com\r\nhttps:\/\/\u10f7.com\r\nhttps:\/\/\uaa73.com *\r\nhttps:\/\/\uaa70.com *\r\nhttps:\/\/\u0f8c.com *\r\nhttps:\/\/\u31b4.com\r\nhttps:\/\/\u06e6.com\r\nhttps:\/\/\u06e6.ws\r\nhttps:\/\/\u2d2d.ws\/\r\n\"\r\n\r\n#NormalDomainsAreForLoosers \" #punycode Putting the #pun in the #code \"\r\n\r\nI wonder if @puniko@mk.absturztau.be is a puny joke too...\r\n#repost \u2022acws #acws\r\n#repost \u2022acws #acws",
            "hashtags": "IDN, Punycode, NormalDomainsAreForLoosers, punycode, pun, code, repost, acws, repost, acws"
        }
    },
    {
        "20251219": {
            "value": "Ja genau.\r\n\r\n#MerryChristmas\r\nmerrychristmas.gov",
            "hashtags": "MerryChristmas"
        }
    },
    {
        "20251219": {
            "value": "#iRobot is also bankrott\r\nhttps:\/\/nondeterministic.computer\/@mjg59\/115721363297365912 https:\/\/www.bbc.com\/news\/articles\/c1lr75lp239o\r\n\r\nhmmm... \r\nhttps:\/\/github.com\/koalazak\/dorita980#how-to-get-your-usernameblid-and-password\r\n#roomba\r\n#repost \u2022acws #acws",
            "hashtags": "iRobot, how, roomba, repost, acws"
        }
    },
    {
        "20251218": {
            "value": "#CurrListeningAlcea\r\n45. Layton Museum ~ The Miracle Mask | #Katrielle #Layton OST\r\nhttps:\/\/www.youtube.com\/watch?v=mxWWuEszzS4\r\n#repost \u2022acws #acws",
            "hashtags": "CurrListeningAlcea, Katrielle, Layton, repost, acws"
        }
    },
    {
        "20251218": {
            "value": "Who needs #Sunlight\r\nhttps:\/\/m.youtube.com\/watch?v=WPVwsiTdDHA\r\n\r\n#AVGN #Darkman #Darkmen",
            "hashtags": "Sunlight, AVGN, Darkman, Darkmen"
        }
    },
    {
        "20251218": {
            "value": "\"We defeated #AI bots ... but at what cost ?\"\r\n- #Codeberg (probably)\r\n\r\n#OhDear #Wayback #ArchiveIt\r\nhttps:\/\/ibb.co\/Y4yCLw8d\r\nhttps:\/\/i.ibb.co\/sp6fVzQ1\/joined-image.jpg\r\n\r\n#repost \u2022acws #acws",
            "hashtags": "AI, Codeberg, OhDear, Wayback, ArchiveIt, repost, acws"
        }
    },
    {
        "20251218": {
            "value": "Lets add a #lighting system go our lil -totally-not-meant-as-drawing-reference 3D Posetool\r\n\r\n#CodeAlcea #MikuMikuDance\r\nhttps:\/\/codeberg.org\/alceawisteria\/MMD_Web_Renderer\/src\/branch\/main\/js\/photostudio.htmlv.1.6.lightingSystem\r\nhttps:\/\/m.youtube.com\/watch?v=f6en48D1cPI\r\n\r\n#repost \u2022acws #acws #WhyLearnToShadeWhenICanSimulateShadows ?",
            "hashtags": "lighting, CodeAlcea, MikuMikuDance, repost, acws, WhyLearnToShadeWhenICanSimulateShadows"
        }
    },
    {
        "20251218": {
            "value": "https:\/\/cdn.woof.tech\/cache\/media_attachments\/files\/115\/740\/666\/005\/325\/927\/original\/71fcc8bcfe465311.png\r\nhttps:\/\/mastodon.social\/@greenpeace\/115740665819890223\r\n#monopoly",
            "hashtags": "monopoly"
        }
    },
    {
        "20251218": {
            "value": "\ud809\udc2bThe Record: Pa. high court rules that police can access #Google searches without a warrant https:\/\/therecord.media\/google-searches-police-access-without-warrant-pennsylvania-court-ruling @therecord_media #privacy\r\n\ud809\udc2b\r\nhttps:\/\/infosec.exchange\/@AAKL\/115741423304059002",
            "hashtags": "Google, privacy"
        }
    },
    {
        "20251218": {
            "value": "\ud809\udc2b\r\nFetch activities for app (requires su\/root):\r\n\r\ndumpsys package com.samsung.android.app.smartcapture | grep -i activity\r\n\r\nServices:\r\ndumpsys package com.samsung.android.app.smartcapture | grep \"service\"\r\n\r\nreceivers:\r\ndumpsys package com.samsung.android.app.smartcapture | grep \"receiver\"\r\n\ud809\udc2b\r\n#android #intents\r\n\r\nTo call a intent:\r\n\r\nWORKING EXAMPLE (01.09.20) (src - used krow.dev.scheme to fetch intent[experiment w. tasker values, then copy from dir])\r\nam broadcast 'intent:#Intent;action=com.maxmpz.audioplayer.API_COMMAND;package=com.maxmpz.audioplayer;i.cmd=1;end'\r\n\r\nhttps:\/\/stackoverflow.com\/questions\/49542964\/reform-tasker-intent-to-shell\/63678798#63678798\r\nhttps:\/\/forum.powerampapp.com\/topic\/19800-call-poweramp-intent-from-shell\/\r\n",
            "hashtags": "android, intents, Intent, 63678798"
        }
    },
    {
        "20251218": {
            "value": "\ud809\udc2bDa\u00admit die Agen\u00adtu\u00adren f\u00fcr Ar\u00adbeit (fr\u00fcher: \"Ar\u00adbeits\u00e4mter\") recht\u00adzei\u00adtig \u00fcber ei\u00adnen au\u00dfer\u00adgew\u00f6hn\u00adlich ho\u00adhen Zu\u00adgang neu\u00ader Ar\u00adbeits\u00adlo\u00adser in\u00adfor\u00admiert sind und sich hier\u00adauf ein\u00adstel\u00adlen k\u00f6nnen, sind Ar\u00adbeit\u00adge\u00adber ab ei\u00adner Be\u00adtriebs\u00adgr\u00f6\u00dfe von min\u00addes\u00adtens 21 Ar\u00adbeit\u00adneh\u00admern ge\u00adsetz\u00adlich da\u00adzu ver\u00adpflich\u00adtet, sog. Mas\u00adsen\u00adent\u00adlas\u00adsun\u00adgen schrift\u00adlich an\u00adzu\u00adzei\u00adgen. Was ei\u00adne an\u00adzei\u00adge\u00adpflich\u00adti\u00adge Mas\u00adsen\u00adent\u00adlas\u00adsung ist, legt \u00a7 17 Abs.1 K\u00fcndi\u00adgungs\u00adschutz\u00adge\u00adsetz (KSchG) fest. Hier hei\u00dft es:\r\n\r\n \r\n\r\n\"Der Ar\u00adbeit\u00adge\u00adber ist ver\u00adpflich\u00adtet, der Agen\u00adtur f\u00fcr Ar\u00adbeit An\u00adzei\u00adge zu er\u00adstat\u00adten, be\u00advor er\r\n1.\tin Be\u00adtrie\u00adben mit in der Re\u00adgel mehr als 20 und we\u00adni\u00adger als 60 Ar\u00adbeit\u00adneh\u00admern mehr als 5 Ar\u00adbeit\u00adneh\u00admer,\r\n2.\tin Be\u00adtrie\u00adben mit in der Re\u00adgel min\u00addes\u00adtens 60 und we\u00adni\u00adger als 500 Ar\u00adbeit\u00adneh\u00admern 10 vom Hun\u00addert der im Be\u00adtrieb re\u00adgelm\u00e4\u00dfig besch\u00e4ftig\u00adten Ar\u00adbeit\u00adneh\u00admer oder aber mehr als 25 Ar\u00adbeit\u00adneh\u00admer,\r\n3.\tin Be\u00adtrie\u00adben mit in der Re\u00adgel min\u00addes\u00adtens 500 Ar\u00adbeit\u00adneh\u00admern min\u00addes\u00adtens 30 Ar\u00adbeit\u00adneh\u00admer\r\nin\u00adner\u00adhalb von 30 Ka\u00adlen\u00adder\u00adta\u00adgen entl\u00e4sst. Den Ent\u00adlas\u00adsun\u00adgen ste\u00adhen an\u00adde\u00adre Be\u00aden\u00addi\u00adgun\u00adgen des Ar\u00adbeits\u00adverh\u00e4lt\u00adnis\u00adses gleich, die vom Ar\u00adbeit\u00adge\u00adber ver\u00adan\u00adlasst wer\u00adden.\"\r\nDie An\u00adzei\u00adge, die der Ar\u00adbeit\u00adge\u00adber in den hier ge\u00adnann\u00adten F\u00e4llen zu er\u00adstat\u00adten hat, hei\u00dft Mas\u00adsen\u00adent\u00adlas\u00adsungs\u00adan\u00adzei\u00adge.\r\n\ud809\udc2b\r\n#Massenentlassung\r\nhttps:\/\/m.hensche.de\/Rechtsanwalt_Arbeitsrecht_Massenentlassung.html",
            "hashtags": "Massenentlassung"
        }
    },
    {
        "20251218": {
            "value": "https:\/\/www.cmshs-bloggt.de\/arbeitsrecht\/erstmals-entschieden-auch-ein-fingiertes-arbeitsverhaeltnis-kann-verwirken\/\r\nhttps:\/\/www.anwalt.de\/rechtstipps\/arbeitgeber-fingiert-kuendigungsgruende-schadensersatz-fuer-arbeitnehmer_161341.html\r\nhttps:\/\/www.rechtsanwalts-kanzlei-wolfratshausen.de\/fingiert-der-arbeitgeber-kuendigungsgruende-dann-begruendet-dies-entschaedigungsansprueche-des-arbeitnehmers\r\n#Layoff #Job",
            "hashtags": "Layoff, Job"
        }
    },
    {
        "20251218": {
            "value": "\ud809\udc2b\u201eWenn ich im Urlaub bin, kann mein Arbeitgeber mir nicht k\u00fcndigen.\u201c 1. September 2024 Das stimmt nicht. Urlaubszeit hindert nicht an einer K\u00fcndigung. Dabei kann ein Arbeitsverh\u00e4ltnis nur schriftlich gek\u00fcndigt werden \u2013 typisch ist es deshalb, dass die K\u00fcndigung per #Post kommt. Der Einwurf des Briefs ist dabei ausschlaggebend, denn ab hier l\u00e4uft eine Frist von drei Wochen, innerhalb derer der Arbeitnehmer oder die Arbeitnehmerin mit einer Klage gegen die K\u00fcndigung vorgehen kann. Nach Fristablauf wird die K\u00fcndigung wirksam \u2013 auch dann, wenn diese fehlerhaft ist\ud809\udc2b\r\n#layoff #vacation\r\n\r\nhttps:\/\/www.arbeitnehmerkammer.de\/service\/magazin-der-arbeitnehmerkammer\/bam\/ausgabe-september\/oktober-2024\/rechtsirrtum.html",
            "hashtags": "Post, layoff, vacation"
        }
    },
    {
        "20251217": {
            "value": "\"Cannot attach video to post that already contains #image \"\r\n\r\nExcuse me #mastodon but ...\r\n\r\n#WTFFedi ??\r\n\r\nIs this the TexhnoRecolution ?\r\nhttps:\/\/ibb.co\/pvh5KrYj\r\nhttps:\/\/i.ibb.co\/99ZS43QH\/Screenshot-20251218-005518-Brave.jpg\r\n\r\n#repost \u2022acws #acws",
            "hashtags": "image, mastodon, WTFFedi, repost, acws"
        }
    },
    {
        "20251217": {
            "value": "\ud83d\udcachttps:\/\/infosec.exchange\/@alcea\/115737459908266326#\ud83d\udcac \r\n\u2022acws #acws\r\nHmmm...\r\n#Themepark not sure\r\nRounder Icons ?\r\n\r\nHad it been a glass or gloss finish..\r\n\r\nMeh I can do bettah ( https:\/\/alcea-wisteria.de\/PHP\/0demo\/2023-08-15-JSFiddle-Clone\/htmls\/2025-04-13-iOS-6-icon-maker.html )\r\n\r\nBuf the fact that even #NovaLauncher s icons are affected immedeately is impressive\r\n:blobcatmelt: \r\nhttps:\/\/ibb.co\/pvx5t89C\r\nhttps:\/\/i.ibb.co\/4Z736G5B\/Applied-Round-Icons.jpg\r\n\r\n\r\n\r\n#repost \u2022acws #acws",
            "hashtags": "acws, Themepark, NovaLauncher, repost, acws"
        }
    },
    {
        "20251217": {
            "value": "Funky\r\n\r\n#GoodLock and #QuickStar are like #Samsung thought\r\n\r\n\"Yknow.. those no root ppl.. We need to throw em a bone.\r\nHow bout we make a master app and a few cutie lil ones to act kind of like the equivalent of #magisk and #xposed modules .. but.. #official \"\r\n\r\nAlmost makes me forgive their terrible #batterymanagment and draconian #BackgroundApp Sillyness..\r\n\r\nphew\r\nLooks like QuickStar s changes stuck even after freezing it and rebooting...\r\n\r\nBut my webbrowser freezes way more thsn on LineageOS..\r\n\r\nhttps:\/\/ibb.co\/Ng0Jr8W8\r\nhttps:\/\/i.ibb.co\/DPBvYxwx\/joined-image.jpg\r\n\r\n#repost \u2022acws #acws",
            "hashtags": "GoodLock, QuickStar, Samsung, magisk, xposed, official, batterymanagment, BackgroundApp, repost, acws"
        }
    },
    {
        "20251217": {
            "value": "Well fine have it your way \"com.samsung.android.app.smartcapture\"\r\n\r\nI did not want you anyways........\r\n#SobbyCea\r\n\ud809\udc2bThe error you're encountering, \"Permission not a changeable permission type\", indicates that the permission com.sec.android.app.smartclipservice.permission.ACCESS_SMARTCLIP is a signature-level permission. This means it can only be granted by the system or other apps signed with the same certificate (like system apps), and it cannot be granted manually via ADB.\r\n\r\nThis kind of permission is typically used by system apps that have been signed by the manufacturer (in this case, Samsung), and user apps or processes cannot modify or assign these permissions directly.\r\n\r\nWhat Can Be Done?\r\n\r\nRoot Access Limitations:\r\n\r\nEven though you have root access, signature-level permissions (like ACCESS_SMARTCLIP) are generally out of reach for modification unless you modify the system image or work with a custom ROM.\ud809\udc2b\r\n\r\nhttps:\/\/ibb.co\/Cp3sGxX4\r\nhttps:\/\/i.ibb.co\/gbLFKsXQ\/joined-image.jpg\r\n\r\n#Android #dumpsys #activitymanager\r\n#repost \u2022acws #acws",
            "hashtags": "SobbyCea, Android, dumpsys, activitymanager, repost, acws"
        }
    },
    {
        "20251217": {
            "value": "that #android #powerconsumption checks out...\r\n\r\nhttps:\/\/ibb.co\/F4S5G9Jp\r\nhttps:\/\/i.ibb.co\/PG7cBR4k\/Screenshot-20251217-224056-Device-care.jpg\r\n\r\nI swear I just charged it to 85% 2 hours ago...\r\n\r\nHmmmm.....",
            "hashtags": "android, powerconsumption"
        }
    },
    {
        "20251217": {
            "value": "\ud83d\udcachttps&#58;\/\/infosec.exchange\/@ChickenPwny\/115736976374353752#\ud83d\udcac \r\n\u2022acws #acws\r\n\r\nIf I read the #bible I bet I'd have something witty to say\r\n#EnemiesToFriends or something.\r\nOr maybe #YourEnemiesEnemyMightBeYourFriend\r\n\r\nInstead here have #RandyNewman\r\nhttps&#58;\/\/m.youtube.com\/watch?v=0hG-2tQtdlE\r\n",
            "hashtags": "58, acws, bible, EnemiesToFriends, YourEnemiesEnemyMightBeYourFriend, RandyNewman, 58"
        }
    },
    {
        "20251217": {
            "value": "\ud83d\udcachttps:\/\/mastodon.social\/@GeekAndDad\/115736883822441444#\ud83d\udcac \r\n\u2022acws #acws\r\n\r\nDon't worry #fediverse \/ #mastodon instances die sooner or later as they don't generate profit :ablobcatnomcookie: \r\n\r\n(Some of your #posts will end up on neigboring instances sometimes even caching media, but those sill be far inbetween)",
            "hashtags": "acws, fediverse, mastodon, posts"
        }
    },
    {
        "20251217": {
            "value": "\"Merry Christmas, you're #fired!\"\r\n\r\n#Holiday spirit be boppin'\r\nhttps:\/\/www.axios.com\/2025\/12\/14\/holiday-layoffs-firings\r\n\ud809\udc2bThe big picture: Employers have reclaimed the leverage they briefly lost during the booming labor market a few years ago. Workers now have fewer options, as hiring rates are low.\r\n\r\nMeanwhile, the overall stigma around layoffs has lifted \u2014 people are more willing to talk about getting fired and share their stories on social media.\r\nAnd companies have moved from announcing big mass firings to a \"forever layoff\" world of death by a thousand job cuts.\ud809\udc2b\r\n\r\nFire em now, then hire some new unexperienced workers who will surely underperform their predecessors later.\r\n#EconomyInANutshell",
            "hashtags": "fired, Holiday, EconomyInANutshell"
        }
    },
    {
        "20251217": {
            "value": "~Grow Fonder~\r\nhttps:\/\/m.youtube.com\/watch?v=2CYaZFydbA4&t=176s&pp=2AGwAZACAQ%3D%3D\r\n\r\n#Disney #RobinHood #Pogo",
            "hashtags": "Disney, RobinHood, Pogo"
        }
    },
    {
        "20251217": {
            "value": "\ud809\udc2bThere are limits to how much #JSON the JavaScript implementation of various browsers can handle (e.g. around 40MB in my experience).\ud809\udc2b\r\n:json:\r\n\r\nHmm so this <a target=\"_blank\" href=\"https:\/\/alceawis.de\/fakesocialrender_limited.html?user=alcea&all=yes&limit=30\">Timeline<\/a> might be at a limit one day ?\r\n\r\n\u25cf <a target=\"_blank\" href=\"https:\/\/alceawis.de\/other\/extra\/scripts\/fakesocialmedia\/commentload.html?text=Jack+Atlas+-+Battle+Theme&number=16000\">1st<\/a> entry: 2024\/02\/24\r\n\u25cb CurrEntry: 2025\/12\/17\r\n\u25cf Json Size: 2,4 Megabyte\r\n\r\nHmmm..\r\nMaybe split into two one day..\r\n\r\n(The good news is:\r\nFor normal operation the data_part_(user) json weighs just a few kilobyte and is renewed every send.\r\nOnly search, or loading beyond 60  entries will require loading the full json. #Good )\r\n\r\n#StuffAlcea #FakeSocialMedia #Timeline\r\n\r\nhttps:\/\/stackoverflow.com\/questions\/1262376\/is-there-a-limit-on-how-much-json-can-hold",
            "hashtags": "JSON, Good, StuffAlcea, FakeSocialMedia, Timeline"
        }
    },
    {
        "20251217": {
            "value": "\ud809\udc2bWenn #Erfinder ihre einstige Idee verwerfen\ud809\udc2b\r\nL\u00f6sen diese Erfinder das drohende Paket-Problem? | #EinfachGenial\r\n\r\nMobile #Packstation by inventor of regular Packstation \r\n:neocat_think: \r\nhttps:\/\/m.youtube.com\/watch?v=DXkl8xDsLGY\r\nhttps:\/\/troet.cafe\/@Verfassungklage\/115690980784311151\r\n\r\n\"\"Packetboten werden bald nicht mehr bezahlbar sein\"\"\r\nHuh ??",
            "hashtags": "Erfinder, EinfachGenial, Packstation"
        }
    },
    {
        "20251217": {
            "value": "#GBC #ResidentEvil\r\nhttps:\/\/www.gamesthatwerent.com\/wp-content\/uploads\/2025\/12\/ResiEvil-Large1.jpg\r\nhttps:\/\/www.gamesthatwerent.com\/2025\/12\/resident-evil\/\r\nhttps:\/\/www.gamesthatwerent.com\/wp-content\/uploads\/2025\/12\/Preview_ResidentEvil.zip\r\nhttps:\/\/twitter.com\/i\/status\/2001216784850927920",
            "hashtags": "GBC, ResidentEvil"
        }
    },
    {
        "20251217": {
            "value": "Felt like modelling the outfit of\r\nhttps:\/\/django-jy.artstation.com\/projects\/aR81R9\r\n#Catalyst #TheWitch\r\n\r\nhttps:\/\/yusaao.org\/bowlroll\/imgs\/ygovrains_Cea_CatalysBeta.jpg\r\nhttps:\/\/yusaao.org\/bowlroll\/pmxziploader.html?pmx=\/bowlroll\/models\/ygovrains_Cea_CatalysBeta.zip\r\nhttps:\/\/hub.vroid.com\/en\/characters\/4929929402094942568\/models\/8870476154885318406\r\n\r\n#ModelsAlcea\r\n\r\nhttps:\/\/m.youtube.com\/watch?v=woo9VLipjU4",
            "hashtags": "Catalyst, TheWitch, ModelsAo"
        }
    },
    {
        "20251217": {
            "value": "\ud83d\udcachttps:\/\/fnordon.de\/@cloudpiep\/115729056301814378#\ud83d\udcac \r\n\u2022acws #acws\r\n\r\nLieber das als 3 Wochen lang zugestellt markkert sein -nicht geliefert - und dann ge\u00f6ffnet auf der T\u00fcrschwelle zu liegen. Irgendwann...\r\nOhne Info.\r\n:abloblamp: ...\r\n\r\nDie #Abstellgenehmigung hat sich damit erledigt.\r\nEndweder #Packstation oder garnix mehr bestellen\r\n:blobcoffee: \r\n\r\nZitat Postbote\r\n\"Achja wir haben zur Weihnachtszeit viele neue Boten bekommen, die stellen das irgendwo ab.\"\r\n\r\nO.K.\r\n\r\nhttps:\/\/infosec.exchange\/@alcea\/115734590226166072",
            "hashtags": "acws, Abstellgenehmigung, Packstation"
        }
    },
    {
        "20251217": {
            "value": "\r\nLol ?!\r\nThe package I ordered 3 weeks ago arrived .. today\r\n\r\nAfter being marked \"delivered\" for 3 weeks already.\r\nAnd it arrived opened ?!\r\n\r\n28 Nov 2025 - order S7\r\n04 Dez - marked as delivered.. asked post man next day, said \"newdelivery personal is not good at job, gave him tracking nr\"\r\n... nothing\r\n06.12 Ordered second S7. This time to packing station.\r\n8.12 2nd S7 arrived at packing station. Good.\r\nFetched it\r\n...\r\n\r\n17.12 Suddenly a preopened package at my doorstep.\r\nIts the first one I ordered. Showing up out of the blue..\r\n\r\nSo..\r\nWhat ?\r\n#StuffAlcea #DHL\r\n\r\nhttps:\/\/ibb.co\/Dg1gWsHW\r\nhttps:\/\/i.ibb.co\/G3d3pB4p\/joined-image.jpg\r\n#repost \u2022acws #acws",
            "hashtags": "StuffAlcea, DHL, repost, acws"
        }
    },
    {
        "20251217": {
            "value": "\ud83d\udcachttps:\/\/ard.social\/@tagesschau\/115733574674676772#\ud83d\udcac \r\n\u2022acws #acws\r\n\r\nThey finally lost their mind(s)...\r\n",
            "hashtags": "acws"
        }
    },
    {
        "20251216": {
            "value": "~Different Now~ -#TheMentalist S05 OST\r\n( #BlakeNeely )\r\n#RedVelvetCupcakes\r\n#repost \u2022acws #acws #CurrListeningAlcea",
            "hashtags": "TheMentalist, BlakeNeely, RedVelvetCupcakes, repost, acws, CurrListeningAlcea"
        }
    },
    {
        "20251216": {
            "value": "\ud83d\udcachttps:\/\/mastodon.social\/@ennopark\/115729763991143235#\ud83d\udcac \r\n\u2022acws #acws\r\n\r\nSolche #Ferngutachten gibts schon seit dem Telefon und fr\u00fcher.\r\n\r\nQED:\r\nDer einizige #Psychologe \/ #Trickbetr\u00fcger dessen #Ferndiagnose fasziniert (wenngleich geraten)\r\nhttps:\/\/m.youtube.com\/watch?v=PKMEvSv0f7E\r\nw\u00e4re der gute #Jane \r\n\r\n#ColdReading with extra steps\r\n#RedVelvetCupcakes #TheMentalist\r\n",
            "hashtags": "acws, Ferngutachten, Psychologe, Trickbetr, Ferndiagnose, Jane, ColdReading, RedVelvetCupcakes, TheMentalist"
        }
    },
    {
        "20251216": {
            "value": "Reservetank - #MadelineJuno\r\nhttps:\/\/m.youtube.com\/watch?v=7WTA_LJqkms\r\n#CurrListeningAlcea\r\n#repost \u2022acws #acws",
            "hashtags": "MadelineJuno, CurrListeningAlcea, repost, acws"
        }
    },
    {
        "20251216": {
            "value": "Grund genug - #MadelineJuno\r\nhttps:\/\/m.youtube.com\/watch?v=-ebUOArmqTc\r\n#CurrListeningAlcea",
            "hashtags": "MadelineJuno, CurrListeningAlcea"
        }
    },
    {
        "20251216": {
            "value": "Madeline Juno - Halt Mich Fest\r\nhttps:\/\/m.youtube.com\/watch?v=L7LhDxucJIU\r\n#CurrListeningAlcea",
            "hashtags": "CurrListeningAlcea"
        }
    },
    {
        "20251216": {
            "value": "\ud83d\udcachttps:\/\/mastodon.social\/@Daojoan\/115533541290508750#\ud83d\udcac \r\n\u2022acws #acws\r\n\r\nYep #Forums > #Discord any day.\r\n\r\nAlso Discord is very loose with its data protection.\r\n\r\nI hate how everything is DC nowadays...\r\nStop recommending it to me ppl \r\n:hacker_m: :hacker_e: :hacker_h: ",
            "hashtags": "acws, Forums, Discord"
        }
    }
]