[
    {
        "20251003": {
            "value": "So \"Payment reference\" is the #english term for #Verwenungszweck ?\r\n\r\nHmmm\r\n#Banking",
            "hashtags": "english, Verwenungszweck, Banking"
        }
    },
    {
        "20251003": {
            "value": "https:\/\/www.videogameschronicle.com\/news\/street-fighter-6-director-says-he-was-shocked-at-capcoms-decision-to-charge-fans-40-to-watch-tournament-final-streams\/\r\n\r\nYeah no kidding !\r\n:blobreachsob: \r\n#repost \u2022acws #acws",
            "hashtags": "repost, acws"
        }
    },
    {
        "20251003": {
            "value": "Hard things will be a #blog article for me.\r\nhttps:\/\/alcea-wisteria.de\/blog\/2025\/10\/expanding-pedelec-u3-capacity-via-old-scooter-battery\r\n\r\nhttps:\/\/archive.ph\/AoKt6#https:\/\/web.archive.org\/web\/20251003102007\/https:\/\/alcea-wisteria.de\/blog\/2025\/10\/expanding-pedelec-u3-capacity-via-old-scooter-battery\r\n\r\nFinal try.\r\nThe #eScooter Battery is now inside the #eBike \/ #Pedelec.\r\n\r\nIf this won't work, I guess I won't be able to extend its range.\r\n\r\nI even fit it into the frame.\r\n\r\nI *am* kinda proud of myself :ExcitedDanceLuckyStar: \r\n\r\n#DiyCea #ThisWasHard !\r\n#repost \u2022acws #acws",
            "hashtags": "blog, https, eScooter, eBike, Pedelec, DiyCea, ThisWasHard, repost, acws"
        }
    },
    {
        "20251003": {
            "value": "https:\/\/www.nintendolife.com\/news\/2025\/10\/openai-is-trying-to-get-sued-nintendo-ip-floods-sora-2-video-generation-app\r\n\r\nOuch #AI is becoming scary\r\n#repost \u2022acws #acws",
            "hashtags": "AI, repost, acws"
        }
    },
    {
        "20251002": {
            "value": "so..\r\n#SuperMarioGalaxy , #SuperMarioGalaxy2 #AtelierResleria and #HadesII are also out now?\r\n\r\n#Switch still has lots of games it seems !\r\n\r\naaand I have not even remotely made up my mind if any of em is more important than BunnyOnHoverboard (a.k.a. #SonicRacingCrossworlds ) yet...\r\n\r\nI mean how can you even top that ?\r\n:Alcea_Smile: \r\n#repost \u2022acws #acws",
            "hashtags": "SuperMarioGalaxy, SuperMarioGalaxy2, AtelierResleria, HadesII, Switch, SonicRacingCrossworlds, repost, acws"
        }
    },
    {
        "20251002": {
            "value": "Learn #japanese and play game..\r\n:ablobthinkingeyes: \r\nhttps:\/\/www.nintendolife.com\/news\/2025\/10\/one-of-2025s-best-reviewed-games-has-quietly-released-on-switch-today\r\n#repost \u2022acws #acws",
            "hashtags": "japanese, repost, acws"
        }
    },
    {
        "20251002": {
            "value": "\ud83d\udcachttps:\/\/alceawis.com\/notice\/Ayo6nM4tRB4QgmwMwi#\ud83d\udcac \r\n\u2022acws #acws\r\n\r\nWhadoyouknow ?\r\n\r\nIts not broken after all.\r\nChecked polarity. Used tweezers to bend in back the inner pin of the xt60 and reinserted the og battery.\r\n\r\n#itlives\r\n\r\n(Can't say the same for our 30000mah \"battery\"\r\nLooks like a goner...)\r\n\r\nhttps:\/\/ibb.co\/GQccLDwv\r\nhttps:\/\/i.ibb.co\/RTzzmKnp\/joined-image-1.png",
            "hashtags": "acws, itlives"
        }
    },
    {
        "20251002": {
            "value": "\ud809\udc2bPolizei erwischt den Pedelectuner: \"Ist das Ihr #Fahrrad ?\", Tuner:\"Nein, hab ich geklaut.\" Damit kommt er billiger weg \r\n\r\n@Stanleys975\r\nich wollte nach Deutschland umziehen, aber ich habe meine Meinung jetzt ge\u00e4ndert.  Ich fahre mein getunten Fahrrad schon f\u00fcr 5 Jahren in der Slowakei in die Arbeit und zur\u00fcck und auf die Ausfl\u00fcge, und das ist immer das beste Zeit meines Tages. Ich freue mich darau immer, egal wie lange ich schon fahre. Ich hatte keinen Unfall soweit- was ganz einfach ist. Am Rot warten, worsichtig beim \u00dcbernehmen sein und sensibel fahren. Diesen Witchhunt auf die Fahradfahrer die ein bisschen schneller fahren ist ein totaler Schwachsinn. Ich werde besser meine Freiheit beibehalten als mehr verdiene\ud809\udc2b\r\nhttps:\/\/m.youtube.com\/watch?v=F6IMSeUB8eY",
            "hashtags": "Fahrrad"
        }
    },
    {
        "20251002": {
            "value": "#CurrListeningAlcea\r\nTake You Home - YT Audio Library https:\/\/m.youtube.com\/watch?v=d5wMuQM7z9E",
            "hashtags": "CurrListeningAlcea"
        }
    },
    {
        "20251002": {
            "value": "Lol this #review is hilarious :ablobjoy: \r\nhttps:\/\/m.youtube.com\/watch?v=RKrkgqsq2Ks#\r\n#ebike\r\n#repost \u2022acws #acws",
            "hashtags": "review, ebike, repost, acws"
        }
    },
    {
        "20251002": {
            "value": "Hmmmmmmmm\r\n\r\nThats a weird bicycle\r\nhttps:\/\/www.ebay.de\/itm\/286834363976\r\n\r\n?\r\n\r\nBut it looks reliable !\r\n#woof\r\n#repost \u2022acws #acws",
            "hashtags": "woof, repost, acws"
        }
    },
    {
        "20251002": {
            "value": "\ud809\udc2bSo, Ich habe es geschafft! Ich bin mit meinem U1 in eine Kontrolle gekommen in Stuttgart. War alles okay bis auf den Gashebel.... selbst der montierte Gashebel ohne angeschlossen sein (ohne funktion) ist eine Ordnungswidrigkeit und kostet 45\u20ac. Laut den Polizisten wenn der Gashebel  noch funktioniert h\u00e4tte , k\u00f6nnte es eine Strafe geben von bis zu 150\u20ac und 1 Punkt in Flensburg. Also nich erwischen lassen oder den gashebel entfernen \ud809\udc2b\r\n#ebike\r\n https:\/\/m.youtube.com\/watch?v=cGJTwLa1kB0#",
            "hashtags": "ebike"
        }
    },
    {
        "20251002": {
            "value": "Oh wow.\r\nThat was a lot of smoke.\r\n\r\nI'm now a proud owner of a (nomore electric) folding bicycle.\r\n\r\n#Note to self\r\nNever touch any electronics again or trust vendors to sell actually not #scam batteries.\r\n\r\nRest well sweet bikey.\r\nI hope you like the cellar.\r\n\r\n#CeaFailedWitchcraftSchool\r\n#repost \u2022acws #acws #ebike #pedelec",
            "hashtags": "Note, scam, CeaFailedWitchcraftSchool, repost, acws, ebike, pedelec"
        }
    },
    {
        "20251002": {
            "value": "\ud83d\udcachttps:\/\/alceawis.com\/notice\/AynrYyHpb6qVXEfw3c#\ud83d\udcac \r\n\u2022acws #acws\r\n\r\n\r\nWould you look at the time.\r\nIt's \"Take Scootie apart o'clock\" !\r\n\r\nOh a XT60 and a 10Ah battery\r\n#JustWhatWeNeed :popukoInterdasting: \r\nhttps:\/\/ibb.co\/232TxSGh\r\nhttps:\/\/i.ibb.co\/fdRsf9jF\/20251002-193745.jpg\r\n\r\nhttps:\/\/ibb.co\/1gw2SFR\r\nhttps:\/\/i.ibb.co\/YCqjrHf\/20251002-193502.jpg",
            "hashtags": "acws, JustWhatWeNeed"
        }
    },
    {
        "20251002": {
            "value": "\ud809\udc2bRust is an insulator. But it can overheat if the connection is poor.\ud809\udc2b\r\n\r\n*squints eyes*\r\nExcuse me ?\r\n\r\nWat ?\r\nhttps:\/\/www.reddit.com\/r\/ebikes\/comments\/1lafcip\/why_you_dont_buy_cheap_batteries\/\r\n#ebike\r\n#repost \u2022acws #acws",
            "hashtags": "ebike, repost, acws"
        }
    },
    {
        "20251002": {
            "value": "Epic.\r\n#Fail\r\n\r\nNot even half of the distance of the og battery (~20km)\r\n\r\nAnd the first time the HUD turned of \r\n(The og blinks on assist ([]----) till the bitter end ..\r\nhttps:\/\/ibb.co\/n8fTTk63\r\nhttps:\/\/i.ibb.co\/Xkp99Jjy\/joined-image-1.png\r\n\r\nWow.\r\nFail fail fail.\r\n\r\nTalk about a <a href=\"https:\/\/m.youtube.com\/watch?v=Nwymn3QGdcE\">DeepDrop<\/a>\r\n#repost \u2022acws #acws",
            "hashtags": "Fail, repost, acws"
        }
    },
    {
        "20251002": {
            "value": "\ud83d\udcachttps:\/\/alceawis.com\/notice\/AyniRSM71D2kt91Gu8#\ud83d\udcac \r\n\u2022acws #acws\r\n\r\nThe #socket is the issue...\r\n\r\nIt appears the short circuit kinda broke it (?)\r\n\r\nHow I know ?\r\nAside the supplied charger now being fried ..\r\n\r\nI connected the og #ebike charger to it -not yet plugged in even to the ebike battery- aaand..\r\nIts dead now too.\r\n\r\nEven on all dofferent sockets and my new uvp thingy.\r\n\r\nContrary.\r\nMy 1.5 scootie charger - connected to the new ebike accu (0.5 A less, who cares ) shows a red light and even switched to green now.\r\n\r\n\r\nCool.\r\n\r\nA 230v #poweroutlet\r\nBreaking\r\nFrom one lil surge\r\n\r\nYou have to be kidding me...\r\nNever thought wall sockets could break\r\n#repost \u2022acws #acws",
            "hashtags": "acws, socket, ebike, poweroutlet, repost, acws"
        }
    },
    {
        "20251002": {
            "value": "Weird.\r\nThe #charger for the new battery suddenly blinks red ?\r\nhttps:\/\/shoprider.com\/about\/faq\/when-i-plug-my-charger-in-i-get-a-red-flashing-light\r\n\r\nIt should turn green if finished charging...\r\n\r\nThis a \r\n* new battery\r\n* new charger that came with the battery \r\n\r\nWat.\r\n\r\nAt least pedelec reports battery as \"full\"\r\n#sob\r\n\r\n#repost \u2022acws #acws\r\n\r\n-----\r\nEdit:\r\nAand the new battery charger is dead...\r\nGrrreat.\r\n",
            "hashtags": "charger, sob, repost, acws"
        }
    },
    {
        "20251002": {
            "value": "\ud83d\udcachttps:\/\/scholar.social\/@gedankenstuecke\/115055115537385283#\ud83d\udcac \r\n\u2022acws #acws\r\n\r\nPeople would love to have written <a target=\"_blank\" href=\"https:\/\/ry3yr.github.io\/yt?v=dMskVizanfs\" style=color:blue>a book<\/a> ?\r\n\r\n\r\n:sayori_dislike: \r\n\r\nImagine if someone actually (by their own free will and totally not forced) read something I wrote\r\n*shudder*\r\n:NekoOhNo: ",
            "hashtags": "acws"
        }
    },
    {
        "20251002": {
            "value": "\ud83d\udcachttps:\/\/woof.tech\/@vanilla_extract\/115304504874238722#\ud83d\udcac \r\n\u2022acws #acws\r\n\r\nI use \"alcea-wisteria\" for my #php processors\r\nAlceawis.de for my website\r\nAnd \r\nalceawis.com for this #akkoma\r\n\r\nAnd I think yusaao.org for my 3d models\r\n\r\nI guess for hobbies #domains are very good \r\n:Alcea_Smile: ",
            "hashtags": "acws, php, akkoma, domains"
        }
    },
    {
        "20251002": {
            "value": "\ud809\udc2bFiJiLa, I selected these because they are supposed to have a higher rated continuous discharge..\ud809\udc2b \r\n\r\nThose surfboard people are kinda ... Erm.\r\n\r\nAnd also.\r\nWhy would a \"higher continous discharge\" be a #good thing ?!\r\n\r\n:confuseddog: \r\n\r\nhttps:\/\/foil.zone\/t\/battery-capacity\/18032\r\n#repost \u2022acws #acws",
            "hashtags": "good, repost, acws"
        }
    },
    {
        "20251002": {
            "value": "\ud83d\udcachttps:\/\/alceawis.com\/notice\/AynOLrQ8usKrnzxWtM#\ud83d\udcac \r\n\u2022acws #acws\r\n\r\n\r\nOld powerbrick (left) new from Pedelec stock\r\nVs\r\nNew (came with new battery)\r\nhttps:\/\/ibb.co\/v4kQrB7M\r\nhttps:\/\/i.ibb.co\/KxWLQGM8\/20251002-122357.jpg\r\n\r\n\r\nAt least the eBike \/ #Pedelec turns on with the new battery\r\n..",
            "hashtags": "acws, Pedelec"
        }
    },
    {
        "20251002": {
            "value": "Old #pedelec battery vs <a target=\"_blank\" href=\"https:\/\/www.ebay.de\/itm\/336188495698#https:\/\/www.kaufland.de\/product\/508017033\/#https:\/\/www.isinwheel.de\/products\/akku-fur-e-bike-u3?variant=44553848193175\" style=color:blue>new<\/a> (right)\r\nhttps:\/\/ibb.co\/yBYy6MmY\r\nhttps:\/\/i.ibb.co\/6J1PHpc1\/20251002-120409.jpg\r\n\r\nConnecting the right (new) to the xm60 and sm connectors and attempting to charge the new accu with said okd brick tripped the breaker\r\n:cirnocry: \r\n\r\nGuess I'll use the new batterys own charging port and charger ugh.\r\n\r\n#Witchcraft with Cea\r\n\r\n#repost \u2022acws #acws\r\n\r\nhttps:\/\/qxb-img-osscache.qixin.com\/standards\/1a1fa4ab2abe6d541b10124b83beb183.pdf\r\n<=> https:\/\/alceawis.de\/other\/extra\/scripts\/fakesocialmedia\/replyhandler.html?url=https:\/\/woof.tech\/@alcea@alceawis.com\/115304291986006376",
            "hashtags": "pedelec, Witchcraft, repost, acws"
        }
    },
    {
        "20251002": {
            "value": "\ud809\udc2b\r\nFrom my understanding, the relatively low pay, ridiculous crunch hours and general job insecurity where studios do mass lay offs once a game is done means there are very few talented programmers left in the games industry with most moving on to greener pastures elsewhere\r\n\r\nYep. As a software engineer, I would love to work for a gaming company, but they:\r\n\r\nHave very low salaries.\r\n\r\nHave terrible job security, meaning I could get fired at any time if a game flops.\r\n\r\nHave terrible working hours.\r\n\r\nEven one of these is a huge deterrent for skilled and passionate individuals. After all, we still have to make a living. So what I (and many others) am doing is keeping my regular non-gaming job and making games in my free time.\r\n\ud809\udc2b\r\n#gamedev\r\nhttps:\/\/www.reddit.com\/r\/KotakuInAction\/comments\/1niroqt\/what_of_modern_game_devs_even_understand_how_to\/",
            "hashtags": "gamedev"
        }
    },
    {
        "20251001": {
            "value": "<blockquote>\r\n#Light consoling #Ryuk is strangely comforting...\r\n\r\nIm really liked that part tbh.\r\nShame Light deviated so much from this part of his personality.\r\nIt's kinda nice.\r\n\r\nAnd using straight facts ?\r\n\r\nKinda amazing\r\n#DeathNote\r\n<\/blockquote>\r\n\r\nhttps:\/\/alceawis.de\/other\/extra\/scripts\/fakesocialmedia\/replyhandler.html?url=https:\/\/woof.tech\/@ao@yusaao.com\/113907662416801702\r\n\r\nThis part was the basis for #PlatinumEnd .\r\n\r\nBecause afterwards, #Light mentions \"unless you gave me #wings \"\r\n#repost \u2022acws #acws",
            "hashtags": "Light, Ryuk, DeathNote, PlatinumEnd, Light, wings, repost, acws"
        }
    },
    {
        "20251001": {
            "value": "Hmmmm #VROID added a #playground page...\r\nhttps:\/\/hub.vroid.com\/en\/playground\r\n\r\nhttps:\/\/ibb.co\/Kx9MFvCc\r\nhttps:\/\/i.ibb.co\/fdCh4wmV\/Screenshot-20251001-204351-Chrome.png\r\n\r\n#repost \u2022acws #acws",
            "hashtags": "VROID, playground, repost, acws"
        }
    },
    {
        "20251001": {
            "value": "Thats one way to get #VROID studio to\r\n\r\n\"\" run \"\" on #Android ..\r\n\r\n(It crashes alot.. On #iPad ... )\r\n\r\nSigh\r\nJust port it to #android already \r\nhttps:\/\/m.youtube.com\/watch?v=tXPgpg0j7Iw\r\n\r\n(I agree 100% on \"mouse usage\" on Computer for modelling..\r\nThere is a gooood rewson I only draw on #iBisPaint on my #S6Lite and not Computor\r\nTrackpads are hell for drawing :Wah: )\r\n\r\n#repost \u2022acws #acws",
            "hashtags": "VROID, Android, iPad, android, iBisPaint, S6Lite, repost, acws"
        }
    },
    {
        "20251001": {
            "value": "#Near 's Theme - #DeathNote OST III\r\n#CurrListeningAlcea\r\n( #HidekiTaniuchi )\r\nhttps:\/\/m.youtube.com\/watch?v=33CU7eTCOsM\r\n#repost \u2022acws #acws",
            "hashtags": "Near, DeathNote, CurrListeningAlcea, HidekiTaniuchi, repost, acws"
        }
    },
    {
        "20251001": {
            "value": "\"Hello #Near \"\r\n\r\nWow.\r\nHe is so cool :blobcatsnuggle: \r\nhttps:\/\/m.youtube.com\/watch?v=09ZlI-ZRqIg\r\n\r\n*hangs up phone mid sentence* :MikoThumbsUP:\r\n\r\n#DeathNote\r\n#repost \u2022acws #acws",
            "hashtags": "Near, DeathNote, repost, acws"
        }
    },
    {
        "20251001": {
            "value": "Theme of Laura - #SilentHill2\r\nhttps:\/\/m.youtube.com\/watch?v=nQ0X4J7kQhk\r\n\r\n(Nick has got mad skills...\r\nReconstructing a track from only one instance is insane... :popukoUguu: )\r\n\r\n#CurrListeningAlcea\r\nhttps:\/\/m.youtube.com\/watch?v=nQ0X4J7kQhk\r\n\r\n(Maybe....\r\nJust maybe #SilentHill2 might be among the very, veryyyy few Horror Games I could take a teeny peek at ?) \r\n#repost \u2022acws #acws",
            "hashtags": "SilentHill2, CurrListeningAlcea, SilentHill2, repost, acws"
        }
    },
    {
        "20251001": {
            "value": "#Car thingys\r\nhttps:\/\/m.youtube.com\/watch?v=Aytf6ARcs8s\r\n#Catalytic Converters\r\n\r\n\r\nI . .. Well. :poputepipickidunno: \r\nYep.\r\n#repost \u2022acws #acws",
            "hashtags": "Car, Catalytic, repost, acws"
        }
    },
    {
        "20251001": {
            "value": "\ud809\udc2bEin Kumpel ist Rechtsanwalt und findet deshalb keine Wohnung in Berlin. Die Vermieter haben Angst dass jemand seine Rechte kennen k\u00f6nnte und wahrnimmt.\r\n<hr>\r\nGeht mir als Architekt \u00e4hnlich. Vermieter m\u00f6gen es scheinbar nicht so gern, auf s\u00e4mtliche M\u00e4ngel hingewiesen zu werden...\r\n\ud809\udc2b\r\nhttps:\/\/www.reddit.com\/r\/polizei\/comments\/1h1ryez\/polizisten_sind_hier_nicht_erw%C3%BCnscht\/"
        }
    },
    {
        "20251001": {
            "value": "\ud809\udc2bIs bei mir \u00e4hnlich gewesen als ich dann wiedersprochen habe weil ich schon mehr als 50% an dem Baum vorbei war und meinte wenn es so unsicher ist f\u00fcr mich dann sollte ich ja besser zu ihnen kommen statt zu wenden das ist ja weiter fand der gar nic r lustig Zack 5 feuerwehr m\u00e4nner ziehen mich vom Rad und sitzen auf mir drauf.\r\n\r\nDer Richter fand das \u00fcberhaupt nicht lustig und hat die alle 5 suspendiert f\u00fcr 3 Monate\r\n\r\nMeines Erachtens nach liegt das u.a. an der Ausbildung. Dort wird nur sdhwarz-wei\u00df gedacht, also verboten\/erlaubt. Kein Dazwischen. Das einzige was z\u00e4hlt, sind tolle Strafrechtsgutachten. Man wird regelrecht zu einer ausf\u00fchrenden Maschine erzogen, wo der Menschenverstand gar nicht z\u00e4hlt.\r\n<hr>\r\n\r\nDas l\u00e4sst du dir gefallen? Ich h\u00e4tte einfach erwidert, haben sie in ihrer Schulzeit das Siezen nicht gelernt? Ich bin mal locker 15 Jahre \u00e4lter. Wie ist ihr Name und die Polizeistelle f\u00fcr die sie arbeiten?\r\n\r\nDanach dienstaufsichtsbeschwerde.\ud809\udc2b\r\n\r\n#Firefighters n #police silly\r\nhttps:\/\/www.reddit.com\/r\/polizei\/comments\/1lj9lki\/wieso_verhalten_sich_manche_polizisten_einfach\/",
            "hashtags": "Firefighters, police"
        }
    },
    {
        "20250930": {
            "value": ":music_mhmm_headbang: \r\n#Catchy\r\n\r\n~ #Ryuusei Boy - #InazumaEleven \/ #Inazuma11\r\nhttps:\/\/m.youtube.com\/watch?v=MSw2hh-6pLk\r\n\r\n(Not to be #confused with #RyuuseiNoRockman )\r\n#repost \u2022acws #acws #CurrListeningAlcea",
            "hashtags": "Catchy, Ryuusei, InazumaEleven, Inazuma11, confused, RyuuseiNoRockman, repost, acws, CurrListeningAlcea"
        }
    },
    {
        "20250930": {
            "value": "\ud809\udc2b@okfk4463\r\nvor 4 Jahren\r\npoeple say that Heaven's Time is some kind of hypnotic technic, but i think is more like like that: When aphrodi snap his finger, he creates a whole new dimension around him, which one makes him travel in a higher speed than the usual, and so, a simple walk is like running in super high speed for the others, and that's why he can create the little tornado that blows them out. The hyper-speed of his walking makes the air that was around him spin to fast, because of the high sinergy of the atrict with aphrodi's body in movement. i don't think so a simple hypnosis can makes a tornado comes from nothing, without even moving a single muscle after a walk\r\n...\r\n\r\n@ch4z_bucks\r\nvor 3 Jahren\r\nThis is supported in the original season 2. When aphrodi uses heaven's time against alius academy, some of them were fast enough (boosted by the space rock) to comprehend and tackle him in heaven's time.\r\n\ud809\udc2b\r\n#HeavensTime #InazumaEleven #Aphrodi\r\nhttps:\/\/m.youtube.com\/watch?v=0dpz80BqEk8&pp=ygUVQXBocm9kaSBpbmF6dW1hIHNjZW5l",
            "hashtags": "HeavensTime, InazumaEleven, Aphrodi"
        }
    },
    {
        "20250930": {
            "value": "#CurrListeningAlcea\r\n~Holy Ground~ \/ #Sanctuary - #InazumaEleven #FavsAlcea https:\/\/m.youtube.com\/watch?v=HBnC5E3oz8c&list=PLz5MUmmgDwhOER50MMcTRmRgjah0ziKMv&index=57&pp=iAQB8AUB0gcJCfYJAYcqIYzv\r\n\r\n(God #Aphrodi so so :RedCrystalHeart: ...\r\nBest reformation in any #show ever. ) #Inazuma11\r\n#repost \u2022acws #acws\r\n\r\n<=>\r\n#Aphrodi <3\r\nhttps:\/\/alceawis.de\/other\/extra\/scripts\/fakesocialmedia\/replyhandler.html?url=https:\/\/woof.tech\/@alcea@alceawis.com\/115295038223164690",
            "hashtags": "CurrListeningAlcea, Sanctuary, InazumaEleven, FavsAlcea, Aphrodi, show, Inazuma11, repost, acws"
        }
    },
    {
        "20250930": {
            "value": "#Soccer ?\r\nNahhh\r\n\r\nBut...\r\nhttps:\/\/m.youtube.com\/watch?v=HndMAbZoz2A\r\n\r\nAnd #InazumaEleven be :baba_c: :baba_u: :baba_t: :baba_e: :ExcitedDanceLuckyStar: \r\n#AnimuAlcea #GanbareKickers\r\n\r\n#repost \u2022acws #acws",
            "hashtags": "Soccer, InazumaEleven, AnimuAlcea, GanbareKickers, repost, acws"
        }
    },
    {
        "20250930": {
            "value": "#Hamsters !\r\nhttps:\/\/doonutsaur.itch.io\/tiny-hamsters\r\nhttps:\/\/img.itch.zone\/aW1hZ2UvMzAyNDAxOC8xODA4NTY5OC5naWY=\/794x1000\/ZLRd%2Bc.gif\r\n\r\n\r\n#repost \u2022acws #acws",
            "hashtags": "Hamsters, repost, acws"
        }
    },
    {
        "20250930": {
            "value": "Oh #amazing :popukoAww: \r\nhttps:\/\/www.reddit.com\/r\/Unity3D\/comments\/13h7r8d\/i_made_character_customization_system_using_vroid\/ https:\/\/github.com\/ReForge-Mode\/Unity_VRoid_Character_Customization\r\n#vroid \r\n#repost \u2022acws #acws\r\n\r\n<=> https:\/\/woof.tech\/@alcea@alceawis.com\/115294765765566936",
            "hashtags": "amazing, vroid, repost, acws"
        }
    },
    {
        "20250930": {
            "value": "\ud83d\udcachttps:\/\/mementomori.social\/@rolle\/115283469112126841#\ud83d\udcac \r\n\u2022acws #acws\r\n\r\nI never understood why people rave about #Matrix so much anyways.\r\n\r\nIt's a nightmare for #endusers and #devs \r\n:ShokaPathetic: ",
            "hashtags": "acws, Matrix, endusers, devs"
        }
    },
    {
        "20250930": {
            "value": "\ud83d\udcachttps:\/\/linuxmom.net\/@vkc\/115294618656942723#\ud83d\udcac \r\n\r\nAnd how would one implement this - from an #api point of view ?\r\n\r\nI'm not aware of any #Fediverse server and or tech that could track this\r\n\r\n\u2022acws #acws\r\n",
            "hashtags": "api, Fediverse, acws"
        }
    },
    {
        "20250930": {
            "value": "That time #Disney solved #Greenscreen and #Bluescreen (Hello #Windows :ablobjoy: ) issues\r\n\r\n..\r\n\r\nIn 1960 \r\nhttps:\/\/m.youtube.com\/watch?v=UQuIVsNzqDk\r\n#repost \u2022acws #acws",
            "hashtags": "Disney, Greenscreen, Bluescreen, Windows, repost, acws"
        }
    },
    {
        "20250930": {
            "value": "\ud809\udc2bWann muss ein Bu\u00dfgeld bezahlt sein?\r\nDer im Bu\u00dfgeldbescheid aufgef\u00fchrte Betrag muss in der Regel innerhalb von 14 Tagen beglichen werden, wenn kein Einspruch eingelegt und die Rechtskraft eingetreten ist.\r\n\r\nWas geschieht, wenn ein Bu\u00dfgeld nicht beglichen wird\r\nIst die Zahlungsfrist verstrichen, erhalten Betroffene zun\u00e4chst eine Mahnung f\u00fcr den Bu\u00dfgeldbescheid. Wird diese ignoriert, wird ein Vollstreckungsbescheid zugestellt.\r\n\r\nWelche weiteren Folgen hat ein Nichtbezahlen?\r\nIgnorieren Betroffene auch den Vollstreckungsbescheid, kann dies zur Anordnung einer Erzwingungshaft f\u00fchren.\ud809\udc2b\r\n#Disgusting\r\n(700\u20ac for a expired license plate I wasn't even aware of...)\r\nhttps:\/\/www.bussgeldkatalog.org\/bussgeldbescheid\/bussgeld-nicht-bezahlt\/",
            "hashtags": "Disgusting"
        }
    },
    {
        "20250929": {
            "value": "\ud809\udc2bAkai is the kind of guy who, when confronted with a problem, does not try to find who is responsible for this mess or blame them in any way, but always tries to find a solution\r\n\ud809\udc2b#admittetly #AkaiShuuichi s best characteristic\r\n\r\nThere was a reason I liked him ( n #AkemiMiyano ) sm...\r\n\r\nShame its over..\r\nhttps:\/\/www.reddit.com\/r\/OneTruthPrevails\/comments\/1mz5ike\/an_explanation_for_why_masumi_thought_of_herself\/\r\n#DetectiveConan",
            "hashtags": "admittetly, AkaiShuuichi, AkemiMiyano, DetectiveConan"
        }
    },
    {
        "20250929": {
            "value": "Among the \/only\/ things I find #Ran #relatable :\r\n\r\nWanting their #parents back together\r\nHer best characteristic imo\r\nhttps:\/\/www.reddit.com\/r\/OneTruthPrevails\/comments\/1mzkwnk\/ran_dont_worry_mom_ill_make_sure_dad_gets\/\r\nhttps:\/\/i.redd.it\/ov2jy7cpr3lf1.jpeg\r\n#repost \u2022acws #acws #DetectiveConan",
            "hashtags": "Ran, relatable, parents, repost, acws, DetectiveConan"
        }
    },
    {
        "20250929": {
            "value": "#CurrListeningAlcea\r\nOne-eyed Flashback - Theme Song FULL\u300eTWILIGHT!!!\u300fby King Gnu\r\n https:\/\/m.youtube.com\/watch?v=wBwucLzg-CE&pp=ygUYS2luZyBnbnUgdHdpbGlnaHRtbHlyaWNz\r\n#DetectiveConan ",
            "hashtags": "CurrListeningAlcea, DetectiveConan"
        }
    },
    {
        "20250929": {
            "value": "Agency trio protecting #ShihoMiyano \ud83d\ude3a\r\nhttps:\/\/www.reddit.com\/r\/OneTruthPrevails\/comments\/1nl0v8k\/they_protect_haibara\/ https:\/\/i.redd.it\/k3p4fv3yv3qf1.jpeg\r\n#DetectiveConan",
            "hashtags": "ShihoMiyano, DetectiveConan"
        }
    },
    {
        "20250929": {
            "value": "Ohn yes please !!!\r\nhttps:\/\/www.reddit.com\/r\/OneTruthPrevails\/comments\/1ns2594\/dreaming_of_a_sequel_where_shinichi_and_shiho_are\/\r\n\r\n#ShinichiKudo n #ShihoMiyano timeee\r\n#DetectiveConan",
            "hashtags": "ShinichiKudo, ShihoMiyano, DetectiveConan"
        }
    },
    {
        "20250929": {
            "value": "When the latest #webbrowser #update (here: #Brave ) breaks your <a target=\"_blank\" href=\"https:\/\/codeberg.org\/alceawisteria\/MMD_Web_Renderer\/src\/branch\/main\/index.html\" style=color:blue>apps<\/a> #Fullscreenmode \r\n(It still works fine in #Chrome ......\r\nhttps:\/\/m.youtube.com\/watch?v=3vrEpwfrz6E&feature=youtu.be\r\n#ModelsAlcea \/ #CodeAlcea",
            "hashtags": "webbrowser, update, Brave, Fullscreenmode, Chrome, ModelsAlcea, CodeAlcea"
        }
    },
    {
        "20250929": {
            "value": "*Console #hacking tunes *\r\nhttps:\/\/m.youtube.com\/watch?v=Wi34M1Idddk\r\n#MistakesWereMade\r\n#CurrListeningAlcea\r\n#repost \u2022acws #acws",
            "hashtags": "hacking, MistakesWereMade, CurrListeningAlcea, repost, acws"
        }
    },
    {
        "20250929": {
            "value": "Free v4 frontend for your #ipv6 site\r\nhttps:\/\/v4-frontend.netiter.com\/\r\n",
            "hashtags": "ipv6"
        }
    },
    {
        "20250929": {
            "value": "#MVG talk about his #piracy days\r\nhttps:\/\/m.youtube.com\/watch?v=ockNRSt3Nsk\r\n\r\n(I miiight have had some with the :gbagameboyadvance: & :nds: too :popukoInterdasting: ..)",
            "hashtags": "MVG, piracy"
        }
    },
    {
        "20250929": {
            "value": "#u3 #ebike #throttle replacement\r\nE-Bike Wireless Push Button Throttle for E-Scooter E-Bikes https:\/\/www.falconpev.com.sg\/products\/wireless-throttle-for-e-scooter-e-bike\r\nhttps:\/\/www.instagram.com\/reel\/CxIcVRWPdKd\/\r\nhttps:\/\/m.youtube.com\/watch?v=MTCGiEkQ1IE\r\n\r\n\ud809\udc2b\r\n@Kumiko77\r\nvor 1 Monat (bearbeitet)\r\nVery simple......use 3V alarm system transmitter and receiver to create your own=RC car or done transmitter and receiver parts also can,got grip and press(just need 3 wires negative and positive and signal wire and throttle 2 wires connect to one button and the back use 3V coin battery=than you go create a video here\ud83d\ude02.......my brother use and create wireless throttle for me.\r\n\ud809\udc2b",
            "hashtags": "u3, ebike, throttle"
        }
    },
    {
        "20250929": {
            "value": "#VRM #Default editor https:\/\/120byte.booth.pm\/items\/3737951 \r\n\r\nVRM Springbone Editor https:\/\/120byte.booth.pm\/items\/4030098 VRM \r\nEmission Editor https:\/\/120byte.booth.pm\/items\/4809164\r\n\r\nVRM Parts adder https:\/\/120byte.booth.pm\/items\/3765569 VRM Affect Light https:\/\/120byte.booth.pm\/items\/6037025\r\n\r\nAvatarTools ( #unity plugin)\r\nhttps:\/\/booth.pm\/ja\/items\/1564788",
            "hashtags": "VRM, Default, unity"
        }
    },
    {
        "20250929": {
            "value": "\ud83d\udcachttps:\/\/ipv6.social\/@miyuru\/115286101519917433#\ud83d\udcac \r\n\r\nThanks.\r\n\r\nSo its \"half\" working ? \r\n\u2022acws #acws\r\n",
            "hashtags": "acws"
        }
    },
    {
        "20250928": {
            "value": "https:\/\/www.spriters-resource.com\/3ds\/detectiveconanphantomrhapsody\/asset\/102099\/\r\n#Sprites #AiHaibara \/ #ShihoMiyano",
            "hashtags": "Sprites, AiHaibara, ShihoMiyano"
        }
    },
    {
        "20250928": {
            "value": "#CurrListeningAlcea\r\n~Clearing the Mystery~ (Target Suspense K) - #DetectiveConan\r\nhttps:\/\/m.youtube.com\/watch?v=-7RfUnYajrU&list=PLO7YI5YNSM2bPgyzXP_WmYaCVhzIgHUut&index=27&pp=iAQB8AUB0gcJCfYJAYcqIYzv\r\n#repost \u2022acws #acws\r\n\r\n<hr>\r\n\r\nShiho - Shinichi \/ AiCon Scene at CaseEnd ::cirnocry: \r\nhttps:\/\/alceawis.de\/other\/extra\/scripts\/fakesocialmedia\/replyhandler.html?url=https:\/\/woof.tech\/@alcea@alceawis.com\/115283765305353311",
            "hashtags": "CurrListeningAlcea, DetectiveConan, repost, acws"
        }
    },
    {
        "20250928": {
            "value": "#Shinichi is such a #dummy\r\n\r\n(Shame Gosho hates the idea of these two.. They are cool !)\r\nhttps:\/\/ibb.co\/d4ZJkWF3\r\nhttps:\/\/i.ibb.co\/fdJGr1fK\/joined-image.png\r\n\r\n#DetectiveConan #ShihoMiyano #ShinichiKudo\r\n#repost \u2022acws #acws\r\n\r\n<=>\r\nAnime ver\r\nhttps:\/\/alceawis.de\/other\/extra\/scripts\/fakesocialmedia\/replyhandler.html?url=https:\/\/woof.tech\/@alcea@alceawis.com\/115283691381683942",
            "hashtags": "Shinichi, dummy, DetectiveConan, ShihoMiyano, ShinichiKudo, repost, acws"
        }
    },
    {
        "20250928": {
            "value": "haibara and conan (shiho and shinichi) in the novel based on the 2nd live action episode\r\n#DetectiveConan #ShihoMiyano #ShinichiKudo\r\n\"TheProsArrive\"\r\nhttps:\/\/ibb.co\/hxg84sgN\r\nhttps:\/\/i.ibb.co\/cKyTZJy9\/joined-image.png\r\nhttps:\/\/www.reddit.com\/r\/DetectiveConan\/comments\/1jud9n9\/haibara_and_conan_shiho_and_shinichi_in_the_novel\/\r\n\r\n\ud809\udc2bI feel it's not really love, but seeking a companionship with the only other person that can relate. Just like how trauma victims can only really relate to other trauma victims, Conan is the only other person that she can relate to. Adult mind stuck in a child's body. At a base instinctual level, she feels they're connected. It might be attraction, could be a budding love she never gave herself the chance to explore before, but Conan is the only one who truly understands her.\ud809\udc2b\r\nhttps:\/\/www.reddit.com\/r\/OneTruthPrevails\/comments\/1isdnjq\/regarding_haibara_conan\/",
            "hashtags": "DetectiveConan, ShihoMiyano, ShinichiKudo"
        }
    },
    {
        "20250928": {
            "value": "\ud809\udc2bFans' Arguments about why she does look good with Conan-The first, and biggest argument is that they just have so much in common. They match each other intellectually, and understand each other in a way no one else does. They are both a part of the Detective Boys, and have the deducing skills to be successful. They can possibly contribute to each other in the future. They are also said to be partners, and they have a lot of chemistry. They also are a more interesting couple considering their relationship has gotten stronger over time. Their relationship also seems to be secretive as there are some unexpressed feelings that even the audience can't decipher, and shows the special relationship they have. Also, fans feel Conan should have a girlfriend who is actually important to the series.\r\n\ud809\udc2b\r\n*nods*\r\n\r\n#DetectiveConan #ShihoMiyano\r\nhttps:\/\/animejournal2.livejournal.com\/8843.html",
            "hashtags": "DetectiveConan, ShihoMiyano"
        }
    }
]