[
    {
        "20250701": {
            "value": "#CurrListeningAlcea\r\nFaxing Berlin - #deadmau5\r\nhttps:\/\/m.youtube.com\/watch?v=W_Mg_jbJqMc&pp=ygUNRmF4aW5nIGJlcmxpbg%3D%3D",
            "hashtags": "CurrListeningAlcea, deadmau5"
        }
    },
    {
        "20250701": {
            "value": "#CurrListeningAlcea2\r\nSCENZAH - Wenn | INSTRUMENTAL by 2BOUGH https:\/\/m.youtube.com\/watch?v=oReVCD28DuY&pp=ygUrU0NFTlpBSCAtIFdlbm4gZGVyIFJ1c3NlIGtvbW10IGluc3RydW1lbnRhbA%3D%3D",
            "hashtags": "CurrListeningAlcea2"
        }
    },
    {
        "20250701": {
            "value": "#CurrListeningAlcea2\r\nSCENZAH - Wenn | INSTRUMENTAL by 2BOUGH https:\/\/m.youtube.com\/watch?v=oReVCD28DuY&pp=ygUrU0NFTlpBSCAtIFdlbm4gZGVyIFJ1c3NlIGtvbW10IGluc3RydW1lbnRhbA%3D%3D",
            "hashtags": "CurrListeningAlcea2"
        }
    },
    {
        "20250630": {
            "value": "#3DS #Cart fixer\r\n(#NAND ? wat. I thought this was mrom.\r\nIs NAND for savegames ?)\r\n\r\nMethod of Increasing NAND Flash Lifetime via In-Place Reprogramming-based Flash Correct-and-Refresh Technique on Garbage Collector Side of Flash- oriented File System https:\/\/www.researchgate.net\/figure\/n-Place-Reprogramming-Flash-Correct-and-Refresh-Technique_fig5_351061393 https:\/\/gbatemp.net\/threads\/corrupted-cartridge-fixer-release.628539\/",
            "hashtags": "3DS, Cart, NAND"
        }
    },
    {
        "20250630": {
            "value": "\ud809\udc2bjaygo6390\r\nThe actual reason why 64gb is the only option is because the storage technology being used does not go smaller than 64gb, so it is impossible to get smaller cart sizes.\r\n\r\nhighroad446\r\nThis is true, it currently costs the same amount to produce 64gb chips as it does any smaller size. Memory sizes in consumer electronics are entirely marketing smoke & mirrors. The only exception is in the largest chips that utilize new tooling\/processes to create, expensive at first then gradually reduce in cost as production ramps up. That said, the $15 per cart fee that Nintendo charges is probably 80% profit. I know it's not apples to apples but quality 64gb SD cards are readily available for $3-5 each. The silicon inside these SW2 games is probably the least expensive part.\r\n\r\n\r\n\ud809\udc2b\r\n#GameKeyCards suck !\r\nhttps:\/\/m.youtube.com\/watch?v=KjbUZ8EycTI\r\n#Nintendo #Switch2\r\n",
            "hashtags": "GameKeyCards, Nintendo, Switch2"
        }
    },
    {
        "20250630": {
            "value": "Yes.\r\nVery good #NintendoLife\r\n\r\nThats how you properly add user relevant time date !\r\n\r\n\ud809\udc2b<pre><code>&lt;script&gt;\r\ndocument.write('&lt;li&gt;&lt;strong&gt;Your Local Time:&lt;\/strong&gt; &lt;time datetime=\"2025-07-02T19:00:00+00:00\" class=\"with-timezone\"&gt;8:00pm, Wed 2nd Jul 2025&lt;\/time&gt;&lt;\/li&gt;');\r\n&lt;\/script&gt;\r\n<\/code><\/pre>\ud809\udc2b\r\n\r\n https:\/\/www.nintendolife.com\/news\/2025\/06\/bandai-namcos-summer-showcase-promises-plenty-of-switch-news-later-this-week\r\n\r\nhttps:\/\/ibb.co\/9k7bhnXC\r\nhttps:\/\/i.ibb.co\/PvdcMxpf\/joined-image.png\r\n",
            "hashtags": "NintendoLife"
        }
    },
    {
        "20250630": {
            "value": "\ud809\udc2bThe #internet has made the loud people think they have the majority opinion when in actuality they're the minority. \ud809\udc2bhttps:\/\/www.reddit.com\/r\/nintendo\/comments\/1lfabw3\/so_are_people_just_okay_with_nintendo\/",
            "hashtags": "internet"
        }
    },
    {
        "20250630": {
            "value": "Is #Reddit .. Broken ?\r\nThe sidebar all reads \"0 comments\" yet all of them have some https:\/\/alcea-wisteria.de\/z_files\/emoji\/blobcatfacepalm.gif\r\nhttps:\/\/www.reddit.com\/r\/nintendo\/comments\/1li4m75\/what_are_your_actual_genuine_critiques_of_nintendo\/\r\nhttps:\/\/ibb.co\/qYdKcJww\r\nhttps:\/\/i.ibb.co\/xqDWBFQQ\/Screenshot-20250630-123925-Brave.png",
            "hashtags": "Reddit"
        }
    },
    {
        "20250630": {
            "value": "So you just delete all users, then #reset the console to #factory\r\n\r\nGotIt\r\nhttps:\/\/www.nintendo.com\/de-de\/Support\/Nintendo-Switch\/FAQ\/Aufhebung-der-Verknupfung-eines-Nintendo-Accounts-mit-einer-Nintendo-Switch-2-oder-Nintendo-Switch-Konsole-1228926.html\r\n\r\nI barely used the Switch2 in the last 24 days.\r\n470\u20ac for yet another Switch* ?\r\nNo\r\n\r\n*I have only one Switch2 game and almost all Switch2 games are GameKeyCards.\r\nNo #NintendoDirect on the horizon.\r\nNo games that are not also on Switch1 that intereset me.\r\n\r\nSending it back it is\r\n\r\nNom time for playing games rn",
            "hashtags": "reset, factory, NintendoDirect"
        }
    },
    {
        "20250630": {
            "value": "Wait #Theinen had a #summon from deck clause ???\r\n\r\nWhat :ablobcatbongo: \r\nIn 2004 ?\r\n\r\nI'm so confused\r\n\r\nhttps:\/\/cardcluster.de\/card\/theinen-the-great-sphinx\r\n\ud809\udc2b\r\nThis card cannot be Normal Summoned or Set. This card cannot be Special Summoned except by paying 500 Life Points when both \"Andro Sphinx\" and \"Sphinx Teleia\" on your side of the field are destroyed at the same time; then you can Special Summon this monster from your hand or Deck. When this card is Special Summoned successfully, pay 500 Life Points to increase the ATK of this card by 3000 points until the end of the End Phase.\ud809\udc2b\r\nhttps:\/\/yugioh.fandom.com\/wiki\/Special_Summons_itself_from_your_Deck",
            "hashtags": "Theinen, summon"
        }
    },
    {
        "20250630": {
            "value": "Friend watched this movie in #cinema with me.\r\n\r\nWas quite nice.\r\nAnd the only Anime movie I ever watched in a theater.\r\nChibi me liked it (even though I didn't understand half of it)\r\n\r\nhttps:\/\/m.youtube.com\/watch?v=xeco2Wx9AMI\r\n\r\n#yugioh #movie #PyramideDesLichts",
            "hashtags": "cinema, yugioh, movie, PyramideDesLichts"
        }
    },
    {
        "20250630": {
            "value": "So many #GameKeyCards wtf #Nintendo and your #Switch2\r\n\r\n\r\n:NekoWhat: \r\nhttps:\/\/www.nintendolife.com\/guides\/27-upcoming-nintendo-switch-2-games-were-excited-for-in-2025",
            "hashtags": "GameKeyCards, Nintendo, Switch2"
        }
    },
    {
        "20250630": {
            "value": "Wait .. #Otto is atm charging 574\u20ac\r\nfor #Switch2 ?!\r\n\r\n(Mine was 470\u20ac\r\nWhats going on ?!)\r\nhttps:\/\/www.otto.de\/p\/nintendo-switch-2-nintendo-switch-2-verschiedene-modelle-zur-auswahl-C1970649276\/#variationId=S0OEG0AEZD8P\r\n\r\nhttps:\/\/i.ibb.co\/Gv8kwHfF\/Screenshot-20250630-110839-Brave.png",
            "hashtags": "Otto, Switch2, variationId"
        }
    },
    {
        "20250630": {
            "value": "Real #Switch2\r\n\r\nhttps:\/\/www.reddit.com\/r\/switch2\/comments\/1le68h6\/just_got_my_switch_2\/\r\n\r\n#GBA",
            "hashtags": "Switch2, GBA"
        }
    },
    {
        "20250630": {
            "value": " #Cookies and #LocalStorage are locked to the #domain that issued em it seems\r\n\r\nhttps:\/\/i.ibb.co\/zVzrV8MJ\/Screenshot-20250630-104329-Brave.png",
            "hashtags": "Cookies, LocalStorage, domain"
        }
    },
    {
        "20250630": {
            "value": ":MikuChairSpin: "
        }
    },
    {
        "20250630": {
            "value": "Wow\r\nThis \"amazing , opensource nonintrusive\" #socialmedia is so good it throws a 503 !\r\n\r\nhttps:\/\/dotsmesh.com\/\r\n\r\nhttps:\/\/ibb.co\/gZtVXRp4\r\nhttps:\/\/i.ibb.co\/3mSz8CqR\/joined-image.png",
            "hashtags": "socialmedia"
        }
    },
    {
        "20250630": {
            "value": "Decode n HollyAngel\r\nhttps:\/\/www.pixiv.net\/en\/artworks\/71649709\r\n\r\nMaybe I should draw em too\r\n#vrains",
            "hashtags": "vrains"
        }
    },
    {
        "20250630": {
            "value": "MPEG-4 AAC plugin for #MoonShell \r\nhttps:\/\/gbatemp.net\/threads\/how-to-add-plug-ins-on-moonshell2.181570\/\r\n\r\nhttps:\/\/web.archive.org\/web\/20070112064051\/http:\/\/ds.qj.net\/MPEG-4-AAC-plugin-for-MoonShell\/pg\/49\/aid\/76588",
            "hashtags": "MoonShell"
        }
    },
    {
        "20250630": {
            "value": "\ud809\udc2bIt's possible to create even longer movies but it will look crappy, and your friends will laugh at you because it looks so pathetic. \ud809\udc2b\r\n\r\n\r\nhttps:\/\/www.gameboy-advance.net\/video\/meteo_avi-2-gba_video_codec.htm\r\n:ablobjoy: \r\n\r\nMight aswell gt a #gbamp , #m3cf \/ #m3sd or perhaps use dpg with #moonshell then\r\n\r\nEven #PlayYan on GBA is better",
            "hashtags": "gbamp, m3cf, m3sd, moonshell, PlayYan"
        }
    },
    {
        "20250630": {
            "value": "Looks like gameboy-advance.net used to use a #perl ( https:\/\/www.romster.com\/cgi-bin\/gbanet\/mail\/mail.pl ) to relay contact form\r\nhttps:\/\/www.gameboy-advance.net\/site\/contacts.htm\r\n\r\n\ud809\udc2b\r\nDu:\r\n<\/noscript>\r\n<\/p>\r\n            <table width=\"460\" border=\"0\" cellspacing=\"0\" cellpadding=\"0\">\r\n              <tr> \r\n\t\t\t  \r\n                <td width=\"300\" bgcolor=\"#F7F9F9\"> <p><strong>&nbsp;<br>\r\n                    &nbsp; Online feedback form<\/strong><\/p>\r\n                  <p>&nbsp;<\/p><\/td>\r\n                <td bgcolor=\"#F7F9F9\">&nbsp;<\/td>\r\n                <td width=\"20\" bgcolor=\"#F7F9F9\">&nbsp;<\/td>\r\n                <td width=\"1\" rowspan=\"2\" bgcolor=\"#E9EBEB\"><img src=\"..\/img\/.gif\" width=\"1\" height=\"1\"><\/td>\r\n              <\/tr>\r\n              <tr> \r\n                <td colspan=\"3\" bgcolor=\"#F7F9F9\"> \r\n                  <form action=\"http:\/\/www.romster.com\/cgi-bin\/gbanet\/mail\/mail.pl\" method=\"POST\">\r\n                    <table width=\"100%\" height=\"105\" border=\"0\" cellpadding=\"0\" cellspacing=\"0\">\r\n                      <tr> \r\n                        <td rowspan=\"4\" valign=\"top\"><div align=\"center\">\r\n                            <textarea name=\"message\" cols=\"25\" rows=\"10\">Mail Form doesn't work do to some tech problems so please USE THE eMAIL LINK ABOVE to contact us.<\/textarea>\r\n                          <\/div><\/td>\r\n                        <td height=\"20\"><input name=\"email\" type=\"text\">\r\n                          your e-mail*<\/td>\r\n                      <\/tr>\r\n                      <tr> \r\n                        <td height=\"20\"><input name=\"realname\" type=\"text\">\r\n                          name <\/td>\r\n                      <\/tr>\r\n                      <tr> \r\n                        <td height=\"20\"><input name=\"subject\" type=\"text\">\r\n                          subject <\/td>\r\n                      <\/tr>\r\n                      <tr> \r\n                        <td height=\"100\"><input name=\"Submit\" type=\"submit\" class=\"L\" value=\" Send form \" onClick=\"doit()\"> \r\n                          <input name=\"Reset\" type=\"reset\" class=\"L\" id=\"Reset3\" value=\"    Reset    \"> \r\n                        <\/td>\r\n                      <\/tr>\r\n                      <tr> \r\n                        <td colspan=\"2\"> \r\n\t\t\t\t\t\t  <input name=\"recipient\" type=\"hidden\" id=\"xmail\" value=\"\"> \r\n                          <input name=\"redirect\" type=\"hidden\" id=\"redirect\" value=\"http:\/\/www.gameboy-advance.net\/site\/mail_sent.htm\"> \r\n                          <input type=\"hidden\" name=\"env_report\" value=\"REMOTE_HOST,REMOTE_ADDR,HTTP_USER_AGENT\">\r\n                          <input type=\"hidden\" name=\"required\" value=\"recipient,email,message\"> \r\n                        <\/td>\r\n                      <\/tr>\r\n                    <\/table>\r\n                  <\/form> <\/td>\r\n              <\/tr>\r\n              <tr> \r\n                <td colspan=\"3\" bgcolor=\"#F7F9F9\">&nbsp;<\/td>\r\n                <td width=\"1\" bgcolor=\"#E9EBEB\"><img src=\"..\/img\/.gif\" width=\"1\" height=\"1\"><\/td>\r\n              <\/tr>\r\n              <tr> \r\n                <td height=\"1\" colspan=\"3\" bgcolor=\"#E9EBEB\"><img src=\"..\/img\/.gif\" width=\"1\" height=\"1\"><\/td>\r\n                <td width=\"1\" height=\"1\" bgcolor=\"#E9EBEB\"><img src=\"..\/img\/.gif\" width=\"1\" height=\"1\"><\/td>\r\n              <\/tr>\r\n\r\nChatGPT:\r\nThis is a snippet of old HTML code for an online feedback form that appears to come from a vintage website (possibly early 2000s). Here\u2019s a breakdown of what's happening in this code and what you need to know:\r\n\r\n\ud83d\udd0d Key Elements in the Code:\r\nForm Fields:\r\n\r\nTextarea: For the message (pre-filled with a note: \"Mail Form doesn't work...\").\r\n\r\nText Inputs:\r\n\r\nemail \u2013 user's email (required)\r\n\r\nrealname \u2013 user's name\r\n\r\nsubject \u2013 message subject\r\n\r\nSubmit & Reset buttons\r\n\r\nForm Action:\r\n\r\nSubmits to: http:\/\/www.romster.com\/cgi-bin\/gbanet\/mail\/mail.pl\r\n\r\nHidden fields include:\r\n\r\nrecipient \u2013 appears to be empty (may prevent proper submission)\r\n\r\nredirect \u2013 sends users to a confirmation page\r\n\r\nenv_report \u2013 collects info like IP address and browser\r\n\r\nrequired \u2013 defines required fields\r\n\r\nUI Layout:\r\n\r\nBuilt using old-style <table> layouts\r\n\r\nUses spacer .gif images for layout, which is outdated\ud809\udc2b",
            "hashtags": "perl, F7F9F9, F7F9F9, F7F9F9, E9EBEB, F7F9F9, F7F9F9, E9EBEB, E9EBEB, E9EBEB"
        }
    },
    {
        "20250630": {
            "value": "Well can have some buttons for my (https:\/\/alceawis.de\/buttons.html ) page\r\n\r\nhttps:\/\/anlucas.neocities.org\/88x31Buttons"
        }
    },
    {
        "20250630": {
            "value": "A website thats #closed on #mondays :ablobjoy: \r\nhttps:\/\/melonking.net\/\r\n\r\n\r\nhttps:\/\/ibb.co\/21ZsT2Tw\r\nhttps:\/\/i.ibb.co\/0RsFxNxk\/Screenshot-20250630-070029-Brave.png",
            "hashtags": "closed, mondays"
        }
    },
    {
        "20250630": {
            "value": "The #gifypet on https:\/\/lemmynade.neocities.org\/about.html is hilarious\r\n\r\nLi!e a tamagotchi",
            "hashtags": "gifypet"
        }
    },
    {
        "20250630": {
            "value": "Wait...\r\n* Username\r\n* APIKey\r\n* Repo Url & Name\r\n\r\nis all it takes to import from #Codeberg to #Github ?!\r\n\r\nWow !\r\n:RedCrystalHeart: \r\nhttps:\/\/ibb.co\/5WLtd3BT\r\nhttps:\/\/i.ibb.co\/HDq10yn7\/joined-image.png",
            "hashtags": "Codeberg, Github"
        }
    },
    {
        "20250630": {
            "value": "Wait. What ?\r\n#Codeberg has #Activitypub ?!\r\nhttps:\/\/codeberg.org\/user\/settings\/applications\r\nhttps:\/\/ibb.co\/4ny4K7P5\r\nhttps:\/\/i.ibb.co\/LXw9Y8n2\/Screenshot-20250630-052717-Brave.png\r\n",
            "hashtags": "Codeberg, Activitypub"
        }
    },
    {
        "20250629": {
            "value": "#MiraiNikki (og) vs Dangonronpa (fanmade) op\r\nhttps:\/\/m.youtube.com\/watch?v=W7KRWKBm960",
            "hashtags": "MiraiNikki"
        }
    },
    {
        "20250629": {
            "value": "#Sora in Smash fpr 3 days\r\n\r\n\ud809\udc2bFloats like a jigglypuff, edgeguards like a sonic, and combos like a ryu\/Ken truly this really is what he's been waiting for \ud809\udc2b\r\nhttps:\/\/m.youtube.com\/watch?v=NLD3y1CpYmg",
            "hashtags": "Sora"
        }
    },
    {
        "20250629": {
            "value": "#Bluetooth\r\nhttps:\/\/m.youtube.com\/watch?v=NIH1iGtDvJY",
            "hashtags": "Bluetooth"
        }
    },
    {
        "20250629": {
            "value": "\ud809\udc2bSo wrong but it feels so #Wright \ud809\udc2b\r\n#PhoenixWright\r\nhttps:\/\/m.youtube.com\/watch?v=msPzKWkWYLU",
            "hashtags": "Wright, PhoenixWright"
        }
    },
    {
        "20250629": {
            "value": "Looks like Repko87 \/ das_dennis unlisted all Baron Wilhelm v.Assi and such videos on his channel.\r\n\r\nLuckily I had links for AlteMacht and UiD \/ UnterwegsInD\u00fcsterburg laying around\r\n\r\nDang.\r\nClose call\r\n#Youtube #Preservation",
            "hashtags": "Youtube, Preservation"
        }
    },
    {
        "20250629": {
            "value": "Huh someone #forked my SampleWebMMD renderer ?\r\nhttps:\/\/github.com\/Ry3yr\/SampleWebMMD\/forks\r\n\r\nLooks!like they reworked the index.html..\r\nAnd the load fails however you try ?\r\n\r\nAll the querystring system I had in place.. delegated to index1.html\r\n\r\nOh sigh\r\nhttps:\/\/ibb.co\/pvZt8vJ5\r\nhttps:\/\/i.ibb.co\/7JVw5J2L\/joined-image.png",
            "hashtags": "forked"
        }
    },
    {
        "20250629": {
            "value": "#Proxifier ?\r\n\r\nNow what could this be ?\r\nhttps:\/\/www.proxifier.com\/new\/ https:\/\/gist.github.com\/montasim\/11e313f82dc6c2aea28298941158429f",
            "hashtags": "Proxifier"
        }
    },
    {
        "20250629": {
            "value": "#Women are dismissed in the medical field all the time. \r\nhttps:\/\/www.reddit.com\/r\/oddlyterrifying\/comments\/1ljji3g\/this_xray_of_a_woman_shows_a_30_year_old\/",
            "hashtags": "Women"
        }
    },
    {
        "20250629": {
            "value": "\ud809\udc2bDependency management is Python is badly designed and it causes massive dependency issues due to python compatibility issues.\r\n\r\nMost python developers will start a project on a specific version (e.g. 3.6), most major python libraries will lock themselves to specific python versions.\r\n\r\nSo they write a requirements.txt file simply asking for a dependency (e.g. fast-api) greater than 2.2 which gets them 2.2.6.\r\n\r\nNow the product is going for release and it needs to move on to a Python version without known CVE's so you update (e.g 3.11). \r\n\r\nNow the dependency tree radically changes as our expected dependency (e.g. 2.2.6) doesn't support our python version and suddenly we are bumped up several patch versions (e.g. 2.2.11).\r\n\r\nFor whatever reasons semantic versioning doesn't seem to be a thing in Python land and they massively rewrote the dependency in 2.2.9 (which also doesn't support your required python version). So now you have to completely rewrite your code to use the new api.\r\n\r\nThis scenario will be true for half the dependency tree.\r\n\r\nApache Maven's dependency management is the actually well thought out well implemented solution. Gradle is a regression, recreating the issues people expearineced with ANT and Ivy.\r\n\r\nNPM made a bunch of very dumb decisions early on, but they've managed to slap enough bandaids its workable.\r\n\r\n#Python just seems in denial\ud809\udc2b\r\nhttps:\/\/www.reddit.com\/r\/ProgrammerHumor\/comments\/1ln5obr\/dem\/n0doaue",
            "hashtags": "Python"
        }
    },
    {
        "20250629": {
            "value": "https:\/\/www.reddit.com\/r\/SteamDeck\/comments\/1lnh0fe\/psa_switch_2_dock_supports_vrr_and_hdr_on_steam\/\r\n\ud809\udc2bAs others have already reported, the Switch 2 dock works great with the Steam Deck if you attach the device using a USB C male to female extension cable. It\u2019s a bit of a pain to attach since Nintendo put a spring loaded shroud around the male USB C port within the dock, however once it\u2019s in it allows the SD to output 4K, 120Hz, HDR and VRR! Works as expected on my Samsung S90C as you can see in the attached photo.\r\n\r\nFascinatingly, I guess this proves the Switch 2 Dock hardware does support HDMI 2.1 after all. Here\u2019s hoping Nintendo brings VRR back to the Switch 2 OS since the dock clearly can do it!\r\n\r\nFinally, be sure to use a high-speed rated USB C extension cable.\ud809\udc2b\r\n\r\n#SteamDeck #Switch2 :switch2: ",
            "hashtags": "SteamDeck, Switch2"
        }
    },
    {
        "20250629": {
            "value": "JonasAmazonas having waaay too much fun roasting #MarioKartWorld\r\nhttps:\/\/m.youtube.com\/watch?v=DkhyBpzzmxs",
            "hashtags": "MarioKartWorld"
        }
    },
    {
        "20250629": {
            "value": "#Deutschlandticket #DeutscheBahn\r\nhttps:\/\/media.troet.cafe\/troet.cafe\/media_attachments\/files\/114\/106\/181\/689\/815\/590\/original\/d7ac514a95925bc0.png\r\nhttps:\/\/troet.cafe\/@tron\/114106205766881029",
            "hashtags": "Deutschlandticket, DeutscheBahn"
        }
    },
    {
        "20250629": {
            "value": "https:\/\/troet.cafe\/@tron\/114498906572711900\r\nhttps:\/\/play.google.com\/store\/apps\/details?id=com.plantparentai.app&hl=de&referrer=utm_source%3Dgoogle%26utm_medium%3Dorganic%26utm_term%3Dplant+parent+app&pcampaignid=APPU_1_D4phaIjwAseFxc8P9fKP6Qw\r\n\r\n\r\n\ud809\udc2b\r\n\r\nHab die PlantParent App mit der Analyse per Foto aus Neugierde mal ausprobiert. Alle Pflanzen im B\u00fcro sind angeblich sterbenskrank. Dabei sind die Pflanzen hier vermutlich die Dienst\u00e4ltesten. Die haben schon mehrere Kollegen vor mir \u00fcberlebt.\r\n\r\nFazit: Skepsis\ud809\udc2b#plant",
            "hashtags": "plant"
        }
    },
    {
        "20250629": {
            "value": "#CurrListeningAlcea\r\nMETEOR SERVER (Fragments of Memory): Remaster \u25ba Mega Man Star Force 3: Red Joker\/Black Ace https:\/\/m.youtube.com\/watch?v=wk7sVQ0cD9k",
            "hashtags": "CurrListeningAlcea"
        }
    },
    {
        "20250629": {
            "value": "#CurrListeningAlcea\r\nOriental Sentinels - #Megaman ZXA\r\nhttps:\/\/m.youtube.com\/watch?v=rx1IYo26EEQ",
            "hashtags": "CurrListeningAlcea, Megaman"
        }
    },
    {
        "20250629": {
            "value": "\r\n#hearing\r\nUsed otoskope to clean ear\r\nTest went much better now (15 left ear vs 17 right )\r\n( https:\/\/alceawis.de\/other\/extra\/scripts\/fakesocialmedia\/commentload.html?text=The+l+ear+dos+feel+clogged&number=4000 )\r\nhttps:\/\/ibb.co\/5W1SQ7JM\r\nhttps:\/\/i.ibb.co\/xS2Bn4rC\/Screenshot-20250629-165428-Brave.png\r\n\r\nOtoskope session:\r\n\r\nhttps:\/\/youtu.be\/zjCx_9frhws\r\n",
            "hashtags": "hearing"
        }
    },
    {
        "20250629": {
            "value": "When the #Wayback archives pulls a Prof.Crowler and goes full\r\n\r\n\ud809\udc2b\r\n\"can I have a look at that piece of paper? Ah, really I can? \r\n\r\nThank you. Ah! See, you don't like that did yeah? \r\n\r\nYou want it back? You cant have it. Ah, I'm kidding here you go. Ah, psych again!\"\ud809\udc2b\r\nhttps:\/\/dn721905.ca.archive.org\/0\/items\/dark-side-inc.\/Dark%20Side%20Inc\/Yu-Gi-Oh%20GX\/YGXTAS%207%20-%20Sucks%20To%20Be%20You.mp4\r\n\r\nhttps:\/\/m.youtube.com\/watch?v=0XbXNOL2AKk\r\n#yugiohgx",
            "hashtags": "Wayback, yugiohgx"
        }
    },
    {
        "20250629": {
            "value": "Leap #Homebrew engine\r\nhttps:\/\/gbatemp.net\/threads\/release-leap-homebrew-engine-a-multiplatform-visual-programming-game-app-engine.672789\/ #NintendoSwitch",
            "hashtags": "Homebrew, NintendoSwitch"
        }
    },
    {
        "20250629": {
            "value": "\ud809\udc2bInformation about new bans on Switch 2 has appeared:\r\nError 2124-4517 - ban for the eShop.\r\nError 2181-4017 - ban for game updates.\r\nQuote from a personal message from a rutracker user:\r\n\u00abI am writing to you about Switch 2 - perhaps this will help you or others. I bought NS2 on the day of the premiere, and it is excellent. On June 7th, I transferred my user data and save data from my legitimate NS1 (which I only used Migflash on offline) to NS2 via system transfer. I even bought some new games for NS2 (Mario Kart World rulez!). But on June 22nd my NS2 was banned :( A few clarifications that may help to establish the real reason for the ban:\r\n1. I never used Migflash on NS2, because I knew before the NS2 premiere that Nintendo would implement security measures to protect NS2 from Migflash (there is too much $$$$$$$ at stake), and it would be stupid of me to pirate the game in the first month after the premiere. On my legal NS1, I used both my legal dumps and full dumps from a torrent.\r\n2. My both consoles (NS1 Migflash offline + new NS2) were linked to my Nintendo account (which I think was my mistake), and with the release of new firmware for NS1 and NS2, they probably tracked my use of Migflash on NS1 and banned only NS2 (NS1 is still not banned!).\r\n3. Errors with codes 2124-4517 and 2181-4017 indicate that this is a temporary ban (according to Nintendo's website), but according to other sources on the internet, it is a permanent ban. I created two tickets to Nintendo's support to 100% confirm that I was banned, and also asked to specify the reason for the ban according to the rules of conduct. But it seems that Nintendo does not care, since no response in 4 days.\r\nI would be glad if you could spread on the forums information about my sad experience to warn users!\u00bb\r\nTo summarize the message, let's draw a conclusion that Nintendo can ban Switch 2 for using the same account with Switch 1, which used Mig. However, Switch 1 will remain unbanned.\r\nIn July 2024, Nintendo already issued temporary bans (with the same error codes) for Mig , but in the end, these bans turned out to be permanent..\ud809\udc2b\r\n#Nintendo banning #Switch2 s if they run an account that once (even just on SW1) used MigSwitch ....\r\n\r\nW\r\nT\r\nF\r\nhttps:\/\/gbatemp.net\/threads\/mig-switch-on-switch-2.669389\/page-40",
            "hashtags": "Nintendo, Switch2"
        }
    },
    {
        "20250629": {
            "value": "Guess I'm a #hipster too now\r\nhttps:\/\/codepen.io\/ryedai1\/pen\/KwpErLL\r\n\r\nhttps:\/\/m.youtube.com\/watch?v=Eyos7NRC9U0\r\n\r\n#Buttons",
            "hashtags": "hipster, Buttons"
        }
    },
    {
        "20250629": {
            "value": "\ud809\udc2bThis would result in userland access at most, which has already been achieved with another game (that thing David Buchanan\/retr0id did). The kernel of the Switch OS has no vulnerabilities, and it is unlikely this will be different on #Switch2.\ud809\udc2b https:\/\/gbatemp.net\/threads\/can-artemis-engine-exploit-be-ported-to-switch-2.672784\/",
            "hashtags": "Switch2"
        }
    },
    {
        "20250629": {
            "value": "#GameboyCamera as #Switch2 camera\r\nhttps:\/\/m.youtube.com\/watch?v=TeOE8mpskHg",
            "hashtags": "GameboyCamera, Switch2"
        }
    },
    {
        "20250629": {
            "value": "Some cool JS #animations\r\nhttps:\/\/codepen.io\/filipz\/pen\/bNNYyqE",
            "hashtags": "animations"
        }
    },
    {
        "20250628": {
            "value": "Wow #studying in germany sure is pain?\r\nThank goodness I just left ..\r\nNoone should hokd so much leeway over your outcomes\r\n\r\nhttps:\/\/www.hilferuf.de\/thema\/durch-bachelorarbeit-gefallen-was-nun.285100\/",
            "hashtags": "studying"
        }
    },
    {
        "20250628": {
            "value": "\ud809\udc2bSpoon in the freezer for like 5-10 minutes, then press it directly into it\ud809\udc2b  #hickey https:\/\/www.reddit.com\/r\/TheGirlSurvivalGuide\/comments\/1llr9iu\/hickey\/",
            "hashtags": "hickey"
        }
    },
    {
        "20250628": {
            "value": "#skirt & dresschart (micro ? neveeer !!!) \r\nhttps:\/\/i.redd.it\/8y23wlayi29f1.png https:\/\/www.reddit.com\/r\/TheGirlSurvivalGuide\/comments\/1lk4ix6\/long_skirt_advice\/",
            "hashtags": "skirt"
        }
    },
    {
        "20250628": {
            "value": ":Wah: \r\nhttps:\/\/www.reddit.com\/r\/programmingmemes\/comments\/1lj98oa\/very_scary\/ \r\nhttps:\/\/i.redd.it\/bfhan0vn7v8f1.jpeg The floor is #JAVA ",
            "hashtags": "JAVA"
        }
    },
    {
        "20250628": {
            "value": "\ud809\udc2bSO's unpopularity has reached a point of no going back anymore. It is such a hostile place to ask questions that apparently talking to a friendly AI is a much nicer experience. Even if AI can't answer my questions, I rather just learn to find better ways to work with it than try SO ever again \ud809\udc2b\r\n#Stackoverflow\r\nhttps:\/\/www.reddit.com\/r\/programmingmemes\/comments\/1lghhnl\/programmers_using_ai\/",
            "hashtags": "Stackoverflow"
        }
    },
    {
        "20250628": {
            "value": "\"Just because !\"\r\n#printer #programmer\r\n\r\nhttps:\/\/www.reddit.com\/r\/programmingmemes\/comments\/1lj40w2\/never_fails\/ \r\nhttps:\/\/i.redd.it\/mmq24301mt8f1.jpeg",
            "hashtags": "printer, programmer"
        }
    },
    {
        "20250628": {
            "value": "\"Release whatever we have\" #haha https:\/\/i.redd.it\/hlsh5vzs5u8f1.png  https:\/\/www.reddit.com\/r\/programmingmemes\/comments\/1lj5omu\/front_end_dev\/",
            "hashtags": "haha"
        }
    },
    {
        "20250628": {
            "value": "\ud809\udc2bReflexive #AI Usage has become the norm. Developers instinctively reach for LLM-generated solutions without the cognitive struggle that builds understanding. As I\u2019ve written before, this \u201creflexive AI usage\u201d robs us of growth opportunities\u2014the moments when we\u2019re stuck, step away, wrestle with the problem, and finally achieve that rewiring \u201caha!\u201d moment that makes us permanently better engineers. \ud809\udc2b\r\nhttps:\/\/cekrem.github.io\/posts\/programming-as-theory-building-naur\/",
            "hashtags": "AI"
        }
    },
    {
        "20250628": {
            "value": "#CurrListeningAlcea\r\nBoruto Unreleased Soundtrack Collection\r\n #Naruto #OSTRip https:\/\/m.youtube.com\/watch?v=n0Yp2usUodY",
            "hashtags": "CurrListeningAlcea, Naruto, OSTRip"
        }
    },
    {
        "20250627": {
            "value": "https:\/\/www.reddit.com\/r\/ProgrammerHumor\/comments\/1lkeavq\/githubisclosedsource\/\r\n\r\nhttps:\/\/i.redd.it\/7dbtpp0le49f1.gif\r\n\r\n#Github not #Opensource\r\n\r\n\r\n:ablobjoy: ",
            "hashtags": "Github, Opensource"
        }
    },
    {
        "20250627": {
            "value": "\ud809\udc2bFancy graphics sell at board meetings and \"generate sales\". Performance does not. At least that's what management thinks 99.8% of the time.\ud809\udc2b\r\n#code\r\nhttps:\/\/www.reddit.com\/r\/ProgrammerHumor\/comments\/1llfgrr\/aiautomationsoftwarehasmacoslevelofpolishoneveryth\/",
            "hashtags": "code"
        }
    }
]