[
    {
        "20250901": {
            "value": "I'll have to admit tho that #SteinsGate and #SerialExperienceLain ( #SEL ) very much confuse me....\r\n\r\nSorry \r\nI just mentally < <a target=\"_blank\" href=\"https:\/\/http.cat\/status\/101\" style=color:blue>101<\/a> > for either* ?\r\n:PopClutz: \r\n#repost \u2022acws #acws\r\n<hr>\r\n\r\nI find Kurisu or Chris or whatever her name was really cool tho.\r\nReal rolemodel.\r\nThe rest of the cast ...\r\n:mew_giggle: ... Hmmmmmmmmmm",
            "hashtags": "SteinsGate, SerialExperienceLain, SEL, repost, acws"
        }
    },
    {
        "20250901": {
            "value": "\ud83d\udcachttps:\/\/alceawis.com\/notice\/Axlzd5oIAyFdSfQsyW#\ud83d\udcac \r\n\u2022acws #acws\r\n~Technovision~\r\nMy *real* fav is this song\r\nhttps:\/\/m.youtube.com\/watch?v=5WFMky4vFcc&pp=ygUeVGVmaG5vdmlzaW9uIHNob3J0IHN0ZWlucyBnYXRl\r\n\r\n\ud809\udc2bHello Hello ?\r\n\r\n. CyberSpaceIllusion\r\n\r\n..\r\n\ud809\udc2b\r\n\r\nThe #lyrics are so good.\r\nEven I can remember em :Alcea_Smile: \r\n#CurrListeningAlcea #SteinsGate #ThisSongSpeaksToMe",
            "hashtags": "acws, lyrics, CurrListeningAlcea, SteinsGate, ThisSongSpeaksToMe"
        }
    },
    {
        "20250901": {
            "value": "Steins;Gate -|\u3010Fatima -second version-\u3011\r\nhttps:\/\/m.youtube.com\/watch?v=nXAj1-oYtS4&pp=ygUSRmF0aW1hIHN0ZWlucyBnYXRl\r\n\r\n#ILoveThisSong #ButNeverWatchedTheShowMuch\r\n(\u0e51\u2579\u03c9\u2579\u0e51 ) #SteinsGate #CurrListeningAlcea\r\n#repost \u2022acws #acws",
            "hashtags": "ILoveThisSong, ButNeverWatchedTheShowMuch, SteinsGate, CurrListeningAlcea, repost, acws"
        }
    },
    {
        "20250901": {
            "value": ":baba_b: :baba_a: :baba_h: :baba_h: :baba_h: !\r\n\r\nSays the #sheep\r\n:FluffyCea:\r\n",
            "hashtags": "sheep"
        }
    },
    {
        "20250901": {
            "value": "I keep finding new <a target=\"_blank\" href=\"https:\/\/alceawis.de\/404.html#https:\/\/bit.ly\/3IjvKeW\" style=color:blue>ways<\/a> to #break my #website\r\n\r\nLovely :Alcea_Not_Amused_for_real: \r\n\r\nBet #Tango hates being cloned :tangofirstaid: \r\n#repost \u2022acws #acws",
            "hashtags": "https, break, website, Tango, repost, acws"
        }
    },
    {
        "20250901": {
            "value": "Does <a target=\"_blank\" href=\"https:\/\/alceawis.de\/verify\" style=color:blue>verify<\/a> fare better :AlceaThink: ?\r\n\r\n\r\n#repost \u2022acws #acws",
            "hashtags": "repost, acws"
        }
    },
    {
        "20250901": {
            "value": "#Pretty ! Sadly \r\nhttps:\/\/ibb.co\/WWbqZyBs\r\nhttps:\/\/i.ibb.co\/RpxZf0Q7\/3e4fc465ee186fd305ed6a00d6db4cb9dc482b7a127b9fce1207a444192d8851.png\r\n\r\n\ud809\udc2b&lt;head&gt;<br>\r\n&lt;meta name=\"fediverse&#58;creator\" content=\"@alcea@alceawis.com\"&gt;<br>\r\n&lt;a href=\"https&#58;\/\/alceawis.com\/@alcea\" rel=\"me\"&gt;alcea&lt;\/a&gt;<br>\r\n  &lt;meta charset=\"UTF-8\" \/&gt;<br>\ud809\udc2b\r\nis being ignored ... \r\nOh my\r\n<=> https:\/\/alceawis.com\/notice\/AxlwEQCQvqLlb0Gj8y\r\n#OpenGraph",
            "hashtags": "Pretty, 58, 58, OpenGraph"
        }
    },
    {
        "20250901": {
            "value": ":catmojihellohi: \r\n<a target=\"_blank\" href=\"https:\/\/alceawis.de\" style=color:blue>I Tried<\/a> the new appelu product\r\n\r\n\r\nOh #OpenGraphy why thou forsaken mee \ud83d\ude3f\r\n#repost \u2022acws #acws",
            "hashtags": "OpenGraphy, repost, acws"
        }
    },
    {
        "20250901": {
            "value": "Ok lets see\r\nhttp:\/\/alceawis.de\/verify#home\r\n#fingerscrossed\r\n#repost \u2022acws #acws",
            "hashtags": "home, fingerscrossed, repost, acws"
        }
    },
    {
        "20250901": {
            "value": "#CurrListeningAlcea\r\n#DeathNote OST III - \"Misa\" https:\/\/m.youtube.com\/watch?v=O8HE0J79HHI\r\n#repost \u2022acws #acws",
            "hashtags": "CurrListeningAlcea, DeathNote, repost, acws"
        }
    },
    {
        "20250901": {
            "value": "https:\/\/ibb.co\/Hfv8tCF3\r\nhttps:\/\/i.ibb.co\/xtvT1YCd\/joined-image-1.png\r\n\r\nIt is time to <a target=\"_blank\" href=\"https:\/\/alceawis.de\/yt?v=EID8aNDq93s\" style=color:blue>report<\/a>\r\n\r\nhttps:\/\/ibb.co\/Hfv8tCF3\r\n\r\n*gulp*\r\n\r\nMyself :AlceaLolFace: \r\n\r\nFor #science !\r\n....\r\n<hr>\r\nWow this is what #admin s see ?\r\nYou can even do this towwards remote #profiles\r\n\r\n(On <a target=\"_blank\" href=\"https:\/\/alceawis.de\/other\/extra\/scripts\/fakesocialmedia\/commentload.html?number=8000&text=Im%20see%20%0D%0AYou%20set%20%23quarantined%20%23instances\" style=color:blue>quarantine<\/a>)\r\nS-s #scary :blobcatnotlike: \r\n#Fedi #admin #report #tools #federation #moderation #ouchy\r\n#repost \u2022acws #acws",
            "hashtags": "science, admin, profiles, scary, Fedi, admin, report, tools, federation, moderation, ouchy, repost, acws"
        }
    },
    {
        "20250901": {
            "value": "#Sweet !\r\nOn https:\/\/alceawis.com\/pleroma\/admin\/#\/settings\/instance \r\n\r\nI can set #standart #search to &#58;all&#58;\r\n\r\nMeaning nomauth needed !\r\n#cool !\r\n\r\nhttps:\/\/ibb.co\/JjRhq7tj\r\nhttps:\/\/i.ibb.co\/VYWKxS9Y\/joined-image.png\r\n#repost \u2022acws #acws #akkoma #fediverse #IveAlwaysWantedThis",
            "hashtags": "Sweet, standart, search, 58, 58, cool, repost, acws, akkoma, fediverse, IveAlwaysWantedThis"
        }
    },
    {
        "20250901": {
            "value": "Im see \r\nYou set #quarantined #instances in https:\/\/alceawis.com\/pleroma\/admin\/#\/settings\/instance\r\n\r\nAnd they show up in https:\/\/alceawis.com\/nodeinfo\/2.1.json\r\n\r\n#akkoma\r\n#repost \u2022acws #acws",
            "hashtags": "quarantined, instances, akkoma, repost, acws"
        }
    },
    {
        "20250901": {
            "value": "#YetAnother #Akkoma #installation #guide\r\nhttps:\/\/mikihau.github.io\/posts\/self-hosting-akkoma\/",
            "hashtags": "YetAnother, Akkoma, installation, guide"
        }
    },
    {
        "20250901": {
            "value": "Looks like <a target=\"_blank\" href=\"https:\/\/fba.ryona.agency\/?domain=repl.co\" style=color:blue>repl.co<\/a> is a #Misskey \"Smooth Criminal\"\r\nhttps:\/\/github.com\/mastodon\/mastodon\/issues\/21977\r\nIf you know\r\nhttps:\/\/m.youtube.com\/watch?v=IDdcA0IPxX\r\n#Fediverse\r\n#repost \u2022acws #acws",
            "hashtags": "Misskey, Fediverse, repost, acws"
        }
    },
    {
        "20250901": {
            "value": "#Realtime 3D N-Body-Simulation\r\nhttps:\/\/github.com\/timokoesters\/nbodysim https:\/\/raw.githubusercontent.com\/timokoesters\/nbodysim\/master\/media\/3dgalaxien06.png",
            "hashtags": "Realtime"
        }
    },
    {
        "20250901": {
            "value": "#CurrListeningAlcea\r\nInvestigation ~ Core 2001 - #PhoenixWright Ace Attorney OST \/ #GyakutenSaiban\r\nhttps:\/\/www.youtube.com\/watch?v=e_FwZ6E5adA\r\n#repost \u2022acws #acws",
            "hashtags": "CurrListeningAlcea, PhoenixWright, GyakutenSaiban, repost, acws"
        }
    },
    {
        "20250901": {
            "value": "Wait ..\r\n#Mangane renders my #profile AND #EMOJIS perfect\r\n\r\nI'm floored\r\n:blobaww: :RedCrystalHeart: \r\nhttps:\/\/social.wedistribute.org\/@alcea@alceawis.com\r\n\r\n:baba_w: :baba_o: :baba_w:\r\n#ImpressedCea\r\n\r\n\r\n(Looks like it's \"\" just \"\" a #Akkoma frontend ?\r\nhttps:\/\/github.com\/BDX-town\/Mangane\r\n)\r\n#repost \u2022acws #acws",
            "hashtags": "Mangane, profile, EMOJIS, ImpressedCea, Akkoma, repost, acws"
        }
    },
    {
        "20250901": {
            "value": "\ud83d\udcachttps:\/\/alceawis.com\/notice\/AxldFgY7jNKjSrIrqK#\ud83d\udcac \r\n\u2022acws #acws\r\n\r\n(Starts thinking of using nodebb as proxy for reply handler...\r\n\r\nDiscards idea immediately)\r\n\r\nFunny tho @rolle@mementomori.social got so much flwg dor #FediOnFire and #NodeBB just casually #scrapes AND #reblogs \/ #indexes eVeRyThIng\r\n\r\nPeople are hypocrites.\r\nSame about #AI\r\nIf one persone where to be <a target=\"_blank\" href=\"https:\/\/mainichi.jp\/english\/articles\/20240819\/p2a\/00m\/0et\/010000c\" style=color:blue>accused<\/a>, even obv false ?\r\nSuuure\r\n\r\nBut if #GigaCorps take ALL DATA its fine.\r\nSure #Google take my data\r\n#Meta and #Facebook please take eversthing\r\nHi #Tencent\r\n\r\nDespicable",
            "hashtags": "acws, FediOnFire, NodeBB, scrapes, reblogs, indexes, AI, GigaCorps, Google, Meta, Facebook, Tencent"
        }
    },
    {
        "20250901": {
            "value": "Well gues I'm #safe ?\r\n\r\n#NodeBB does not know me..\r\nYet.\r\n\r\nhttps:\/\/community.nodebb.org\/user\/alcea@alceawis.com\r\n\r\n:neocat_think: #Fediverse\r\n#repost \u2022acws #acws",
            "hashtags": "safe, NodeBB, Fediverse, repost, acws"
        }
    },
    {
        "20250901": {
            "value": "\ud83d\udcachttps:\/\/chaos.social\/@onepict\/114959123785404111#\ud83d\udcac \r\n\r\n#OptOut would've been nice.\r\n\r\n\ud809\udc2bEugen \"Website\" Boy \ud809\udc2b\r\nmade me <a target=\"_blank\" href=\"https:\/\/cathode.church\/fedi-scraper-counter.html\" style=color:blue>chuckle<\/a>\r\n\r\nActiPub and all of Fedi a are lagging behind in #privacy anyways.\r\nIf you set your posts to \"#private\" the old ones remain #cached on remote servers etc.\r\n\r\nEven #Bluesky does better in that respect\r\n\r\nMaybe #ActivityPub can be called messy but radicallyfree ..\r\n\r\n#CantHaveYourCakeAndEatIt.\r\n\u2022acws #acws\r\n\r\n=> https:\/\/alceawis.de\/other\/extra\/scripts\/fakesocialmedia\/replyhandler.html?url=https:\/\/chaos.social\/@dentangle\/114958911046810585",
            "hashtags": "OptOut, privacy, private, cached, Bluesky, ActivityPub, CantHaveYourCakeAndEatIt, acws"
        }
    },
    {
        "20250901": {
            "value": "#truth\r\nhttps:\/\/mas.to\/@anna_lillith\/115084947113945523\r\nhttps:\/\/deflector.cathode.church\/cache\/media_attachments\/files\/115\/087\/897\/131\/113\/106\/original\/ab79c4290f2168a1.png",
            "hashtags": "truth"
        }
    },
    {
        "20250901": {
            "value": "Wow poor Ronni...\r\nhttps:\/\/github.com\/ronilaukkarinen\/fedionfire\/issues\/8 \r\nhttps:\/\/cathode.church\/fedi-scraper-counter.html\r\n\r\n#Fedi is really strict huh\r\n\r\nOhwell....\r\n#repost \u2022acws #acws",
            "hashtags": "Fedi, repost, acws"
        }
    },
    {
        "20250901": {
            "value": "#Positive #Reddit \/ #Twitter \/ X \/ #SocialMedia content ?\r\nhttps:\/\/www.strawberryfresh.com\/",
            "hashtags": "Positive, Reddit, Twitter, SocialMedia"
        }
    },
    {
        "20250901": {
            "value": "\ud809\udc2bI added human verification to my API. Your auth header must include your favorite sandwich and what your favorite color is. Then we'll generate a token based on those 2 answers and you must validate yourself using sha-256 and then you can make a request to the data you're looking for\ud809\udc2b\r\n#pagination <a target=\"_blank\" href=\"https:\/\/www.reddit.com\/r\/webdev\/comments\/1n36t4j\/dont_be_that_guy\/\" style=color:blue>rq<\/a>",
            "hashtags": "pagination"
        }
    },
    {
        "20250901": {
            "value": "#Ffmpeg #cheatsheet\r\nhttps:\/\/ffmpegs.pages.dev\/",
            "hashtags": "Ffmpeg, cheatsheet"
        }
    },
    {
        "20250901": {
            "value": "\ud809\udc2bI'm back with another cursed thing :]\r\n\r\nBuilt with mediapipe computer vision (hand tracking), threejs (3D modelling), and vanilla javascript\r\n\r\nThis project will continue until I have found the most cursed captcha\r\n\r\nIf you have ideas, please let me know\r\n-getToTheChopin\ud809\udc2b\r\n\r\nhttps:\/\/www.funwithcomputervision.com\/"
        }
    },
    {
        "20250901": {
            "value": "\ud809\udc2b\r\nI never really thought about how the GC, Wii, and #Wii U were all 32bit consoles until this video\ud809\udc2b\r\n#n64\r\n\r\nhttps:\/\/m.youtube.com\/watch?v=jKrZ8naaTzk",
            "hashtags": "Wii, n64"
        }
    },
    {
        "20250831": {
            "value": "\ud83d\udcachttps:\/\/alceawis.com\/notice\/AxjyvggtIxjQmqLztY#\ud83d\udcac \r\n\u2022acws #acws\r\nThats what #pastMe thought too\r\nhttps:\/\/www.pixiv.net\/en\/artworks\/94314321\r\n\r\n:Alcea_Smile: #DoodlesAlcea",
            "hashtags": "acws, pastMe, DoodlesAlcea"
        }
    },
    {
        "20250831": {
            "value": "#Moloko is absolutely the #cutest #virus in #mmbn\r\n*squee*\r\nhttps:\/\/alceawis.com\/uploads\/5fdc3c2c03d5a07a38f0e043ff5b38d0133b7eb6b2ad3e5dd053846b771ee119.jpeg\r\n#repost \u2022acws #acws",
            "hashtags": "Moloko, cutest, virus, mmbn, repost, acws"
        }
    },
    {
        "20250831": {
            "value": "#CurrListeningAlcea\r\nMega Man Battle Network 6 OST - T21: Break the Storm (Mr. Weather Comp - ElementMas Stage)\r\nhttps:\/\/www.youtube.com\/watch?v=_uamJI_3-9c\r\n\r\n#repost \u2022acws #acws #FavsAlcea",
            "hashtags": "CurrListeningAlcea, repost, acws, FavsAlcea"
        }
    },
    {
        "20250831": {
            "value": "https:\/\/ibb.co\/G3N5m6pX\r\nhttps:\/\/i.ibb.co\/BKFCkp3m\/Screenshot-20250831-224954-Brave.png\r\n\r\n\r\n\r\nWell dear #noise boi is not willing to go all #Mariko #Patch it <a target=\"_blank\" href=\"https:\/\/m.youtube.com\/watch?v=sr6wIPaL0f0\" style=color:blue>seems<\/a>\r\n\r\n..\r\nHearing #Fanfare tooting gives me #PTSD\r\nAt least its not Discord...\r\n#repost \u2022acws #acws",
            "hashtags": "noise, Mariko, Patch, Fanfare, PTSD, repost, acws"
        }
    },
    {
        "20250831": {
            "value": "\ud809\udc2bCheckpoint: I love this song :Alcea_Smile: \ud809\udc2b\r\n~Stickerbrush #Symphony ~ #DavidWise #SNES\r\nhttps:\/\/m.youtube.com\/watch?v=9e8yszULTlg\r\n#repost \u2022acws #acws #FavsAlcea #CurrListeningAlcea",
            "hashtags": "Symphony, DavidWise, SNES, repost, acws, FavsAlcea, CurrListeningAlcea"
        }
    },
    {
        "20250831": {
            "value": "\ud83d\udcachttps&#58;\/\/mastodon.gamedev.place\/@Samb#\ud83d\udcac \r\nHavent watched #Samb since forever\r\nI agree with the beginning already.\r\nhttps&#58;\/\/www.youtube.com\/watch?v=Ea5VqGlaXJM\r\n\r\nShame the #Switch2 is such a disappointment\r\n#german \u2022acws #acws",
            "hashtags": "58, Samb, 58, Switch2, german, acws"
        }
    },
    {
        "20250831": {
            "value": "Eh\r\nhttps:\/\/ravenwinters.org\/posts\/wikipedia\/\r\n\r\nI'd say #archive org beats #wikipedia by an immeasaurable #magnitude\r\n\r\nWayback can easily backup all of #wiki but wiki is very limited\r\n\r\nWikim could give some <a target=\"_blank\" href=\"https:\/\/www.reddit.com\/r\/wikipedia\/comments\/nk4shj\/wikipedia_is_swimming_in_moneywhy_is_it_begging\/\" style=color:blue>assets<\/a> to archive org\r\n\r\nThats just how important #theinternetarchive is\r\n\r\nI'd say.\r\nThe singlemost important website\r\n#repost \u2022acws #acws #RamblingsAlcea",
            "hashtags": "archive, wikipedia, magnitude, wiki, theinternetarchive, repost, acws, RamblingsAlcea"
        }
    },
    {
        "20250831": {
            "value": "Having to #read my post again might just help with #typos\r\n\r\nBut I won't correct em all :hacker_h: :hacker_e: :hacker_h: \r\nhttps:\/\/ibb.co\/QFyHGhf3\r\nhttps:\/\/i.ibb.co\/MDF1LKsx\/Screenshot-20250831-214832-Brave.png\r\n\r\n#repost \u2022acws #acws",
            "hashtags": "read, typos, repost, acws"
        }
    },
    {
        "20250831": {
            "value": "\ud83d\udcachttps:\/\/chaos.social\/@PeterKratz\/115123188410841070#\ud83d\udcac \r\n\r\nBis auf #Fehler macht #KI \/ #AI wenig\r\n\r\nDie meisten speziellen Infos musst selbst suchen und wer von #Sicherungskopien nix h\u00e4lt kanns gleich lassen.\r\n\r\nHalluzinierte #Endpoints , #Scraper Ans\u00e4tze die nichts bringen.\r\n\r\nKI ist auch \"Kind isst Bastelkleber\" Niveau\r\n\r\nnoch.\r\n(Hindert #CEO s aber nicht viele Leute rwuszuschmei\u00dfen und #DALLE #ChatGPT sowie #DeepSeek das Feld zu \u00fcberlassen.\r\n\r\nDie <a target=\"_blank\" href=\"https:\/\/www.reddit.com\/r\/ProgrammerHumor\/comments\/1llsmj6\/wearelookingfornewmods\/\" style=color:blue>Info<\/a>'s von #Reddit lieben es \ud83d\ude39\r\n\r\n\u2022acws #acws\r\n",
            "hashtags": "Fehler, KI, AI, Sicherungskopien, Endpoints, Scraper, CEO, DALLE, ChatGPT, DeepSeek, Reddit, acws"
        }
    },
    {
        "20250831": {
            "value": "\ud83d\udcachttps:\/\/infosec.exchange\/@Sempf\/115125045269896766#\ud83d\udcac \r\n\r\nThe first one I maintained the #CSS on did the same.\r\n\r\nThis #Akkoma here uses less powerful hardware even and has no hickups\r\n\r\nAlmost asif #mastodon is a very :mastodon_oops: - prone #frontend\r\n\r\nNah that can't be.\r\n:roflcrazylaugh: \r\n#repost \u2022acws #acws",
            "hashtags": "CSS, Akkoma, mastodon, frontend, repost, acws"
        }
    },
    {
        "20250831": {
            "value": "\ud83d\udcachttps:\/\/hachyderm.io\/@samhenrigold\/115118279087120260#\ud83d\udcac \r\n\r\nUse #portable version :AlceaCatDealWithIt:\r\n\r\n\u2022acws #acws",
            "hashtags": "portable, acws"
        }
    },
    {
        "20250831": {
            "value": "\ud83d\udcachttps:\/\/alceawis.com\/notice\/AxjpoYKP6EmHEgMILo#\ud83d\udcac \r\n\u2022acws #acws\r\n\r\n#Resolving a external from another #domain gives back url for that targt #instance..\r\n\r\n*Sigh*\r\nhttps:\/\/ibb.co\/DP7Rrvx7\r\nhttps:\/\/i.ibb.co\/GfV5H8KV\/Screenshot-20250831-212205-Brave.png",
            "hashtags": "acws, Resolving, domain, instance"
        }
    },
    {
        "20250831": {
            "value": "Seems like you can #resolve a\r\n<a target=\"_blank\" href=\"https:\/\/alceawis.de\/other\/extra\/scripts\/fakesocialmedia\/replyhandler.html?url=https:\/\/mas.to\/web\/statuses\/115124778231367360\" style=color:blue>web stsatus<\/a> #fine\r\n\r\nBut <a target=\"_blank\" href=\"https:\/\/alceawis.de\/other\/extra\/scripts\/fakesocialmedia\/replyhandler.html?url=https:\/\/mas.to\/@alcea@alceawis.com\/115124878771141289\" style=color:blue>internal<\/a> one #fails\r\n\r\n.. Not\r\nIf you look correctly the internal #number differs from a domain2domain resolve.\r\nThis is the right <a target=\"_blank\" href=\"https:\/\/alceawis.de\/other\/extra\/scripts\/fakesocialmedia\/replyhandler.html?url=https:\/\/mas.to\/@alcea@alceawis.com\/115124878771141289\" style=color:blue>one<\/a>\r\n\r\n#Fediverse sucks at giving right routing back\r\n\r\nSorry CeaBot.\r\nMaybe you were innocent.\r\nStupid :mastodon_oops:\r\nhttps:\/\/ibb.co\/yFfmTHMy\r\nhttps:\/\/i.ibb.co\/8gKn31R5\/joined-image.png\r\n\r\nI don't like you :blobcatno: \r\n#repost \u2022acws #acws\r\n\r\nWould be nice to know all #Fedi rules b4hand\r\n\r\nEveryone does what they want",
            "hashtags": "resolve, fine, fails, number, Fediverse, repost, acws, Fedi"
        }
    },
    {
        "20250831": {
            "value": "Hey #cool !\r\nMas.to <a target=\"_blank\" href=\"https:\/\/mas.to\/tags\/Acws\" style=color:blue>handles<\/a> #pinned post quite well, with a slide number thingy\r\n\r\nI like it :blobaww: \r\n\r\nI wonder if I could make #Akkoma do that\r\n(Tho cross #domain #instances on #federation will vary, so ..)\r\nhttps:\/\/ibb.co\/YF0rvBFc\r\nhttps:\/\/i.ibb.co\/LXNG4dXx\/Screenshot-20250831-205324-Brave.png\r\n\r\n#repost \u2022acws #acws",
            "hashtags": "cool, pinned, Akkoma, domain, instances, federation, repost, acws"
        }
    },
    {
        "20250831": {
            "value": "#CurrListeningAlcea\r\nL's Theme vs. Light's Theme - Ultra Epic Mashup\r\n#DeathNote #HidekiTaniuchi #CSMusic\r\nhttps:\/\/www.youtube.com\/watch?v=EJ9Ohx3z2sw\r\n#repost \u2022acws #acws",
            "hashtags": "CurrListeningAlcea, DeathNote, HidekiTaniuchi, CSMusic, repost, acws"
        }
    },
    {
        "20250831": {
            "value": "#Alex nerding on #dehumidifiers\r\n\r\nhttps:\/\/m.youtube.com\/watch?v=JzClLWL-Eys\r\n#Fine\r\n:AlceaLolFace: \r\n#repost \u2022acws #acws",
            "hashtags": "Alex, dehumidifiers, Fine, repost, acws"
        }
    },
    {
        "20250831": {
            "value": "Things I #like:\r\n\u266a\u266b :YGOVRAINS_Wisteria: :javascript: :php: :python: :imagemagick: :ibispaint: :MikuChairSpin: :wuerzburg: :steam: :KamikazeKaitouJeanne: \/ :KamikazeKaitouJeanneJP: \ud834\udd1e\u266c\r\n#StuffAlcea",
            "hashtags": "like, StuffAlcea"
        }
    },
    {
        "20250831": {
            "value": "This was a\r\n\ud809\udc2bf(x) = 9.6000 + 0.7459 * sin(1 * x + -1.459) + 0.0321 * sin(2 * x + 2.367) + 2.5724 * sin(3 * x + -1.166) + 6.0682 * sin(4 * x + -0.417) + 1.8330 * sin(5 * x + -1.904) + 2.7066 * sin(6 * x + -2.837) + 0.5208 * sin(7 * x + 2.207) + 1.0797 * sin(8 * x + -1.789) + 2.4578 * sin(9 * x + 2.200) + 1.4048 * sin(10 * x + 3.059) + 1.1191 * sin(11 * x + 2.544) + 1.8734 * sin(12 * x + 0.249) + 0.8845 * sin(13 * x + 0.848) + 1.8114 * sin(14 * x + 0.789)\ud809\udc2b\r\n<a target=\"_blank\" href=\"https:\/\/alceawis.de\/other\/extra\/scripts\/fakesocialmedia\/postsperday.html?keyword=acws&month=08-2025\" style=color:blue>month<\/a>\r\n\r\nOk I'll admit the #Siine is off.\r\nI'm not really willing ro fix it further.\r\n\r\nIt looks wobbly.\r\nThats good ! :MikoThumbsUP: \r\nhttps:\/\/ibb.co\/KccjRnhg\r\nhttps:\/\/i.ibb.co\/1YYfhcQN\/Screenshot-20250831-193819-Brave.png\r\nThis would've been impossible on most #Fedi #instance s as we have #ratelimiting\r\nI :strawbHuggies: :json:\r\n\r\nI'll leavemthis to the #math people\r\n#repost \u2022acws #acws",
            "hashtags": "Siine, Fedi, instance, ratelimiting, math, repost, acws"
        }
    },
    {
        "20250831": {
            "value": "\ud83d\udcachttps:\/\/alceawis.com\/notice\/AxjUqaSS3PIHNoFf5U#\ud83d\udcac \r\n\r\nYes thats right lil #oneko cat\r\nWe should unpin this post probably.\r\nMaybe keep it at three\r\nhttps:\/\/ibb.co\/PZQQP4KP\r\nhttps:\/\/i.ibb.co\/N6SSJp5J\/Screenshot-20250831-191044-Brave.png\r\n\r\nSo next I'll exchange that one.\r\nMaybe make sure #pinned posts are not too long.\r\nHmmm\r\n\r\n\u2022acws #acws",
            "hashtags": "oneko, pinned, acws"
        }
    },
    {
        "20250831": {
            "value": "I'm loosing track of my #pinned posts\r\n( #shame on me !)\r\n\r\nWe gotta do something !\r\nhttps:\/\/codepen.io\/ryedai1\/pen\/jEbeQMG\r\n:ablobcatbongo: \r\n#CodeAlcea\r\n#repost \u2022acws #acws",
            "hashtags": "pinned, shame, CodeAlcea, repost, acws"
        }
    },
    {
        "20250831": {
            "value": "#Cute ! \r\n\r\nhttps:\/\/www.pixiv.net\/en\/artworks\/133422638\r\n\r\n#Ryo #Fluff #vrains\r\n#repost \u2022acws #acws",
            "hashtags": "Cute, Ryo, Fluff, vrains, repost, acws"
        }
    },
    {
        "20250831": {
            "value": "\ud83d\udcachttps:\/\/alceawis.com\/notice\/AxjLc3Qf9tAPIvPVa4#\ud83d\udcac \r\n\u2022acws #acws\r\nPoor #LuisRossman\r\n\r\n\ud809\udc2bRead this while my #bloodpressure is still <a target=\"_blank\" href=\"https:\/\/alceawis.de\/yt?v=QBEKlIV_70E&t=3m15s\" style=color:blue>low<\/a>\ud809\udc2b\r\n\r\nI wonder if he'll give up one day.\r\nThings are a joke as of late\r\n(Should I put a #CW on op post ?\r\nHmmmmm I mean he is right to :meow_angrypats: ..\r\nWell\r\n:FUGoogle: .<br>\r\nOk.\r\n\r\n*Exhale*\r\n\r\nGood now )\r\n<br>\r\n<br>\r\n.....\r\n<hr>\r\nIF they touch the #adb ( #AndroidDebugBridge ) or gimp #permission <a target=\"_blank\" href=\"https:\/\/alceawis.de\/other\/extra\/scripts\/rendercodetxt.html?filetext=\/other\/Computerstuff\/Commands\/Android-Keyevents.txt\" style=color:blue>managment<\/a> I will live in a #webbrowser from that day onward :Wah:",
            "hashtags": "acws, LuisRossman, bloodpressure, CW, adb, AndroidDebugBridge, permission, webbrowser"
        }
    },
    {
        "20250831": {
            "value": "Let our :lineageos: be our #salvation\r\n\r\nhttps:\/\/www.youtube.com\/watch?v=QBEKlIV_70E\r\n\r\n(Ans maybe #Samsung as they still allow #bootloader unlock.\r\nI'll :genshin_qiqi_rip: without #Xposed n #XposedEdge .....)\r\n#SobbyCea\r\n#repost \u2022acws #acws #Android #Google",
            "hashtags": "salvation, Samsung, bootloader, Xposed, XposedEdge, SobbyCea, repost, acws, Android, Google"
        }
    },
    {
        "20250831": {
            "value": "Had to write a :linkdatachain: #suite to see how well #Akkoma <=> #local #timeline works\r\nhttps:\/\/alceawis.de\/other\/extra\/scripts\/fakesocialmedia\/mtdakkomalinkmatch.html\r\n\r\nQuite a few tl entries from <a target=\"_blank\" href=\"https:\/\/codeberg.org\/alceawisteria\/JsonActiPubFederate_landrok-rewrite\" style=color:blue>Ceabot<\/a> left.. <a target=\"_blank\" href=\"https:\/\/mastodon.social\/@alcea\/114885892957992276\" style=color:pink>tihihi<\/a>\r\n\r\nAnd otherwise ?\r\n331:316 -> 15 stray ones.\r\nProbably early ones.\r\n\r\nOhwell\r\n#CodeAlcea\r\n\r\n#repost \u2022acws #acws",
            "hashtags": "suite, Akkoma, local, timeline, CodeAlcea, repost, acws"
        }
    },
    {
        "20250831": {
            "value": "#Fluffy #DoodlesAlcea\r\nhttps:\/\/ibb.co\/ynQWLKKg\r\nhttps:\/\/i.ibb.co\/xS7JVwwz\/Titelloses-48-20250831145027.jpg\r\n\r\n#repost \u2022acws #acws",
            "hashtags": "Fluffy, DoodlesAlcea, repost, acws"
        }
    },
    {
        "20250831": {
            "value": "Excuse me #Youtube but:\r\nhttps:\/\/ibb.co\/1Gw3fQmH\r\nhttps:\/\/i.ibb.co\/Qv1ZFQKs\/Screenshot-20250831-135059-Brave.png\r\n\r\n\r\n#what ?? :blahaj: \r\n\ud809\udc2bError 153 \r\nError configuring #videoplayer\ud809\udc2b\r\n\r\nBet its the two &#x23; s\r\n#repost \u2022acws #acws",
            "hashtags": "Youtube, what, videoplayer, x23, repost, acws"
        }
    },
    {
        "20250831": {
            "value": "\ud83d\udcachttps:\/\/alceawis.com\/notice\/AxjB58PwakURg4jpmy#\ud83d\udcac \r\n\u2022acws #acws\r\nThat #second #inuyasha #Opening tho \ud83e\ude77\r\n\r\n\r\nhttps:\/\/m.youtube.com\/watch?v=PBSe56IP2Wc&pp=ygUVV3dzIGlzdCB6ZWl0IGludXlhc2hh##RtlII \/ #Rtl2 #german",
            "hashtags": "acws, second, inuyasha, Opening, RtlII, Rtl2, german"
        }
    },
    {
        "20250831": {
            "value": "#Inuyasha is 2nd place for me tho\r\nhttps:\/\/m.youtube.com\/watch?v=dn9q_wa0rKQ\r\n\r\n(I love playing this song in #Stepmania it plays so well !)\r\n#CurrListeningAlcea\r\n#repost \u2022acws #acws",
            "hashtags": "Inuyasha, Stepmania, CurrListeningAlcea, repost, acws"
        }
    },
    {
        "20250831": {
            "value": "\ud83d\udcachttps:\/\/alceawis.com\/notice\/Axj9bR2IhgeMmSxBA0#\ud83d\udcac \r\n#Instrumental ver.\r\nhttps:\/\/www.youtube.com\/watch?v=2vrt5YG8UFs\r\n\u2022acws #acws #KamikazeKaitouJeanne\r\n",
            "hashtags": "Instrumental, acws, KamikazeKaitouJeanne"
        }
    },
    {
        "20250831": {
            "value": "God the #german #Opening :RedCrystalHeart: \r\nhttps:\/\/m.youtube.com\/watch?v=FdfoTXUGkYM&pp=ygUYS2FtaWthemUga2FpdG91IGFicmlkZ2Vk0gcJCbIJAYcqIYzv\r\n\r\nSorry #Inuyasha but #KamikazeKaitouJeanne is just the best\r\n#JeanneDieKamikazeDiebin #PhantomThiefJeanne\r\n#repost \u2022acws #acws #CurrListeningAlcea",
            "hashtags": "german, Opening, Inuyasha, KamikazeKaitouJeanne, JeanneDieKamikazeDiebin, PhantomThiefJeanne, repost, acws, CurrListeningAlcea"
        }
    },
    {
        "20250831": {
            "value": "Wait\r\n#KamikazeKaitouJeanne not only exists in \r\n#German and #Japanese\r\n\r\nBut:\r\n#Cantonese\r\n#Korean\r\n#Turkish\r\n\r\n\r\nGotta admit the #turkish one sounds amazing\r\nhttps:\/\/www.youtube.com\/watch?v=8Rfwrz9NfMk&pp=ygUYS2FtaWthemUga2FpdG91IGFicmlkZ2Vk\r\n#repost \u2022acws #acws",
            "hashtags": "KamikazeKaitouJeanne, German, Japanese, Cantonese, Korean, Turkish, turkish, repost, acws"
        }
    },
    {
        "20250831": {
            "value": "I kinda thought\r\nhttps:\/\/alcea-wisteria.de\/ytarchive\/?limit=8&extendedsearch=true&videoid=01bwEdQg6EY\r\n\r\nWas causing issues cause the #Video name\r\n\"Full Moon wo Sagashite - Eternal Snow ~piano swing version~\"\r\n\r\nTurns out reloading the page made the count go up to 142 (from a broken 138)\r\n\r\nMaybe my #internet sucks ?\r\nMaybe the #json is improperly retrieved\r\n\r\nWhatever the case, I hope I can stop doubting the json parser.\r\nIt's getting old\r\n#ytarchive #CodeAlcea \" #BrokenCodeAlcea \"\r\nhttps:\/\/codeberg.org\/alceawisteria\/YoutubeArchiveSuite",
            "hashtags": "Video, internet, json, ytarchive, CodeAlcea, BrokenCodeAlcea"
        }
    }
]