[
    {
        "20240223": {
            "value": "@matrix9180@hachyderm.io\r\n\r\nDo you also do #CSS ?\r\n\r\nI have a #nicepage #css ( https:\/\/alceawis.de\/nicepage.css ) \r\nthat goes with my #Navbar \r\n( https:\/\/alceawis.de\/Navbar ) \r\nbut the #css - even minified etc to max still weighs ~1meg \r\n\r\nIs there a way to slim it down further, or maybe figure out what #Navbar html needs for it to work ? \r\n:bun: #BrokenCodeAlcea:blobcatnotlike: ",
            "hashtags": "CSS, nicepage, css, Navbar, css, Navbar, BrokenCodeAlcea"
        }
    },
    {
        "20240223": {
            "value": "Was able to #shrink down stupid #nicepage #css of my #website s dependency from\r\n1089 to 941 kilobyte..\r\nhttps:\/\/codepen.io\/ryedai1\/pen\/dyrBMRj\r\n#CodeAlcea\r\n\r\nKinda #crazy how this stupid file (even if compressed to zip) takes up 110+ kilobyte ugh\r\n\r\nBut wizthout it my #navbar & #css combi breaks\r\n\r\nI don't thuink I can #reduce it any further",
            "hashtags": "shrink, nicepage, css, website, CodeAlcea, crazy, navbar, css, reduce"
        }
    },
    {
        "20240223": {
            "value": "Writing a \"Replacement Navbar\" => WasteOfTime\r\nhttps:\/\/alceawis.de\/other\/extra\/scripts\/z_teststuff\/Navbar.html.trsh\r\nhttps:\/\/codepen.io\/ryedai1\/pen\/MWxMgXm\r\n=>>\r\n\u2022 vanishes on index html as you scroll\r\n\u2022[-] pseudo hamburger button vanishes whn clicked, but only when inpage,noit if used in navbar html\r\n\u2022 submenu goes UNDER the contact.html img.. W.T.F ?!!!\r\nFlip it. Stick with nicepage, Beedn usin it for years.\r\n#RamblingsAlcea",
            "hashtags": "RamblingsAlcea"
        }
    },
    {
        "20240223": {
            "value": "\"#Good #job\" #Google !!11\r\n\r\n:fugoogle: :ablobthinkingeyes: \r\nhttps:\/\/m.youtube.com\/watch?v=Z3dSkkEr-wk\r\n#RamblingsAlcea",
            "hashtags": "Good, job, Google, RamblingsAlcea"
        }
    },
    {
        "20240222": {
            "value": "#ChatGPT \"I cant fix your #code , so here are some xtra cats instead\"\r\n\r\n#BrokenCodeAlcea\r\nhttps:\/\/m.youtube.com\/watch?v=wurV-1ll2Ow&feature=youtu.be",
            "hashtags": "ChatGPT, code, BrokenCodeAlcea"
        }
    },
    {
        "20240222": {
            "value": "Hahahahhahah\r\ntrying to #load a #zip ped #website in a browser.\r\n\r\nForget it.\r\n#LocalStorage caps at 5meg.\r\n\r\nsad\r\nhttps:\/\/codepen.io\/ryedai1\/pen\/abMraqm\r\n\r\n#CodeAlcea",
            "hashtags": "load, zip, website, LocalStorage, CodeAlcea"
        }
    },
    {
        "20240222": {
            "value": "Mhmhmm #EnderMagnolia will have some #beautiful #music just like #EnderLilies I bet \ud83d\ude3a\r\nhttps:\/\/ibb.co\/LSmyBRH\r\nhttps:\/\/i.ibb.co\/kKjTzBv\/Screenshot-20240222-103200-FX.png",
            "hashtags": "EnderMagnolia, beautiful, music, EnderLilies"
        }
    },
    {
        "20240222": {
            "value": "Wow @codepen@fosstodon.org has a #mastodon! \r\n\r\nTake that #jsfiddle !\r\nhttps:\/\/fosstodon.org\/@codepen :RedCrystalHeart: ",
            "hashtags": "mastodon, jsfiddle"
        }
    },
    {
        "20240221": {
            "value": "Dropped my #S6Lite this morning..\r\n\r\nProtector time ?\r\n(I don't feel like #LineageOS :lineageos: ing another one tbh:akkosad: \r\n#StuffAlcea",
            "hashtags": "S6Lite, LineageOS, StuffAlcea"
        }
    },
    {
        "20240221": {
            "value": "#CodeAlcea\r\n\r\nAdd #gamesizes (& #image urls) to #dekudeals collection json \r\n\r\nhttps:\/\/codepen.io\/ryedai1\/pen\/yLQdpdd\r\nhttps:\/\/media.mas.to\/masto-public\/media_attachments\/files\/111\/970\/947\/158\/709\/312\/original\/8ccfcd751edeb968.mp4",
            "hashtags": "CodeAlcea, gamesizes, image, dekudeals"
        }
    },
    {
        "20240221": {
            "value": "#DoodlesAlcea\r\n\r\nAlright\r\nhttps:\/\/ibb.co\/J2gnB5J\r\nhttps:\/\/i.ibb.co\/Y8w2Rps\/Titelloses-303-20240221150226.png\r\n\r\n",
            "hashtags": "DoodlesAlcea"
        }
    },
    {
        "20240221": {
            "value": "Hmm my #tradition on doodling a #fanart while waiting for le #NintendoDirect hmmm sure",
            "hashtags": "tradition, fanart, NintendoDirect"
        }
    },
    {
        "20240221": {
            "value": "#CurrListeningAlcea\r\nRuzer - Callisto\r\nhttps:\/\/www.youtube.com\/watch?v=rot4skaQ7G0",
            "hashtags": "CurrListeningAlcea"
        }
    },
    {
        "20240221": {
            "value": "Whoever at #Nintendo cuts these for the #presentation & #nintendodirects \r\n#Goodjob !\r\n\r\nAlways a banger track \ud83d\ude39\r\n#AweAlcea\r\nhttps:\/\/media.mas.to\/masto-public\/media_attachments\/files\/111\/969\/510\/004\/053\/263\/original\/53ffab214b075565.mp4",
            "hashtags": "Nintendo, presentation, nintendodirects, Goodjob, AweAlcea"
        }
    },
    {
        "20240221": {
            "value": "I still #wonder what happened to #NintendoDirects #announcer last heard on 2022-06-28- #NintendoDirect Mini_ Partner Showcase\r\n\r\nI miss his #voice :blobreachsob: \r\n\r\n#StuffAlcea",
            "hashtags": "wonder, NintendoDirects, announcer, NintendoDirect, voice, StuffAlcea"
        }
    },
    {
        "20240221": {
            "value": "Mas.to got a nice #emoji selection\r\n\r\nhttps:\/\/ibb.co\/K02h4Cf\r\nhttps:\/\/i.ibb.co\/HFt4wmb\/Screenshot-20240221-050207-Opera.png\r\n:PinkCatNod: :RedCrystalHeart:",
            "hashtags": "emoji"
        }
    },
    {
        "20240220": {
            "value": "Test with    <button type=\"submit\" name=\"specificButton\">save<\/button>"
        }
    },
    {
        "20240220": {
            "value": "Hmmm"
        }
    },
    {
        "20240220": {
            "value": "Since using #darkmode for a #day .. Reverting to normal mode and #opening a #webrrowser window hurts my eyes\r\n\r\nOn the #downside I have to turn #brightness 45% up cause I cant see #%&#&#& ..\r\n\r\nSigh",
            "hashtags": "darkmode, day, opening, webrrowser, downside, brightness"
        }
    },
    {
        "20240220": {
            "value": ":tangofirstaid:"
        }
    },
    {
        "20240220": {
            "value": "#CurrListeningAlcea\r\nBloc Party - Virtue (Official Video)\r\nhttps:\/\/www.youtube.com\/watch?v=d0TZt8NvGD0",
            "hashtags": "CurrListeningAlcea"
        }
    },
    {
        "20240220": {
            "value": "Had some fun with #CHATGPT haha\r\nhttps:\/\/poe.com\/s\/f3aaMu0CRHXOSd1SBc4M\r\n#php #js #folly",
            "hashtags": "CHATGPT, php, js, folly"
        }
    },
    {
        "20240220": {
            "value": "#CurrListeningAlcea\r\nBloc Party - Vision of Heaven\r\nhttps:\/\/www.youtube.com\/watch?v=HcsTQpvjaOg",
            "hashtags": "CurrListeningAlcea"
        }
    },
    {
        "20240220": {
            "value": "#Yes #Deviantart parse with #Featured #support\r\nhttps:\/\/github.com\/jamesl1001\/deviantART-API\/issues\/4",
            "hashtags": "Yes, Deviantart, Featured, support"
        }
    },
    {
        "20240220": {
            "value": "And another #encoding test\r\n#TextNodes dislkes \ud83d\ude39\ud83d\ude3a\ud83d\udc9d\ud83d\ude3f #emoji ??\r\n\r\nconst value = document.createTextNode(textarea.value).innerText;\r\n  \/\/const value = document.createTextNode(textarea.value).nodeValue; \/\/no emoji support\r\n",
            "hashtags": "encoding, TextNodes, emoji"
        }
    },
    {
        "20240220": {
            "value": "#NintendoDirects and #Fanart keepin me #alive \r\n\ud83d\ude39\r\n#StuffAlcea",
            "hashtags": "NintendoDirects, Fanart, alive, StuffAlcea"
        }
    },
    {
        "20240220": {
            "value": "Using #Darkmode to soothe #eyes\r\n\r\nWhat a drag",
            "hashtags": "Darkmode, eyes"
        }
    },
    {
        "20240220": {
            "value": "Watch SteinsGate  ?\r\nHmmm"
        }
    },
    {
        "20240219": {
            "value": "#Yay\r\nThe #pixiv gods fiiinally moved this into my #most #used #tags weee\r\nhttps:\/\/ibb.co\/6nZkdyT\r\nhttps:\/\/i.ibb.co\/7Yzq9SZ\/Screenshot-20240220-003252-Chrome.png\r\n#StuffAlcea",
            "hashtags": "Yay, pixiv, most, used, StuffAlcea"
        }
    },
    {
        "20240219": {
            "value": ":Alcea_Not_Amused_for_real: "
        }
    },
    {
        "20240219": {
            "value": "I barely use my #SteamDeck. Only have it for KingdomHeartsIII and NieRReplicant, both which I barely play.\r\nOther PCGames (FinalFantasyXIII, TalesOfBerseria, )\r\nA few Homebrew (Stepmania, RPGMaker)\r\n=> It's cool, buf lacks the hybrid factor of #NintendoSwitch.\r\nI don't need a exctra #controller to plkay it on TV.\r\nAlso Switch has most games that matter already, without trashy DRM or AlwaysOn.\r\nOr \"You can't play this because [xy] reason.\r\n\r\nI had hopoed I'd play more PCGames now.",
            "hashtags": "SteamDeck, NintendoSwitch, controller"
        }
    },
    {
        "20240219": {
            "value": "Hmmm #SWR3 works ok with 64kbps #internet https:\/\/liveradio.swr.de\/sw890cl\/swr3\/play.aac\r\n#Amazing !",
            "hashtags": "SWR3, internet, Amazing"
        }
    },
    {
        "20240219": {
            "value": "Hmm a pizza would be nice"
        }
    },
    {
        "20240219": {
            "value": "\"My only positive hope is that it gets so impossible to trust anything online, that people go back to caring more about real life\"\r\n #ai #wtf https:\/\/m.youtube.com\/watch?v=NXpdyAWLDas",
            "hashtags": "ai, wtf"
        }
    },
    {
        "20240219": {
            "value": "#CurrListeningArusea\r\nNON STOP TECHNO RAVE RADIO 24\/7 MIX\r\nhttps:\/\/www.youtube.com\/watch?v=34H1XIjnfKM",
            "hashtags": "CurrListeningArusea"
        }
    },
    {
        "20240219": {
            "value": ":roflcrazylaugh: :text_is: noice !"
        }
    },
    {
        "20240219": {
            "value": ":ablobcatmusic:"
        }
    },
    {
        "20240219": {
            "value": ":aufex_drink: #yay",
            "hashtags": "yay"
        }
    },
    {
        "20240219": {
            "value": ":blobcatpet:"
        }
    },
    {
        "20240219": {
            "value": "#CurrListeningAlcea\r\n* Glowing Holograms - #YuGiOh #SEVENS\r\n(#RyoKawasaki)\r\nhttps:\/\/m.youtube.com\/watch?feature=shared&v=pd56jmBMtF0",
            "hashtags": "CurrListeningAlcea, YuGiOh, SEVENS, RyoKawasaki"
        }
    },
    {
        "20240219": {
            "value": "Good Done it is"
        }
    },
    {
        "20240219": {
            "value": "Ok."
        }
    },
    {
        "20240219": {
            "value": "Fff"
        }
    },
    {
        "20240219": {
            "value": "Hi"
        }
    },
    {
        "20240219": {
            "value": "Nljhgfvvgg"
        }
    },
    {
        "20240219": {
            "value": "Hi here"
        }
    },
    {
        "20240219": {
            "value": "Fff"
        }
    },
    {
        "20240219": {
            "value": "Hehe"
        }
    },
    {
        "20240219": {
            "value": "Test post :D"
        }
    },
    {
        "20240219": {
            "value": "#AweAlcea\r\n\r\nI did it, it works \ud83d\udc9d",
            "hashtags": "AweAlcea"
        }
    },
    {
        "20240218": {
            "value": "#CurrListeningAlcea\r\nYugioh 5D&#39;s ENDING 5 Plastic Tree - Future Colours HQ LYRICS &amp; DOWNLOAD\r\nhttps:\/\/www.youtube.com\/watch?v=Ia_kgRcB7Vc",
            "hashtags": "CurrListeningAlcea, 39"
        }
    },
    {
        "20240218": {
            "value": ":funnybunny: what a #interesting #day \r\n\ud83d\ude0d #HappyCea",
            "hashtags": "interesting, day, HappyCea"
        }
    },
    {
        "20240218": {
            "value": ":blobcatdj: thats the post :D"
        }
    },
    {
        "20240218": {
            "value": "https:\/\/www.pixiv.net\/artworks\/115988887\r\n#DoodlesAlcea",
            "hashtags": "DoodlesAlcea"
        }
    },
    {
        "20240218": {
            "value": "Lovely #image #test #AweAlcea\r\n\r\nhttps:\/\/ibb.co\/cw2YqLb\r\nhttps:\/\/i.ibb.co\/G9CHmTs\/1707717518040.jpg",
            "hashtags": "image, test, AweAlcea"
        }
    },
    {
        "20240218": {
            "value": "Test post\r\n#for #testing #4purposes\r\n\r\nHehe https:\/\/alceawis.de",
            "hashtags": "for, testing, 4purposes"
        }
    },
    {
        "20240218": {
            "value": "#CurrListeningAlcea\r\nHow to Write a NieR Song\r\nhttps:\/\/www.youtube.com\/watch?v=6R8EdPvX0ZY",
            "hashtags": "CurrListeningAlcea"
        }
    },
    {
        "20240218": {
            "value": "I love #music so much .\r\nBest thing ever \ud83d\ude3a",
            "hashtags": "music"
        }
    },
    {
        "20240218": {
            "value": "#CurrListeningAlcea\r\nJack Atlas - Battle Theme (Japanese)\r\nhttps:\/\/www.youtube.com\/watch?v=ibHU7K2mnVg",
            "hashtags": "CurrListeningAlcea"
        }
    }
]
