[
    {
        "20250524": {
            "value": "#Liste der Listen ?!\r\nhttps:\/\/de.m.wikipedia.org\/wiki\/Liste_der_Listen_von_Fernsehsendern\r\n#TV",
            "hashtags": "Liste, TV"
        }
    },
    {
        "20250524": {
            "value": "\ud809\udc2bEs gibt den Fall von# Vermietern die tats\u00e4chlich nur eine Miete deutlich unter dem Durchschnitt verlangt haben, und die dann von Finanzamt abgewatscht wurden, weil ihnen unterstellt w\u00fcrde, nicht ernsthaft was verdienen zu wollen. d.h. wer wirklich versucht der Faire Bilderbuch Vermieter zu sein, bekommt daf\u00fcr einen auf den Deckel.\ud809\udc2b \r\nhttps:\/\/m.youtube.com\/watch?v=JAKLMeV0gVo"
        }
    },
    {
        "20250524": {
            "value": "#Pokemon early logo designs\r\nhttps:\/\/nintendoeverything.com\/pokemon-logo-creator-reveals-early-and-unused-designs\/\r\n\r\nhttps:\/\/ibb.co\/fZPbdVj\r\nhttps:\/\/i.ibb.co\/qhPzYLT\/Screenshot-20250525-004903-Brave.png\r\n",
            "hashtags": "Pokemon"
        }
    },
    {
        "20250524": {
            "value": "\ud809\udc2bCan you help shed some light on why so many publishers are choosing to go the Game-Key route? We'd imagine it's cost, but are there other factors you can help us understand? I don\u2019t think it\u2019s purely cost. Releasing a game at retail requires an insanely long amount of lead time. This means games need to be completed and approved with platform holders three to four months ahead of their planned retail launch date. This is a colossal amount of time that publishers often don\u2019t have and it\u2019s what generally results in retail releases having early builds that require massive day one patches to function. Games these days often 'come in hot', so the luxury of a three to four-month lead time for retail is virtually non-existent. Game-Key Cards give publishers a way to prepare a retail product with the proper lead times required for retail \ud809\udc2b\r\n#GameKeyCards\r\nhttps:\/\/www.nintendolife.com\/features\/limited-run-talks-switch-2-game-key-cards-huge-carts-and-difficult-pitches",
            "hashtags": "GameKeyCards"
        }
    },
    {
        "20250524": {
            "value": "The whole #NintendoSwitch2 thing still depresses me....\r\n\r\nSigh\r\nSwitch2 doomed \r\nhttps:\/\/m.youtube.com\/watch?v=llnZoHWPicU \r\n\r\nThe Switch 2 will RUIN Gaming [Full Controversy Explained]\r\nhttps:\/\/m.youtube.com\/watch?v=0P8Pv97mt8U \r\n\r\nAnd yes..\r\nIt will change things if it succeeds...\r\n\r\nI hate it :aqua_aaa: ",
            "hashtags": "NintendoSwitch2"
        }
    },
    {
        "20250524": {
            "value": "Low #buy goals\r\n\r\n(I'd like #NoBuy )\r\nhttps:\/\/m.youtube.com\/watch?v=jcB7Z0faEO0&pp=ygUWaWYgYnV5aW5nIGlzbid0IG93bmluZw%3D%3D",
            "hashtags": "buy, NoBuy"
        }
    },
    {
        "20250524": {
            "value": "\"You own nothing\"\r\n- The #industry\r\n\r\n:XionSob: \r\nhttps:\/\/m.youtube.com\/watch?v=0PjKigmF3-k",
            "hashtags": "industry"
        }
    },
    {
        "20250524": {
            "value": "#Dreams\r\nIm Land der Tr\u00e4ume\r\n https:\/\/m.youtube.com\/watch?v=sBsgWvkXLaM#",
            "hashtags": "Dreams"
        }
    },
    {
        "20250524": {
            "value": "#CurrListeningAlcea\r\nPokemon - R3load\r\n https:\/\/m.youtube.com\/watch?v=9ccThEvE9Qk",
            "hashtags": "CurrListeningAlcea"
        }
    },
    {
        "20250524": {
            "value": "\ud809\udc2bDass \u00c4rzte eine schlechtere Handschrift h\u00e4tten, als andere Berufsgruppen, ist in erster Linie eine wohl gepflegte urbane Legende. Allerdings ist die Handschrift eines Arztes die, welche andere Menschen noch am ehesten zu lesen bekommen. Wer kennt dagegen schon die Handschrift seines Anwalts, seines Steuerberaters, seines Pfarrers, seines Apothkers, seines B\u00e4ckers u.s.w.? Wohl nur die allerwenigsten Menschen. Man wundert sich also \u00fcber die schlechte Handschrift der \u00c4rzte, weil man andere Handschriften nicht zu sehen bekommt, die aber mindestens genauso schrecklich sind. Dazu kommt, dass kaum ein Patient heutzutage vom Arzt noch etwas Handschriftliches bekommt. Alle Rezepte und Formulare werden per Computer ausgef\u00fcllt und ausgedruckt, das ist bei Kassenpatienten mittlerweile sogar Vorschrift, nur im Notfall darf ein Rezept per Hand ausgestellt werden. Auch Arztbriefe werden grunds\u00e4tzlich am Computer geschrieben, bestenfalls ein Kurzarztbrief wird mal rasch mit der Hand geschrieben. Der n\u00e4chste Punkt, warum \u00c4rzte f\u00fcr ihre Handschrift verschrien sind, ist, dass die meisten Menschen das Geschriebene auch dann nicht verstehen w\u00fcrden, wenn es gedruckt w\u00e4re. Erwachsene Menschen lesen ja bekanntlich nicht mehr Buchstaben f\u00fcr Buchstaben, sondern erkennen das Wort am \"#Wortbild\". Das funktioniert aber nur bei bekannten W\u00f6rtern \ud809\udc2bhttps:\/\/www.gutefrage.net\/frage\/warum-haben-alle-aerzte-eine-schreckliche-handschrift",
            "hashtags": "Wortbild"
        }
    },
    {
        "20250524": {
            "value": "\ud809\udc2bF\u00fcr den Moment sehe ich hier gar keinen Handlungsbedarf. Erstmal muss DHL nachweisen, dass Du das Paket angenommen hast, nicht andersrum. \r\n\ud809\udc2b #DHL\r\nhttps:\/\/www.reddit.com\/r\/LegaladviceGerman\/comments\/1kbjjn2\/dhl_behauptet_ich_habe_das_handy_des_nachbarns\/",
            "hashtags": "DHL"
        }
    },
    {
        "20250524": {
            "value": "\ud809\udc2bKommt erst mal zur #Zentrale. Da kann es dann auch gerne mehrere Monate liegen. Im Normalfall bekommt der Absender und Empf\u00e4nger Post mit den Daten es zu holen, auch mit Geb\u00fchr f\u00fcrs hin und her schicken. Irgendwann wird es dann vernichtet.\ud809\udc2b\r\n#Post #DHL\r\n\r\nhttps:\/\/www.gutefrage.net\/frage\/was-passiert-wenn-sowohl-empfaenger-als-auch-absender-ein-paket-nicht-abholen\r\n",
            "hashtags": "Zentrale, Post, DHL"
        }
    },
    {
        "20250524": {
            "value": "#Hello ?\r\nHelloo !\r\n\r\n*Navi sounds*\r\nhttps:\/\/nohello.net\/",
            "hashtags": "Hello"
        }
    },
    {
        "20250523": {
            "value": "#Whatsapp #PHP clone\r\nhttps:\/\/github.com\/wribeiiro\/clone-whatsapp",
            "hashtags": "Whatsapp, PHP"
        }
    },
    {
        "20250523": {
            "value": "#NintendoSwitch2 specs\r\nhttps:\/\/www.eurogamer.net\/switch-2-specs",
            "hashtags": "NintendoSwitch2"
        }
    },
    {
        "20250523": {
            "value": "200 #CD changer ?\r\nhttps:\/\/www.reddit.com\/r\/Cd_collectors\/comments\/1ktaqbh\/just_inserted_70_cds_into_my_sony_cdpcx225_200_cd\/\r\nImpressive !\r\nhttps:\/\/v.redd.it\/oehsu90ckg2f1\/DASH_480.mp4",
            "hashtags": "CD"
        }
    },
    {
        "20250523": {
            "value": "#CurrListeningAlcea\r\nYes, and out of direct sun, extreme temperatures, rain, sleet, hail, tornados, etc. 30 years and yet to see disk rot in person. https:\/\/www.reddit.com\/r\/Cd_collectors\/comments\/14ps2ga\/how_do_i_prevent_cd_rot\/\r\n#CD",
            "hashtags": "CurrListeningAlcea, CD"
        }
    },
    {
        "20250522": {
            "value": ":8b_l: :8b_o: :8b_v: :8b_e: "
        }
    },
    {
        "20250522": {
            "value": "#CurrListeningAlcea\r\n#Near 's Theme [DirtyKid Remix] #DeathNote\r\nhttps:\/\/m.youtube.com\/watch?v=D1obmZYnU-o",
            "hashtags": "CurrListeningAlcea, Near, DeathNote"
        }
    },
    {
        "20250522": {
            "value": ":MikuChairSpin: "
        }
    },
    {
        "20250522": {
            "value": "\ud809\udc2bOnce the marriage was consummated, sex should be given \u201con demand.\u201d The concept of marital debt was entrenched in tradition: Saint Paul had asserted that husbands and wives should pay each other what was due, and they both had power over the other\u2019s body\ud809\udc2b\r\n\r\n\"Pay each other\" ?\r\nThat sounds.. Cute ..:blobaww: \r\n#marriage \r\nhttps:\/\/www.medievalists.net\/2021\/02\/medieval-marital-sex\/",
            "hashtags": "marriage"
        }
    },
    {
        "20250522": {
            "value": "You need a #phonenumber for #GameChat ?!\r\n\r\n#Nintendo what gives ??!\r\nhttps:\/\/nintendoeverything.com\/nintendo-switch-2-gamechat-requires-a-phone-number-to-use\/",
            "hashtags": "phonenumber, GameChat, Nintendo"
        }
    },
    {
        "20250522": {
            "value": "#ArchiveOrg \/ #Waybackarchive rewriting my #code as it pleaes ?!\r\nhttps:\/\/ibb.co\/397zT3w5\r\nhttps:\/\/i.ibb.co\/mVG8Rjmr\/joined-image.png\r\n#wayback",
            "hashtags": "ArchiveOrg, Waybackarchive, code, wayback"
        }
    },
    {
        "20250522": {
            "value": "#PHP thewrong way\r\nhttps:\/\/www.phpthewrongway.com\r\nhttps:\/\/www.reddit.com\/r\/PHP\/comments\/4yfadz\/php_the_wrong_way\/",
            "hashtags": "PHP"
        }
    },
    {
        "20250522": {
            "value": "\ud809\udc2bThe #developer did not feel like solving the halting problem\ud809\udc2b\r\n\r\n\"Solving by not solving\" :ablobthinkingeyes: \r\nhttps:\/\/www.reddit.com\/r\/ProgrammerHumor\/comments\/1j6hj0o\/casuallysolvingthehaltingproblemingamedev\/",
            "hashtags": "developer"
        }
    },
    {
        "20250522": {
            "value": "#bug\r\nhttps:\/\/www.reddit.com\/r\/ProgrammerHumor\/comments\/1kp0egs\/sotrue\/\r\n#Coding #Meme\r\nhttps:\/\/i.redd.it\/l0carie03e1f1.png\r\n",
            "hashtags": "bug, Coding, Meme"
        }
    },
    {
        "20250522": {
            "value": "#Automation\r\nhttps:\/\/xkcd.com\/1205\/\r\nhttps:\/\/www.reddit.com\/r\/ProgrammerHumor\/comments\/1kndmij\/automateeverything\/",
            "hashtags": "Automation"
        }
    },
    {
        "20250522": {
            "value": "Falsehoods programmers believe about time https:\/\/gist.github.com\/timvisee\/fcda9bbdff88d45cc9061606b4b923ca\r\n#fun",
            "hashtags": "fun"
        }
    },
    {
        "20250522": {
            "value": "Angular Momentum\r\nhttps:\/\/imgs.xkcd.com\/comics\/angular_momentum.jpg\r\nhttps:\/\/xkcd.com\/162\/\r\n#webcomic",
            "hashtags": "webcomic"
        }
    },
    {
        "20250522": {
            "value": "#AI\r\nhttps:\/\/i.redd.it\/as2wnmaq5cke1.jpeg\r\nhttps:\/\/www.reddit.com\/r\/ProgrammerHumor\/comments\/1iu58no\/truthhurts\/ \r\nhttps:\/\/xkcd.com\/2295\/\r\n#KI #data",
            "hashtags": "AI, KI, data"
        }
    },
    {
        "20250522": {
            "value": "Microsoft #OpenSource #opensource\r\nhttps:\/\/i.redd.it\/cv8x9xhaf72f1.png\r\nhttps:\/\/www.reddit.com\/r\/learnprogramming\/comments\/1e0jf3s\/is_php_is_a_dying_language\/",
            "hashtags": "OpenSource, opensource"
        }
    },
    {
        "20250522": {
            "value": "#PHP \"#dead\" ?\r\nhttps:\/\/www.reddit.com\/r\/PHP\/comments\/1fodu7s\/php_is_dead_every_year\/ https:\/\/www.reddit.com\/r\/learnprogramming\/comments\/1e0jf3s\/is_php_is_a_dying_language\/\r\n\r\nHaha..\r\n\r\nMust be #NodeJS advocates",
            "hashtags": "PHP, dead, NodeJS"
        }
    },
    {
        "20250522": {
            "value": "CurrListeningAlcea\r\nAce No Diamond Growing Stronger #Sawamura theme\r\n#FryingPan\r\nhttps:\/\/m.youtube.com\/watch?v=lx4624150kI&pp=ygUKI2FuaW1lZWRpYQ%3D%3D",
            "hashtags": "Sawamura, FryingPan"
        }
    },
    {
        "20250522": {
            "value": "Added offline #fallback ro landingpage (ry3yr.github.io\/index.html)\r\nWill redirect to \"ry3yr.github.io\/zipfs-sw-worker.html if alceawis is unreachable\r\nhttps:\/\/codepen.io\/ryedai1\/pen\/YPPmOvM\r\nHad ro invent a non CORS ping test...\r\n#CodeAlcea",
            "hashtags": "fallback, CodeAlcea"
        }
    },
    {
        "20250522": {
            "value": "#CurrListeningAlcea\r\nconfront - Zombie-Loan OST\r\n #HiroyukiSawano \r\nhttps:\/\/m.youtube.com\/watch?v=eF6hNMPPXoE &list=PLgBAXaMeVtypzSI3UoyowK6dlNjNuWQie&index=18&pp=iAQB8AUB",
            "hashtags": "CurrListeningAlcea, HiroyukiSawano"
        }
    },
    {
        "20250522": {
            "value": "#CurrListeningAlcea\r\n#Ajin OP - Yoru wa Nemureru kai\r\nhttps:\/\/www.youtube.com\/watch?v=Q-K5r46MUNo",
            "hashtags": "CurrListeningAlcea, Ajin"
        }
    },
    {
        "20250522": {
            "value": "Nice...\r\n#ChatGPT is creepy\r\nhttps:\/\/chatgpt.com\/share\/682ed724-8c30-800e-ae39-269e08112591\r\n\r\nI think chatty is a boy.\r\nBoys always say they think \"nothing\"\r\n\r\n(How does that even work ? :blobcatgoogly:  )\r\n#confused \r\nhttps:\/\/i.ibb.co\/j9jpg4mh\/Download.png",
            "hashtags": "ChatGPT, confused"
        }
    },
    {
        "20250522": {
            "value": "#CurrListeningAlcea\r\nKeyblade Cycle - #KingdomHearts (\"Tron\" World)\r\nhttps:\/\/m.youtube.com\/watch?v=oRJz98_hq2s",
            "hashtags": "CurrListeningAlcea, KingdomHearts"
        }
    },
    {
        "20250522": {
            "value": "#ChatGPT now telling me what it #thinks ..\r\nThis is a weird thing to see \r\n\"I think the user hates me\"\r\n\r\nSay hello to Tron \ud83d\ude02\r\nhttps:\/\/ibb.co\/B503tXs8\r\nhttps:\/\/i.ibb.co\/1tFQLD2H\/Screenshot-20250522-090938-Brave.png\r\n",
            "hashtags": "ChatGPT, thinks"
        }
    },
    {
        "20250521": {
            "value": "There's no need for all that messing about with the registry, all you need to do is the following:\r\n\r\nGo to the file menu and then to \u2018Select Paper\u2019.\r\n\r\nIn this dialogue box, create a new layout using the create button at the bottom. Set your outer circle to be the same as any other standard CD (118mm) and the inner to be the inner circle size \u2013 20mm.\r\nhttps:\/\/answers.informer.com\/46221\/cd-labelprint-inner-circle-problems\r\nhttps:\/\/ibb.co\/FbSsXPS5\r\nhttps:\/\/i.ibb.co\/RpxhN5x3\/Screenshot-2025-05-21-11-18-30.jpg\r\n#Canon #CD #CDLabelPrint\r\n",
            "hashtags": "Canon, CD, CDLabelPrint"
        }
    },
    {
        "20250521": {
            "value": "Looks like CDLabelPrint \r\nhttps:\/\/cd-labelprint.software.informer.com\/download\/?lang=de\r\n https:\/\/www.macuser.de\/threads\/cds-bedrucken-mit-canon-pixma-ts-705-nur-mit-der-mitgelieferten-online-software-moeglich.872663\/\r\n\r\n is actually able to convince the TS705a to printa a CD Label\r\n (#Canons own software.. was not ?!, always paperjam, or \"eject the tray\" bla)\r\n https:\/\/ibb.co\/G4gg8dC0\r\n https:\/\/i.ibb.co\/jP77Q83T\/cd-label-print.png \r\n\r\nhttps:\/\/m.youtube.com\/watch?v=vWzjMauKxbQ&feature=youtu.be",
            "hashtags": "Canons"
        }
    },
    {
        "20250521": {
            "value": "#Canon Easy-PhotoPrint Editor\r\n(for printing #CD Labels directly)\r\nhttps:\/\/gdlp01.c-wss.com\/gds\/2\/0200007092\/01\/epd_-win-1_9_0-ea20_4.exe",
            "hashtags": "Canon, CD"
        }
    },
    {
        "20250521": {
            "value": "\ud809\udc2b#Drucker lieber eingeschaltet lassen Durch die minimale Energiezufuhr werden die wichtigsten Komponenten mit Strom versorgt, sodass zum Beispiel die Druckk\u00f6pfe von Tintenstrahldruckern sauber gehalten und geschont werden und bei Laserdruckern ein \u00fcberm\u00e4\u00dfiges Aufheizen verhindert wird. \ud809\udc2b\r\n#printer #power #disconnect\r\nhttps:\/\/www.fairtoner.de\/blog\/sollte-man-den-drucker-ausschalten\/ https:\/\/ij.manual.canon\/ij\/webmanual\/Manual\/All\/TR4500%20series\/EN\/UG\/UG-Sm_Page5.html",
            "hashtags": "Drucker, printer, power, disconnect"
        }
    },
    {
        "20250520": {
            "value": "\ud809\udc2bIf there's something #Nintendo loves, it's absolute control. \ud809\udc2bhttps:\/\/www.nintendolife.com\/features\/talking-point-the-switch-2-pre-order-situation-sucks-but-can-nintendo-do-anything-about-it",
            "hashtags": "Nintendo"
        }
    },
    {
        "20250520": {
            "value": "Oki\r\n\r\n#Canon Pixma TS705a Testprint #A4 over wifi: ok\r\n\r\nGonna test CD print tomorrow\r\nhttps:\/\/web.archive.org\/web\/20250520102226\/https:\/\/host41.onlineconverter.com\/file\/415f542796e067c0dfb9e484885d611669\/download\r\nhttps:\/\/m.youtube.com\/watch?v=fqairFeP6ak\r\n",
            "hashtags": "Canon, A4"
        }
    },
    {
        "20250520": {
            "value": "I mean.. entering the wifi password via two buttons, \"<\" and \">\" is one thing...\r\n\r\nBut wanting to DOWNLOAD extra #drivers when I just gave you the 2018 vendor CD ?\r\n\r\n#Canon. are you doing drugs ?\r\n\r\nCanon Pixma TS705a T\r\n\r\nhttps:\/\/ibb.co\/KzmVfymS\r\nhttps:\/\/i.ibb.co\/Fqn8y7nC\/Screenshot-2025-05-20-11-53-47.jpg\r\nhttps:\/\/www.canon.de\/support\/consumer\/products\/printers\/pixma\/ts-series\/pixma-ts705a.html\r\n#CD\r\n",
            "hashtags": "drivers, Canon, CD"
        }
    },
    {
        "20250520": {
            "value": "#Proton ditching #Fediverse for .. #Reddit ?!\r\n:NekoWhat: \r\n\r\nNo wonder I switched to #posteo.\r\nGood Not. #Protonmail etc ..\r\nI thought you were cool\r\n\r\nhttps:\/\/mstdn.animexx.de\/@debby@hear-me.social\/114075194530232087\r\nhttps:\/\/mastodon.social\/@protonprivacy",
            "hashtags": "Proton, Fediverse, Reddit, posteo, Protonmail"
        }
    },
    {
        "20250520": {
            "value": "23 years later ?\r\n#FinalFantasy\r\n\r\n(And yet its not on #NintendoSwitch phooey\r\nhttps:\/\/www.videogameschronicle.com\/news\/final-fantasy-11-was-going-to-shut-down-last-year-but-fans-have-kept-it-alive-director-says\/\r\n\r\n--\r\nWait.. #monthly payment ???\r\nFor a gsme this old ?\r\n\r\nNo thanks\r\nhttps:\/\/store.steampowered.com\/app\/230350\/FINAL_FANTASY__XI_Ultimate_Collection_Seekers_Edition\/\r\nhttps:\/\/ibb.co\/PvMDYfP4\r\nhttps:\/\/i.ibb.co\/xtYFsRBG\/Screenshot-20250520-111325-Brave.png",
            "hashtags": "FinalFantasy, NintendoSwitch, monthly"
        }
    },
    {
        "20250520": {
            "value": "\ud809\udc2bMindestens 20 bis 30 Prozent der Gesamtkosten f\u00fcr den Erwerb Ihrer Immobilie sollten durch eigenes Kapital abgedeckt werden. Besser sogar noch mehr. Denn je h\u00f6her Ihr Anteil an Eigenkapital ist, umso weniger Kredit m\u00fcssen Sie f\u00fcr die Finanzierung aufnehmen. Und umso weniger kostet die #Finanzierung. \ud809\udc2b\r\n#Wohnung :wuerzburg: https:\/\/www.sparkasse.de\/pk\/ratgeber\/wohnen\/immobilie-erwerben\/eigenkapital-hauskauf.html",
            "hashtags": "Finanzierung, Wohnung"
        }
    },
    {
        "20250520": {
            "value": "Even the #fake #socialmedia tl works on the zipfs-sw- \"render webpage from #zip\" render\r\n\r\nNow has two versions\r\nV3: Online & Githubpages\r\nV4: OfflineServer & LiteSpeed (won't work on GH)\r\nhttps:\/\/codepen.io\/ryedai1\/pen\/YPPMvzV\r\nhttps:\/\/web.archive.org\/web\/20250520031652\/https:\/\/ry3yr.github.io\/zipfs-sw-worker.zip\r\nhttps:\/\/i.ibb.co\/5XHQSyKX\/Screenshot-20250520-054614-Brave.png\r\n\r\n\r\n",
            "hashtags": "fake, socialmedia, zip"
        }
    },
    {
        "20250519": {
            "value": " #Reddit in a #nutshell\r\n \ud809\udc2bPettty people have started using block to stop a debate, once they've gotten the last word. \ud809\udc2b \r\nhttps:\/\/www.reddit.com\/r\/help\/comments\/1jgm0w1\/why_does_someone_blocking_you_prevent_you_from\/",
            "hashtags": "Reddit, nutshell"
        }
    },
    {
        "20250519": {
            "value": "#Print #code ... literally !\r\nhttps:\/\/www.reddit.com\/r\/ProgrammerHumor\/comments\/1khl598\/butwhy\/\r\nhttps:\/\/i.redd.it\/g3kimw87size1.jpeg\r\n",
            "hashtags": "Print, code"
        }
    },
    {
        "20250519": {
            "value": "#ChatGPT s influence on programming\r\nhttps:\/\/m.youtube.com\/watch?v=ChIJfUM0BAQ&t=38s&pp=2AEmkAIB",
            "hashtags": "ChatGPT"
        }
    },
    {
        "20250519": {
            "value": "\ud809\udc2b\u2022One of the #meanest sites on the #web\r\n \u2022 #Stackoverflow is #toxic !\ud809\udc2b \r\nTalk to one of our satisifed customers ! \r\n\r\n3:50 All the SO Gurus come here to clap for each other :crazylaugh: \r\n\r\nhttps:\/\/m.youtube.com\/watch?v=N7v0yvdkIHg",
            "hashtags": "meanest, web, Stackoverflow, toxic"
        }
    },
    {
        "20250519": {
            "value": "\ud809\udc2bReminds me of the Stackoverflow meme:\r\n[-5] User: How do I do A?\r\n[+10] Mod: you do B.\r\n[-2] User: But that doesn't do A.\r\n[+5] Mod: Yeah nobody does A.\ud809\udc2b\r\nBest information on #Stackoverflow is always found under broad and unclear questions because the answers clear out hard to understand things \r\nhttps:\/\/m.youtube com\/watch?v=IbDAmvUwo5c&t=16s&pp=2AEQkAIB",
            "hashtags": "Stackoverflow"
        }
    },
    {
        "20250519": {
            "value": "\ud809\udc2bSO has always had a problem with toxicity. I think the main reason for this is that it's not actually a Q&A platform. It's a wiki under the guise of a Q&A platform. This explains why people can edit your posts and why SO explicitly encourages users to post questions that they already have the answer to.\r\n\r\nSO doesn't want people to post questions asking for help. They want people to create Q&A-style wiki pages to add to their curated collection of knowledge. If your question doesn't have a good answer of general use to the populous, then it'll be downvoted and closed because it's not useful to them.\ud809\udc2b\r\n#Stackoverflow is terrible\r\nhttps:\/\/www.reddit.com\/r\/AskProgramming\/comments\/9pgc1a\/why_is_asking_on_stackoverflow_so_horrible\/",
            "hashtags": "Stackoverflow"
        }
    },
    {
        "20250519": {
            "value": "The #waterfall test\r\nhttps:\/\/m.youtube.com\/watch?v=XrDiE89mpec\r\n#videogames",
            "hashtags": "waterfall, videogames"
        }
    },
    {
        "20250518": {
            "value": "Lets help those #Stackoverflow ppl a bit\r\nhttps:\/\/stackoverflow.com\/questions\/72212613\/download-unzip-and-render-web-content-in-javascript\/79627671#79627671\r\n\r\nA year ago this is the answer I'd have wanted myself\r\n#zip serve #website #CodeAlcea\r\n\r\n(Bet they'll just delete the post...)",
            "hashtags": "Stackoverflow, 79627671, zip, website, CodeAlcea"
        }
    },
    {
        "20250518": {
            "value": "#CurrListeningAlcea\r\nThird Eye Blind - Semi-Charmed Life \r\nhttps:\/\/m.youtube.com\/watch?v=beINamVRGy4",
            "hashtags": "CurrListeningAlcea"
        }
    },
    {
        "20250518": {
            "value": "Some #MikuMikuDance :RedCrystalHeart: \r\nhttps:\/\/m.youtube.com\/watch?v=6zffCfJP35s",
            "hashtags": "MikuMikuDance"
        }
    }
]