[
    {
        "20240303": {
            "value": "Some of these #mockup yugioh cards are pretty good\r\n\r\nhttps:\/\/www.deviantart.com\/brendanco\/gallery",
            "hashtags": "mockup"
        }
    },
    {
        "20240303": {
            "value": "#AnotherCodeRecollection \/ #AnotherCode https:\/\/vgmdb.net\/release\/22347",
            "hashtags": "AnotherCodeRecollection, AnotherCode"
        }
    },
    {
        "20240303": {
            "value": "Add some white #hair dye and you'd have the EaSieSt #cosplay  ever.\r\n\r\n*Adds to bookmarks*\r\n\r\n(I hate her pants tho.)\r\n\r\nWhere did my old ones vanish to anyways ?\r\nI had a. darkgreen and darkred checkered one hmmm......\r\n#StuffAlcea\r\nhttps:\/\/ibb.co\/Rvb2M9x\r\nhttps:\/\/i.ibb.co\/gj9yX35\/Screenshot-20240303-103719-Brave.png\r\n\r\n\r\n",
            "hashtags": "hair, cosplay, StuffAlcea"
        }
    },
    {
        "20240303": {
            "value": "#CurrListeningAlcea\r\nAnother Code R OST: 30 Magic Mirror\r\nhttps:\/\/www.youtube.com\/watch?v=vB1gIvh6mJ4",
            "hashtags": "CurrListeningAlcea"
        }
    },
    {
        "20240303": {
            "value": ":AshNotAmused: "
        }
    },
    {
        "20240303": {
            "value": "Dang.\r\n\r\nThe #second #anothercoderecollection game sure ...\r\nHas a start ?!\r\n\r\nWow.\r\n\r\nAnd I miss #Ashley s #jeans ...\r\nHer #hotpants are too short.\r\n\r\nLove her woodchucker thingy tho.\r\n\r\nAnd [spoiler] ?\r\nI need to replay the Wii version again.\r\nThey DeFinItElY changed something...\r\n\r\n(I might end up liking D from FM more ...\r\nWhich is odd .. I loooved [spoiler] in the wii version.\r\nNow he is just a thief ?! :NekoWhat:\r\n\r\nArgh !!!!!!\r\n#StuffAlcea #GameAlcea",
            "hashtags": "second, anothercoderecollection, Ashley, jeans, hotpants, StuffAlcea, GameAlcea"
        }
    },
    {
        "20240302": {
            "value": "Can #someone tell me what kind of #issue #SquareEnix has with Zack ?\r\n\r\n\u2022 #BirthBySleep : Gets #pssessed and pummled by #Terra\r\n\u2022 #CrisisCore : #No #Comment *sob*\r\n\u2022 #FFVII REBIRTH: WHAT ?!\r\n\r\nWhy do theyhate on him so much ?\r\nHe is such a nice one and they ..?!\r\n#RamblingsAlcea",
            "hashtags": "someone, issue, SquareEnix, BirthBySleep, pssessed, Terra, CrisisCore, No, Comment, FFVII, RamblingsAlcea"
        }
    },
    {
        "20240302": {
            "value": "Waiiit.\r\n\r\n#CurrListeningAlcea\r\nWeight of the World\/Nouveau-FR Version\r\nhttps:\/\/www.youtube.com\/watch?v=cRSHvbu1UK4\r\n\r\nHas #extra #instruments on the right side ??\r\n\r\n(My #attention is weird lately.\r\nWhy do I notice stuff I never do...)",
            "hashtags": "CurrListeningAlcea, extra, instruments, attention"
        }
    },
    {
        "20240302": {
            "value": "Trying some more #resolving\r\n\r\nLbservatioons\r\n\u2022 #Misskey and friends can be  resolved as long as thgey are pre ran by the target #instance\r\n\u2022  WTF are #twitter #links doing in my tl ????\r\n\r\n#CodeAlcea (This is the best code i have ever written yay)\r\nhttps:\/\/www.youtube.com\/watch?v=Cd0D7yAG3ZM\r\nhttps:\/\/codepen.io\/ryedai1\/pen\/NWJoeRW\r\n",
            "hashtags": "resolving, Misskey, instance, twitter, links, CodeAlcea"
        }
    },
    {
        "20240302": {
            "value": "Looks like #Brave only saves #Cookies when I:\r\n\u2022 open site\r\n\u2022 #login \r\n\u2022 change to different tab\r\n\u2022 close logged in one\r\n\u2022 (reopen site to see if still logged in ?)\r\n\u2022 close brave\r\n\r\nWow.\r\nBrave really hates cookies.\r\nNot as much as #Google , but still #wow \r\n#Anti #Cookie #Webbrowser #RamblingsAlcea",
            "hashtags": "Brave, Cookies, login, Google, wow, Anti, Cookie, Webbrowser, RamblingsAlcea"
        }
    },
    {
        "20240302": {
            "value": "#CurrLiseningAlcea \r\n* Concentration \\ #Programming Music 010 (part 2) \r\nhttps:\/\/www.youtube.com\/watch?v=pmxYePDPV6M",
            "hashtags": "CurrLiseningAlcea, Programming"
        }
    },
    {
        "20240302": {
            "value": "#CurrListeningAlcea \r\n* Fellow Citizens - #ErgoProxy \r\nhttps:\/\/www.youtube.com\/watch?v=sxgYqAoK64Y&list=PLC8E70485AAE8D5B7&index=18",
            "hashtags": "CurrListeningAlcea, ErgoProxy"
        }
    },
    {
        "20240301": {
            "value": "Hah.\r\n\r\nShameless self promotion.\r\n\r\nOne of ingame #hints of #AnotherCode Recollection mention \"#KyleHyde\"\r\n\r\nYou better know what to do #Nintendo \ud83d\ude3b",
            "hashtags": "hints, AnotherCode, KyleHyde, Nintendo"
        }
    },
    {
        "20240301": {
            "value": "#CurrListeningAlcea \r\n#Inazuma11 OST 1 - Stand in a Circle (Anime Ver.)\r\nhttps:\/\/www.youtube.com\/watch?app=desktop&v=3ho7uCUNEBc",
            "hashtags": "CurrListeningAlcea, Inazuma11"
        }
    },
    {
        "20240301": {
            "value": "The three #stages of #despair\r\n\r\nhttps:\/\/ibb.co\/9VdTzGh\r\nhttps:\/\/i.ibb.co\/YyVkYbX\/Screenshot-20240301-151544-FX.png\r\n\r\n#Cache my #mortal #nemesis !\r\n#FixedCodeAlcea",
            "hashtags": "stages, despair, Cache, mortal, nemesis, FixedCodeAlcea"
        }
    },
    {
        "20240229": {
            "value": "I have been #training #secretly :D\r\n#NieRAutomata\r\nhttps:\/\/pb.todon.de\/system\/media_attachments\/files\/112\/014\/895\/850\/976\/368\/original\/aeb0109fc89184a9.mp4",
            "hashtags": "training, secretly, NieRAutomata"
        }
    },
    {
        "20240229": {
            "value": "Open details tag (id) if keyword exists in url\r\n\r\n< script>\r\nwindow.addEventListener(\"DOMContentLoaded\", function() {\r\nvar url = window.location.href;\r\nvar keyword = \"instance\";\r\nif (url.indexOf(keyword) !== -1) {\r\nvar detailsElement = document.getElementById(\"mtd\");\r\ndetailsElement.setAttribute(\"open\", \"true\");\r\n}\r\n});\r\n<\/script>\r\n\r\n< details id=\"mtd\"><\/details>\r\n#CodeAlcea",
            "hashtags": "CodeAlcea"
        }
    },
    {
        "20240229": {
            "value": "One weird thing the #BRAVE #Webbrowser has:\r\n\r\nIt will not relay #audio info to the #screenrecording .\r\n#Poweramp does.\r\n\r\nMaybe a wanted behaviour.\r\n\r\nI wonder why all #webbrowsers do behave different in a way ..\r\n\r\nAt least #javascriptlets work\r\n#StuffAlcea",
            "hashtags": "BRAVE, Webbrowser, audio, screenrecording, Poweramp, webbrowsers, javascriptlets, StuffAlcea"
        }
    },
    {
        "20240229": {
            "value": "Oiuchy #coffee too hot \ud83e\udee0",
            "hashtags": "coffee"
        }
    },
    {
        "20240229": {
            "value": "Just when I was about to #praise #pixiv s #ugoira upload , it flips up, rejects my perfect -no-issue - anigif and..\r\n\r\nI have to do the \"frame by frtame dance\"'\r\n\r\nFun.\r\nhttps:\/\/ibb.co\/JQ64PVW\r\nhttps:\/\/i.ibb.co\/3z6qH25\/Screenshot-20240229-023027-Opera.png\r\n#RamblingsAlcea\r\n",
            "hashtags": "praise, pixiv, ugoira, RamblingsAlcea"
        }
    },
    {
        "20240228": {
            "value": "Funny ..\r\n#iframe s will display a ugly \"404\" bugabuga when not working\r\n#object s gracefully vanish if unreachable\r\n\r\n< object type=\"text\/html\" data=\"url\r\n\" style=\"border:0px #ffffff none;\" name=\"statusit\" scrolling=\"no\" frameborder=\"0\" marginheight=\"0px\" marginwidth=\"0px\" height=\"23px\" width=\"1000px\" allowfullscreen><\/object>\r\n\r\nhttps:\/\/developer.mozilla.org\/en-US\/docs\/Web\/HTML\/Element\/object?retiredLocale=de\r\n\r\n#CodeAlcea",
            "hashtags": "iframe, object, ffffff, CodeAlcea"
        }
    },
    {
        "20240228": {
            "value": "Light_CT hats echt drauf\r\nhttps:\/\/www.pixiv.net\/en\/artworks\/115505926 \r\nhttps:\/\/www.pixiv.net\/en\/artworks\/114689958\r\n\r\nSoviel Detail ohne Farbe\r\n\ud83d\ude3b\r\nEchtes #Vorbild ",
            "hashtags": "Vorbild"
        }
    },
    {
        "20240228": {
            "value": "Haha\r\nhttps:\/\/ibb.co\/4Pvmxqx\r\nhttps:\/\/i.ibb.co\/pJV0p7p\/Screenshot-20240228-153653-Brave.png\r\n\r\nhttps:\/\/www.eurogamer.net\/nintendo-sues-switch-emulator-creator-for-facilitating-piracy-at-a-colossal-scale?view=comments\r\n#Yuzu",
            "hashtags": "Yuzu"
        }
    },
    {
        "20240228": {
            "value": "Wow configuring #PCSX2 for #SteamDeck is WEIRD !\r\n\u2022No #core on #RetroArch , so need to get the separate app\r\n\u2022Better config in desktopmode, so you see all folders ( #bios !!)\r\n\u2022 Don't think about playing in #desktop mode, even if you unset all hotkeys and configure all bindings correctly => keyboard etc will keep popping ujp\r\n\u2022 return to GameMode,need to reconfigure all keys (at least no stupid keyboard popups)\r\nThen you NEED the touchscreen to reconfigure\r\n\r\n#WTF ? #RamblingsAlcea",
            "hashtags": "PCSX2, SteamDeck, core, RetroArch, bios, desktop, WTF, RamblingsAlcea"
        }
    },
    {
        "20240228": {
            "value": "Dear #internet I wanna play #PS2 on my #SteamDeck !\r\n\r\nInternet: Ha .. Hhaha hahahahahahah !\r\n\r\nhttps:\/\/ibb.co\/bHPdY4Y\r\nhttps:\/\/i.ibb.co\/Q8fmhWh\/result.png",
            "hashtags": "internet, PS2, SteamDeck"
        }
    },
    {
        "20240228": {
            "value": "Hmm LP #FFVII (OG?) and #CrisisCore ?\r\n\r\nHmmmmmm......",
            "hashtags": "FFVII, CrisisCore"
        }
    },
    {
        "20240228": {
            "value": "Visual representation of how @alcea tackles problems : #HeadOn ..\r\nand very #stubborn \ud83d\ude39\r\nhttps:\/\/m.youtube.com\/watch?v=yEwpVMTsN90&feature=youtu.be\r\n\r\n(I don't even know what made me think I had a chance ha!)\r\n\r\nthis also is a perfect analogy for how #programming feels for me .....!\ud83e\udee0\r\n#GameAlcea",
            "hashtags": "HeadOn, stubborn, programming, GameAlcea"
        }
    },
    {
        "20240227": {
            "value": "#CurrListeningAlcea\r\nKalos Power Plant &amp; Pok\u00e9ball Factory (HQ) - Pok\u00e9mon X Y OST Extended\r\nhttps:\/\/www.youtube.com\/watch?v=SAPS1axIA_4",
            "hashtags": "CurrListeningAlcea"
        }
    },
    {
        "20240227": {
            "value": "Hmmm\r\nWasn't #DuskDiver supposed to be a collectors dream things ?\r\n\r\nSD2 looks nice enough\r\nhttps:\/\/www.dekudeals.com\/items\/dusk-diver-2\r\n#GameAlcea",
            "hashtags": "DuskDiver, GameAlcea"
        }
    },
    {
        "20240227": {
            "value": "#CurrListeningAlcea\r\n\u90fd Hold Me - (1999) ARINA - Arina Tanemura Original Image Song Album\r\nhttps:\/\/m.youtube.com\/watch?v=IFcbljJEMic&feature=youtu.be",
            "hashtags": "CurrListeningAlcea"
        }
    },
    {
        "20240227": {
            "value": "I find it kinda cute btw that ppl refer to #ChatGPT as \"robot\" \ud83d\ude3a",
            "hashtags": "ChatGPT"
        }
    },
    {
        "20240227": {
            "value": "\ud83e\udee0\r\nhttps:\/\/ibb.co\/ng9NSYF\r\nhttps:\/\/i.ibb.co\/4mznxXH\/Screenshot-20240227-080357-Poweramp.png\r\n#rote #songs",
            "hashtags": "rote, songs"
        }
    },
    {
        "20240226": {
            "value": "#Cute #bird !\r\n\r\nhttps:\/\/www.reddit.com\/r\/SteamDeck\/comments\/1b02v6a\/i_have_a_new_bitey_companion_for_my_steam_deck\/",
            "hashtags": "Cute, bird"
        }
    },
    {
        "20240226": {
            "value": ":02smile: "
        }
    },
    {
        "20240226": {
            "value": "#Observation:\r\n\r\nI don't get #excited for #videogames that often ....\r\nhttps:\/\/ibb.co\/YQ522WZ\r\nhttps:\/\/i.ibb.co\/C8jBBt2\/Screenshot-20240226-183451-Opera.png\r\n#StuffAlcea",
            "hashtags": "Observation, excited, videogames, StuffAlcea"
        }
    },
    {
        "20240226": {
            "value": "Ahhhh ?!!!\r\n\r\n#YokoShimomura is #composing for #Reynatis \r\n\r\n*runs around in circles excited*\r\n\r\n#HappyCea",
            "hashtags": "YokoShimomura, composing, Reynatis, HappyCea"
        }
    },
    {
        "20240226": {
            "value": "Why do my bankacc #value going up make me happy,\r\neven though I need #nothing atm ?\r\n\r\nMaybe I just #like #numbers going up ?\r\n\r\n#StuffAlcea #ConfusedCea",
            "hashtags": "value, nothing, like, numbers, StuffAlcea, ConfusedCea"
        }
    },
    {
        "20240226": {
            "value": "The real issue is, the cards were shuffled long before you were born"
        }
    },
    {
        "20240226": {
            "value": "Ngl #\u6df1\u753a\u840c\u8863 design might be most #complex ...\r\n\r\nI need more #conceptart of her\r\n#Reynatis #\u30ec\u30ca\u30c6\u30a3\u30b9 #DoodlesAlcea\r\nhttps:\/\/ibb.co\/0Jqh0Sb\r\nhttps:\/\/i.ibb.co\/5cTBQyH\/Screenshot-20240226-161716-ibis-Paint-X.png",
            "hashtags": "complex, conceptart, Reynatis, DoodlesAlcea"
        }
    },
    {
        "20240226": {
            "value": "Ccdfvcx"
        }
    },
    {
        "20240225": {
            "value": "#PlatinumGames has a #blog post about #NieRAutomata s #UI ?\r\nhttps:\/\/www.platinumgames.com\/official-blog\/article\/9624\r\n\r\n#AweAlcea",
            "hashtags": "PlatinumGames, blog, NieRAutomata, UI, AweAlcea"
        }
    },
    {
        "20240225": {
            "value": "Thats right 2B, gotta keep up #appearances ..\r\n\r\n\ud83d\ude48\r\n#NierAutomata\r\nhttps:\/\/nitter.holo-mix.com\/AlceaWisteria\/status\/1761738132482081153#m",
            "hashtags": "appearances, NierAutomata, m"
        }
    },
    {
        "20240225": {
            "value": "Looks like a friend for stux\r\nhttps:\/\/github.com\/Mugen87?tab=repositories"
        }
    },
    {
        "20240225": {
            "value": "Agreed\r\nhttps:\/\/glenthemes.tumblr.com\/post\/625444815695495168\/glenthemes-nierautomata-menu-ui-with-css-its\r\n\r\nStill kinda stuck with #NieRAutomata ..\r\n\r\nNot due to sadness,\r\nbut due to how much of a #brainflip ending P\r\n\"just corru[P]tion was\"\r\n\r\nIf not for \"E\" this would be the most depressing game ever\r\n..\r\nAnd that is saying something.. #BirthBySleep and 358\\2 Days had very much derpy already...\r\nhttps:\/\/www.youtube.com\/watch?v=1_3VgUD5GdU&t=2245s\r\n#SadCea",
            "hashtags": "NieRAutomata, brainflip, BirthBySleep, SadCea"
        }
    },
    {
        "20240225": {
            "value": "Because #javascript simply doesn't work sometimes (and mind you this code works for 3\\5 instances flawlessly but consistenly flips up on others):\r\n\r\nRewrite #code in #php :blobcatgooglypencil: \r\nTry again?\r\nWuzza \r\nIt works nao ??\r\n\r\nBut its the same request ?!!!\r\n\r\nWat.\r\n#ConfusedCea #NotReallyBrokenCodeAlcea #cUrl reigns supreme ?!\r\n\r\nhttps:\/\/youtu.be\/0E168GvtL0U\r\nhttps:\/\/alceawis.de\/mtdnotifications",
            "hashtags": "javascript, code, php, ConfusedCea, NotReallyBrokenCodeAlcea, cUrl"
        }
    },
    {
        "20240225": {
            "value": "2 #lines to embed a #mastodon #timeline ?\r\n\r\nHuh !\r\n\r\n<-a class=\"mastodon-feed\" href=\"https:\/\/pb.todon.de\/@alcea\" data-toot-limit=\"12\" data-exclude-replies=\"true\"><\/a>\r\n<script type=\"module\" src=\"https:\/\/esm.sh\/emfed@1\"><\/script>\r\n\r\n\r\n#AweAlcea",
            "hashtags": "lines, mastodon, timeline, AweAlcea"
        }
    },
    {
        "20240225": {
            "value": "#PSA \r\nhttps:\/\/webring.koinuko.pink\/members.php\r\n\r\nWill #close #today \r\n\r\nThis will be the #last day you can #sign up ..\r\n(You can edit your details still in the #future \r\n\r\nNow..\r\nWhen will #koinuko #opensource it *sob*\r\n#webring",
            "hashtags": "PSA, close, today, last, sign, future, koinuko, opensource, webring"
        }
    },
    {
        "20240224": {
            "value": "#CurrListeningAlcea\r\nBattle Programmer Shirase (\u30d0\u30c8\u30eb\u30d7\u30ed\u30b0\u30e9\u30de\u30fc\u30b7\u30e9\u30bb) | 2003 Full OST\r\nhttps:\/\/www.youtube.com\/watch?v=toRtN6BDvyA&t=1986s",
            "hashtags": "CurrListeningAlcea"
        }
    },
    {
        "20240224": {
            "value": "Weirdest #NintendoDS Mod ever\r\nhttps:\/\/www.ebay.de\/itm\/364751542448?itmmeta=01HQEMJMVCTBJC3MGMJMCCQ7SV&hash=item54ece2d8b0%3Ag%3AlB8AAOSw8Ihl2gjs&itmprp=enc%3AAQAIAAAA0KoYm7eWjKp6uTn627VIJojMeCXC080%2Fh4KYuOXREMm3dFHb0gb0maqbx%2BslvQJxVqw%2F74DWJ%2FmXNgCdLSv7lec1BQBOhUtBFe%2FaJ%2B5IjZ7qobXAMMgeNT2%2FD47lV5Ke6PdjFacRetHXeLwYvTgwFY3U1H1vkVxqDNZOX--KyfGYE4kDlRKZ6%2BZKTU4COSGQ7GkDyJwuBy5KyAksSOWCElCxHoFzId4CeUnLhH0SuuIbKFN9jJYCG3H1%2BPpTJhdMQci%2BhE6QczNn3ZYwgBS79MI%3D%7Ctkp%3ABk9SR-zNytS7Yw&LH_BIN=1",
            "hashtags": "NintendoDS"
        }
    },
    {
        "20240224": {
            "value": "Slightly d:rpy lately ngl ... :akkoderp: "
        }
    },
    {
        "20240224": {
            "value": "#SquareEnix @ Global #nintendodirect :\r\nSorry I have no time this year ...\r\n\r\nSquareEnix at the \/same time\/ in #Japan :\r\nhttps:\/\/www.youtube.com\/watch?v=yY4o8QmvrEg\r\n#Reynatis ",
            "hashtags": "SquareEnix, nintendodirect, Japan, Reynatis"
        }
    },
    {
        "20240224": {
            "value": "#ps2 and #xbox on a #modded #nintendoswitch ???\r\n\r\n#AweAlcea\r\nhttps:\/\/www.youtube.com\/watch?v=H1gveQUBIKk",
            "hashtags": "ps2, xbox, modded, nintendoswitch, AweAlcea"
        }
    },
    {
        "20240224": {
            "value": "Maybe the #nicepage folk know thwir own #css ???\r\nhttps:\/\/nicepage.com\/questions\/491042\/compressed-nicepage-css?page=1",
            "hashtags": "nicepage, css"
        }
    },
    {
        "20240224": {
            "value": "#CurrListeningAlcea\r\n\u30a4\u30cb\u30b7\u30a8\u30ce\u30a6\u30bf\/\u30dd\u30dd\u30eb\r\nhttps:\/\/www.youtube.com\/watch?v=UZBELmCNXUw",
            "hashtags": "CurrListeningAlcea"
        }
    },
    {
        "20240223": {
            "value": "Playing #NoMansSky for a #weekend  ? \ud83e\udee2\r\nhttps:\/\/www.eurogamer.net\/no-mans-sky-is-free-to-play-again-this-weekend-because-it-went-so-well-last-time?utm_source=feed&utm_medium=rss&utm_campaign=feed",
            "hashtags": "NoMansSky, weekend"
        }
    },
    {
        "20240223": {
            "value": "NGL #StraightShot is really good.\r\nLike a #better #arenas\r\nhttps:\/\/www.gameleap.com\/articles\/apex-legends-players-demand-straight-shot-ltm-become-permanent\r\n#ApexLegends #GameAlcea",
            "hashtags": "StraightShot, better, arenas, ApexLegends, GameAlcea"
        }
    },
    {
        "20240223": {
            "value": "\ud83d\ude3a"
        }
    },
    {
        "20240223": {
            "value": "@matrix9180@hachyderm.io\r\n\r\nDo you also do #CSS ?\r\n\r\nI have a #nicepage #css ( https:\/\/alceawis.de\/nicepage.css ) \r\nthat goes with my #Navbar \r\n( https:\/\/alceawis.de\/Navbar ) \r\nbut the #css - even minified etc to max still weighs ~1meg \r\n\r\nIs there a way to slim it down further, or maybe figure out what #Navbar html needs for it to work ? \r\n:bun: #BrokenCodeAlcea:blobcatnotlike: ",
            "hashtags": "CSS, nicepage, css, Navbar, css, Navbar, BrokenCodeAlcea"
        }
    },
    {
        "20240223": {
            "value": "Was able to #shrink down stupid #nicepage #css of my #website s dependency from\r\n1089 to 941 kilobyte..\r\nhttps:\/\/codepen.io\/ryedai1\/pen\/dyrBMRj\r\n#CodeAlcea\r\n\r\nKinda #crazy how this stupid file (even if compressed to zip) takes up 110+ kilobyte ugh\r\n\r\nBut wizthout it my #navbar & #css combi breaks\r\n\r\nI don't thuink I can #reduce it any further",
            "hashtags": "shrink, nicepage, css, website, CodeAlcea, crazy, navbar, css, reduce"
        }
    },
    {
        "20240223": {
            "value": "Writing a \"Replacement Navbar\" => WasteOfTime\r\nhttps:\/\/alceawis.de\/other\/extra\/scripts\/z_teststuff\/Navbar.html.trsh\r\nhttps:\/\/codepen.io\/ryedai1\/pen\/MWxMgXm\r\n=>>\r\n\u2022 vanishes on index html as you scroll\r\n\u2022[-] pseudo hamburger button vanishes whn clicked, but only when inpage,noit if used in navbar html\r\n\u2022 submenu goes UNDER the contact.html img.. W.T.F ?!!!\r\nFlip it. Stick with nicepage, Beedn usin it for years.\r\n#RamblingsAlcea",
            "hashtags": "RamblingsAlcea"
        }
    },
    {
        "20240223": {
            "value": "\"#Good #job\" #Google !!11\r\n\r\n:fugoogle: :ablobthinkingeyes: \r\nhttps:\/\/m.youtube.com\/watch?v=Z3dSkkEr-wk\r\n#RamblingsAlcea",
            "hashtags": "Good, job, Google, RamblingsAlcea"
        }
    },
    {
        "20240222": {
            "value": "#ChatGPT \"I cant fix your #code , so here are some xtra cats instead\"\r\n\r\n#BrokenCodeAlcea\r\nhttps:\/\/m.youtube.com\/watch?v=wurV-1ll2Ow&feature=youtu.be",
            "hashtags": "ChatGPT, code, BrokenCodeAlcea"
        }
    },
    {
        "20240222": {
            "value": "Hahahahhahah\r\ntrying to #load a #zip ped #website in a browser.\r\n\r\nForget it.\r\n#LocalStorage caps at 5meg.\r\n\r\nsad\r\nhttps:\/\/codepen.io\/ryedai1\/pen\/abMraqm\r\n\r\n#CodeAlcea",
            "hashtags": "load, zip, website, LocalStorage, CodeAlcea"
        }
    },
    {
        "20240222": {
            "value": "Mhmhmm #EnderMagnolia will have some #beautiful #music just like #EnderLilies I bet \ud83d\ude3a\r\nhttps:\/\/ibb.co\/LSmyBRH\r\nhttps:\/\/i.ibb.co\/kKjTzBv\/Screenshot-20240222-103200-FX.png",
            "hashtags": "EnderMagnolia, beautiful, music, EnderLilies"
        }
    },
    {
        "20240222": {
            "value": "Wow @codepen@fosstodon.org has a #mastodon! \r\n\r\nTake that #jsfiddle !\r\nhttps:\/\/fosstodon.org\/@codepen :RedCrystalHeart: ",
            "hashtags": "mastodon, jsfiddle"
        }
    },
    {
        "20240221": {
            "value": "Dropped my #S6Lite this morning..\r\n\r\nProtector time ?\r\n(I don't feel like #LineageOS :lineageos: ing another one tbh:akkosad: \r\n#StuffAlcea",
            "hashtags": "S6Lite, LineageOS, StuffAlcea"
        }
    },
    {
        "20240221": {
            "value": "#CodeAlcea\r\n\r\nAdd #gamesizes (& #image urls) to #dekudeals collection json \r\n\r\nhttps:\/\/codepen.io\/ryedai1\/pen\/yLQdpdd\r\nhttps:\/\/media.mas.to\/masto-public\/media_attachments\/files\/111\/970\/947\/158\/709\/312\/original\/8ccfcd751edeb968.mp4",
            "hashtags": "CodeAlcea, gamesizes, image, dekudeals"
        }
    },
    {
        "20240221": {
            "value": "#DoodlesAlcea\r\n\r\nAlright\r\nhttps:\/\/ibb.co\/J2gnB5J\r\nhttps:\/\/i.ibb.co\/Y8w2Rps\/Titelloses-303-20240221150226.png\r\n\r\n",
            "hashtags": "DoodlesAlcea"
        }
    },
    {
        "20240221": {
            "value": "Hmm my #tradition on doodling a #fanart while waiting for le #NintendoDirect hmmm sure",
            "hashtags": "tradition, fanart, NintendoDirect"
        }
    },
    {
        "20240221": {
            "value": "#CurrListeningAlcea\r\nRuzer - Callisto\r\nhttps:\/\/www.youtube.com\/watch?v=rot4skaQ7G0",
            "hashtags": "CurrListeningAlcea"
        }
    },
    {
        "20240221": {
            "value": "Whoever at #Nintendo cuts these for the #presentation & #nintendodirects \r\n#Goodjob !\r\n\r\nAlways a banger track \ud83d\ude39\r\n#AweAlcea\r\nhttps:\/\/media.mas.to\/masto-public\/media_attachments\/files\/111\/969\/510\/004\/053\/263\/original\/53ffab214b075565.mp4",
            "hashtags": "Nintendo, presentation, nintendodirects, Goodjob, AweAlcea"
        }
    },
    {
        "20240221": {
            "value": "I still #wonder what happened to #NintendoDirects #announcer last heard on 2022-06-28- #NintendoDirect Mini_ Partner Showcase\r\n\r\nI miss his #voice :blobreachsob: \r\n\r\n#StuffAlcea",
            "hashtags": "wonder, NintendoDirects, announcer, NintendoDirect, voice, StuffAlcea"
        }
    },
    {
        "20240221": {
            "value": "Mas.to got a nice #emoji selection\r\n\r\nhttps:\/\/ibb.co\/K02h4Cf\r\nhttps:\/\/i.ibb.co\/HFt4wmb\/Screenshot-20240221-050207-Opera.png\r\n:PinkCatNod: :RedCrystalHeart:",
            "hashtags": "emoji"
        }
    },
    {
        "20240220": {
            "value": "Test with    <button type=\"submit\" name=\"specificButton\">save<\/button>"
        }
    },
    {
        "20240220": {
            "value": "Hmmm"
        }
    },
    {
        "20240220": {
            "value": "Since using #darkmode for a #day .. Reverting to normal mode and #opening a #webrrowser window hurts my eyes\r\n\r\nOn the #downside I have to turn #brightness 45% up cause I cant see #%&#&#& ..\r\n\r\nSigh",
            "hashtags": "darkmode, day, opening, webrrowser, downside, brightness"
        }
    },
    {
        "20240220": {
            "value": ":tangofirstaid:"
        }
    },
    {
        "20240220": {
            "value": "#CurrListeningAlcea\r\nBloc Party - Virtue (Official Video)\r\nhttps:\/\/www.youtube.com\/watch?v=d0TZt8NvGD0",
            "hashtags": "CurrListeningAlcea"
        }
    },
    {
        "20240220": {
            "value": "Had some fun with #CHATGPT haha\r\nhttps:\/\/poe.com\/s\/f3aaMu0CRHXOSd1SBc4M\r\n#php #js #folly",
            "hashtags": "CHATGPT, php, js, folly"
        }
    },
    {
        "20240220": {
            "value": "#CurrListeningAlcea\r\nBloc Party - Vision of Heaven\r\nhttps:\/\/www.youtube.com\/watch?v=HcsTQpvjaOg",
            "hashtags": "CurrListeningAlcea"
        }
    },
    {
        "20240220": {
            "value": "#Yes #Deviantart parse with #Featured #support\r\nhttps:\/\/github.com\/jamesl1001\/deviantART-API\/issues\/4",
            "hashtags": "Yes, Deviantart, Featured, support"
        }
    },
    {
        "20240220": {
            "value": "And another #encoding test\r\n#TextNodes dislkes \ud83d\ude39\ud83d\ude3a\ud83d\udc9d\ud83d\ude3f #emoji ??\r\n\r\nconst value = document.createTextNode(textarea.value).innerText;\r\n  \/\/const value = document.createTextNode(textarea.value).nodeValue; \/\/no emoji support\r\n",
            "hashtags": "encoding, TextNodes, emoji"
        }
    },
    {
        "20240220": {
            "value": "#NintendoDirects and #Fanart keepin me #alive \r\n\ud83d\ude39\r\n#StuffAlcea",
            "hashtags": "NintendoDirects, Fanart, alive, StuffAlcea"
        }
    },
    {
        "20240220": {
            "value": "Using #Darkmode to soothe #eyes\r\n\r\nWhat a drag",
            "hashtags": "Darkmode, eyes"
        }
    },
    {
        "20240220": {
            "value": "Watch SteinsGate  ?\r\nHmmm"
        }
    },
    {
        "20240219": {
            "value": "#Yay\r\nThe #pixiv gods fiiinally moved this into my #most #used #tags weee\r\nhttps:\/\/ibb.co\/6nZkdyT\r\nhttps:\/\/i.ibb.co\/7Yzq9SZ\/Screenshot-20240220-003252-Chrome.png\r\n#StuffAlcea",
            "hashtags": "Yay, pixiv, most, used, StuffAlcea"
        }
    },
    {
        "20240219": {
            "value": ":Alcea_Not_Amused_for_real: "
        }
    },
    {
        "20240219": {
            "value": "I barely use my #SteamDeck. Only have it for KingdomHeartsIII and NieRReplicant, both which I barely play.\r\nOther PCGames (FinalFantasyXIII, TalesOfBerseria, )\r\nA few Homebrew (Stepmania, RPGMaker)\r\n=> It's cool, buf lacks the hybrid factor of #NintendoSwitch.\r\nI don't need a exctra #controller to plkay it on TV.\r\nAlso Switch has most games that matter already, without trashy DRM or AlwaysOn.\r\nOr \"You can't play this because [xy] reason.\r\n\r\nI had hopoed I'd play more PCGames now.",
            "hashtags": "SteamDeck, NintendoSwitch, controller"
        }
    },
    {
        "20240219": {
            "value": "Hmmm #SWR3 works ok with 64kbps #internet https:\/\/liveradio.swr.de\/sw890cl\/swr3\/play.aac\r\n#Amazing !",
            "hashtags": "SWR3, internet, Amazing"
        }
    },
    {
        "20240219": {
            "value": "Hmm a pizza would be nice"
        }
    },
    {
        "20240219": {
            "value": "\"My only positive hope is that it gets so impossible to trust anything online, that people go back to caring more about real life\"\r\n #ai #wtf https:\/\/m.youtube.com\/watch?v=NXpdyAWLDas",
            "hashtags": "ai, wtf"
        }
    },
    {
        "20240219": {
            "value": "#CurrListeningArusea\r\nNON STOP TECHNO RAVE RADIO 24\/7 MIX\r\nhttps:\/\/www.youtube.com\/watch?v=34H1XIjnfKM",
            "hashtags": "CurrListeningArusea"
        }
    },
    {
        "20240219": {
            "value": ":roflcrazylaugh: :text_is: noice !"
        }
    },
    {
        "20240219": {
            "value": ":ablobcatmusic:"
        }
    },
    {
        "20240219": {
            "value": ":aufex_drink: #yay",
            "hashtags": "yay"
        }
    },
    {
        "20240219": {
            "value": ":blobcatpet:"
        }
    },
    {
        "20240219": {
            "value": "#CurrListeningAlcea\r\n* Glowing Holograms - #YuGiOh #SEVENS\r\n(#RyoKawasaki)\r\nhttps:\/\/m.youtube.com\/watch?feature=shared&v=pd56jmBMtF0",
            "hashtags": "CurrListeningAlcea, YuGiOh, SEVENS, RyoKawasaki"
        }
    },
    {
        "20240219": {
            "value": "Good Done it is"
        }
    },
    {
        "20240219": {
            "value": "Ok."
        }
    },
    {
        "20240219": {
            "value": "Fff"
        }
    },
    {
        "20240219": {
            "value": "Hi"
        }
    },
    {
        "20240219": {
            "value": "Nljhgfvvgg"
        }
    },
    {
        "20240219": {
            "value": "Hi here"
        }
    },
    {
        "20240219": {
            "value": "Fff"
        }
    },
    {
        "20240219": {
            "value": "Hehe"
        }
    },
    {
        "20240219": {
            "value": "Test post :D"
        }
    },
    {
        "20240219": {
            "value": "#AweAlcea\r\n\r\nI did it, it works \ud83d\udc9d",
            "hashtags": "AweAlcea"
        }
    },
    {
        "20240218": {
            "value": "#CurrListeningAlcea\r\nYugioh 5D&#39;s ENDING 5 Plastic Tree - Future Colours HQ LYRICS &amp; DOWNLOAD\r\nhttps:\/\/www.youtube.com\/watch?v=Ia_kgRcB7Vc",
            "hashtags": "CurrListeningAlcea, 39"
        }
    },
    {
        "20240218": {
            "value": ":funnybunny: what a #interesting #day \r\n\ud83d\ude0d #HappyCea",
            "hashtags": "interesting, day, HappyCea"
        }
    },
    {
        "20240218": {
            "value": ":blobcatdj: thats the post :D"
        }
    },
    {
        "20240218": {
            "value": "https:\/\/www.pixiv.net\/artworks\/115988887\r\n#DoodlesAlcea",
            "hashtags": "DoodlesAlcea"
        }
    },
    {
        "20240218": {
            "value": "Lovely #image #test #AweAlcea\r\n\r\nhttps:\/\/ibb.co\/cw2YqLb\r\nhttps:\/\/i.ibb.co\/G9CHmTs\/1707717518040.jpg",
            "hashtags": "image, test, AweAlcea"
        }
    },
    {
        "20240218": {
            "value": "Test post\r\n#for #testing #4purposes\r\n\r\nHehe https:\/\/alceawis.de",
            "hashtags": "for, testing, 4purposes"
        }
    },
    {
        "20240218": {
            "value": "#CurrListeningAlcea\r\nHow to Write a NieR Song\r\nhttps:\/\/www.youtube.com\/watch?v=6R8EdPvX0ZY",
            "hashtags": "CurrListeningAlcea"
        }
    },
    {
        "20240218": {
            "value": "I love #music so much .\r\nBest thing ever \ud83d\ude3a",
            "hashtags": "music"
        }
    },
    {
        "20240218": {
            "value": "#CurrListeningAlcea\r\nJack Atlas - Battle Theme (Japanese)\r\nhttps:\/\/www.youtube.com\/watch?v=ibHU7K2mnVg",
            "hashtags": "CurrListeningAlcea"
        }
    }
]