[
    {
        "20240710": {
            "value": ":8b_h: :8b_e: :8b_l: :8b_l: :8b_o: :02Dab: "
        }
    },
    {
        "20240709": {
            "value": ":fugoogle: #google\r\n\u2018Deleting history\u2019 removes your access to it, not the data \r\nhttps:\/\/m.youtube.com\/watch?v=-JWpSyaUP-k",
            "hashtags": "google"
        }
    },
    {
        "20240709": {
            "value": "Siigh\r\n\r\nNo more #lwt \/ #lastweektonighht\r\nhttps:\/\/www.reddit.com\/r\/lastweektonight\/comments\/1dso536\/no_youtube_for_nz_anymore\/",
            "hashtags": "lwt, lastweektonighht"
        }
    },
    {
        "20240709": {
            "value": "#Doug s #restaurant\r\n\r\nIt's #amazing :blobaww:\r\nhttps:\/\/m.youtube.com\/watch?v=dzz-kNOs6X4",
            "hashtags": "Doug, restaurant, amazing"
        }
    },
    {
        "20240709": {
            "value": "If you print your block diagrams (eg to PDF), there is an option to print every case. It will drill down into your nested diagrams indefinitely. https:\/\/www.reddit.com\/r\/LabVIEW\/comments\/y2h55j\/can_a_vi_be_viewed_without_labview\/?rdt=61870\r\n#LabVIEW #vi",
            "hashtags": "LabVIEW, vi"
        }
    },
    {
        "20240709": {
            "value": "#Brad humbling himself\r\nhttps:\/\/www.youtube.com\/watch?v=iDqQbpqKLXQ",
            "hashtags": "Brad"
        }
    },
    {
        "20240709": {
            "value": "#cute\r\nhttps:\/\/codepen.io\/chintan-dhokai\/pen\/ExzWaaq",
            "hashtags": "cute"
        }
    },
    {
        "20240709": {
            "value": "Or maybe HidekiKamiya was weak  https:\/\/www.nintendolife.com\/news\/2024\/07\/according-to-hideki-kamiya-kamis-development-team-was-weak"
        }
    },
    {
        "20240709": {
            "value": "Notably, Respawn's overhauled Battle Pass will no longer be purchasable using Apex Coins (previously, coins earned in one Battle Pass could be spent on the next) and is only available in exchange for real money. \"The decision to move from [premium currency] is not one that we made lightly,\" the studio writes in its announcement post, \"but it does allow us to decrease the price of Premium+ for our community.\"\r\n\r\nhttps:\/\/www.eurogamer.net\/apex-legends-is-evolving-its-battle-pass-by-splitting-it-in-two-and-charging-players-twice\r\n\r\n#wtf #apex #respawn",
            "hashtags": "wtf, apex, respawn"
        }
    },
    {
        "20240709": {
            "value": "Huh. the stupid #chatbot just stepped up its game\r\n\r\n#poe now renders code directly lol\r\n\r\n#WhatCouldPossiblyGoWrong #DidIJustCloseThatTab #OrDidyoudoThatMrRobot ?\r\n\r\nhttps:\/\/ibb.co\/6Xj5WvR\r\nhttps:\/\/i.ibb.co\/Vwf8qHW\/Screenshot-2024-07-09-11-07-54.jpg",
            "hashtags": "chatbot, poe, WhatCouldPossiblyGoWrong, DidIJustCloseThatTab, OrDidyoudoThatMrRobot"
        }
    },
    {
        "20240709": {
            "value": "https:\/\/github.com\/gkjohnson\/client-side-zip-server"
        }
    },
    {
        "20240708": {
            "value": "#website #builder #webflow\r\nhttps:\/\/webflow.com\r\n\r\n#wysiwyg ?",
            "hashtags": "website, builder, webflow, wysiwyg"
        }
    },
    {
        "20240708": {
            "value": "#lol #anti #ai #kagome\r\nhttps:\/\/www.deviantart.com\/ishida1694\/art\/Kagome-No-AI-978409276",
            "hashtags": "lol, anti, ai, kagome"
        }
    },
    {
        "20240708": {
            "value": "Great..\r\n#Komoney \/ #Konami silently #removed #touchscreen controls in #MasterDuel on #NintendoSwitch\r\nhttps:\/\/www.reddit.com\/r\/masterduel\/comments\/1d8svlh\/switch_touchscreen_functionality_reduced\/?rdt=60299",
            "hashtags": "Komoney, Konami, removed, touchscreen, MasterDuel, NintendoSwitch"
        }
    },
    {
        "20240708": {
            "value": "Render #warc in browser\r\nhttps:\/\/blog.conifer.rhizome.org\/2019\/10\/03\/client-side-replay.html",
            "hashtags": "warc"
        }
    },
    {
        "20240708": {
            "value": "#CurrListeningAlcea Unpaid Intern https:\/\/m.youtube.com\/watch?v=S5FT7cdJqfI",
            "hashtags": "CurrListeningAlcea"
        }
    },
    {
        "20240708": {
            "value": "hah!"
        }
    },
    {
        "20240708": {
            "value": "#ServiceWorker only doing it's job on second run ?\r\n\r\nWhat is this ? A unpaid intern ?\r\n:blobcatGiggleSmirk: \r\n\r\nhttps:\/\/www.youtube.com\/watch?v=3kYe_EgMVmc&feature=youtu.be\r\n#CodeAlcea",
            "hashtags": "ServiceWorker, CodeAlcea"
        }
    },
    {
        "20240707": {
            "value": "How to Use: IX\r\n\r\nThe Death Note will not affect those under 780 days old.\r\nHow to Use: XXX\r\n\r\nThe names you will see with the eye power of a god of death are the names needed to kill that person. You will be able to see the names even if that person isn't registered in the family registration. \r\n#DeathNote https:\/\/anime.stackexchange.com\/questions\/21270\/is-a-person-who-wasnt-named-by-his-her-parents-immune-to-the-death-note",
            "hashtags": "DeathNote"
        }
    },
    {
        "20240707": {
            "value": "\"melonPrimeDS\"\r\n\r\nThis sounds... #yummy !\r\n\r\n\r\nhttps:\/\/gbatemp.net\/threads\/melonprimeds-melonds-fork-adds-keyboard-mouse-support-for-metroid-prime-hunters.657942\/\r\n\r\n#MetroidPrime #MetroidPrimeHunters\r\n\r\nhttps:\/\/ibb.co\/yf8tZT9\r\nhttps:\/\/i.ibb.co\/HFr6bvS\/Screenshot-2024-07-07-14-35-32.jpg",
            "hashtags": "yummy, MetroidPrime, MetroidPrimeHunters"
        }
    },
    {
        "20240706": {
            "value": "Another #stackoverflow\r\nhttps:\/\/stackoverflow.com\/questions\/78715725\/website-from-zip-file-renderer-problems-with-nested-dependencies-from-blob",
            "hashtags": "stackoverflow"
        }
    },
    {
        "20240706": {
            "value": "command NETSH WLAN show driver https:\/\/answers.microsoft.com\/en-us\/windows\/forum\/all\/windows-10-mobile-hotspot-is-not-working\/2f830f00-523c-4040-affd-a9dd58fe0838"
        }
    },
    {
        "20240706": {
            "value": "Alpino Magneto (white)\r\n#magnetic #wallpaint\r\n\r\nhttps:\/\/www.ebay.de\/itm\/235339104076\r\n",
            "hashtags": "magnetic, wallpaint"
        }
    },
    {
        "20240706": {
            "value": "#CurrListeningAlcea\r\n15 - Shukushu no Kanashimi - #TetsuwanBirdyDecode\r\n#YugoKanno\r\nhttps:\/\/m.youtube.com\/watch?v=zlc7qio3tQU&feature=youtu.be",
            "hashtags": "CurrListeningAlcea, TetsuwanBirdyDecode, YugoKanno"
        }
    },
    {
        "20240706": {
            "value": "Another day ..\r\n\r\nAnother #failed attempt at loading a #website from #zip file\r\n\r\nThe old take (codepen.io\/ryedai1\/pen\/abMraqm) is cool with external files.\r\nThe new take looks more impressive.\r\n\r\nIf only I could #combine them ..\r\n\r\nhttps:\/\/codepen.io\/ryedai1\/pen\/jOjNjVR\r\n#CodeAlcea #AskFedi #stackoverflow #javascript #webdevelopment\r\n\r\nSiiigh",
            "hashtags": "failed, website, zip, combine, CodeAlcea, AskFedi, stackoverflow, javascript, webdevelopment"
        }
    },
    {
        "20240706": {
            "value": "#zerowidthcharafter #exploit?https:\/\/webbrowsertools.com\/blog\/zero-width-characters-fingerprinting.html",
            "hashtags": "zerowidthcharafter, exploit"
        }
    },
    {
        "20240706": {
            "value": "Performers commonly use misdirection to draw their audience's attention away while the #spoon is manually #bent. Another method uses a metal spoon that has been prepared by repeatedly bending the spoon back and forth, weakening the material. Applying light pressure will then cause it to bend or break. https:\/\/en.m.wikipedia.org\/wiki\/Spoon_bending\r\n#Spoonbending",
            "hashtags": "spoon, bent, Spoonbending"
        }
    },
    {
        "20240705": {
            "value": "A #german city in #mmd ?!!!\r\n\r\nhttps:\/\/bowlroll.net\/file\/313122",
            "hashtags": "german, mmd"
        }
    },
    {
        "20240705": {
            "value": "When your right arm suddenly #solves all #math problems by itself\r\nhttps:\/\/m.youtube.com\/watch?v=rdDv1PkEfaY&feature=youtu.be\r\n#TetsuwanBirdy #AnimuAlcea",
            "hashtags": "solves, math, TetsuwanBirdy, AnimuAlcea"
        }
    },
    {
        "20240705": {
            "value": "So things being \"a constant\" aka \"const\" did break things here ?\r\nI'm so confused rn\r\n\r\nhttps:\/\/ibb.co\/HKV37pQ\r\nhttps:\/\/i.ibb.co\/Rg9d24W\/Screenshot-2024-07-05-20-31-59.jpg\r\n\r\n====new====\r\nlet all = \"\";\r\nconst url = new URL(window.location.href);\r\nif (url.searchParams.get(\"all\") === \"yes\") {\r\n  all = \"\";\r\n} else {\r\n  all = \"_part\";\r\n}\r\nconst user = getQueryParam('user');\r\nif (user) {\r\n    const jsonFile = `\/other\/extra\/scripts\/fakesocialmedia\/data${all}_${user}.json?t=${Date.now()}`;\r\n    console.log(jsonFile); \r\n    fetch(jsonFile)\r\n        .then(response => response.text())\r\n\r\n\r\n\r\n====old===\r\nlet all = \"_part\";\r\nconst url = new URL(window.location.href);\r\nif (url.searchParams.get(\"all\") === \"yes\") {\r\n  const all = \"\";\r\n} else {\r\n  const all = \"_part\";\r\n}\r\n    const user = getQueryParam('user');\r\n    if (user) {\r\n        const jsonFile = `\/other\/extra\/scripts\/fakesocialmedia\/data${all}_${user}.json?t=${Date.now()}`;\r\n        console.log(jsonFile); \r\n        fetch(jsonFile)\r\n            .then(response => response.text())"
        }
    },
    {
        "20240705": {
            "value": "Ok. Looking good\r\ndata_{user}.json for posterity and data_part_{user}.json for loading\r\n#Happy cea\r\nhttps:\/\/alceawis.de\/other\/extra\/scripts\/fakesocialmedia",
            "hashtags": "Happy"
        }
    },
    {
        "20240705": {
            "value": "One more"
        }
    },
    {
        "20240705": {
            "value": "Test for new way"
        }
    },
    {
        "20240705": {
            "value": "Tiny Toon Adventures: Buster Busts Loose\r\nLooks... #adorable \ud83d\ude3b\r\nhttps:\/\/www.timeextension.com\/features\/konami-butchered-this-snes-classic-so-we-fixed-it\r\n#snes #looneytunes\r\nhttps:\/\/ibb.co\/wJByV1d\r\nhttps:\/\/i.ibb.co\/3f412HT\/Screenshot-20240705-191754-Brave.png\r\n\r\n",
            "hashtags": "adorable, snes, looneytunes"
        }
    },
    {
        "20240705": {
            "value": "\"Now its about 206 gb\" #funny\r\n:crazylaugh: \r\nhttps:\/\/www.reddit.com\/r\/SteamDeck\/comments\/1dvwsj6\/i_am_an_idiot_sandwich\/\r\nhttps:\/\/ibb.co\/wSRB4nN\r\nhttps:\/\/i.ibb.co\/F5KmzQb\/Download-1.png\r\n\r\n",
            "hashtags": "funny"
        }
    },
    {
        "20240705": {
            "value": "Shame #Nintendo has no #website or #api that shows my #last #played game like #Steam does *sob*\r\nhttps:\/\/ibb.co\/vmkCDTh\r\nhttps:\/\/i.ibb.co\/QnM7XTk\/Screenshot-20240705-174918-Brave.png",
            "hashtags": "Nintendo, website, api, last, played, Steam"
        }
    },
    {
        "20240705": {
            "value": "#Famitsu Top 30 Sales #chart parser\r\nhttps:\/\/codepen.io\/ryedai1\/full\/OJeLZrN\r\n\r\n#CodeAlcea",
            "hashtags": "Famitsu, chart, CodeAlcea"
        }
    },
    {
        "20240705": {
            "value": "#Til if you disable #Microphone access in #OS (#LineageOS \/ #Android ) it will break #USBCamera (i.o. Error)\r\nhttps:\/\/ibb.co\/L98R6sb\r\nhttps:\/\/i.ibb.co\/GC0pkrB\/Screenshot-20240705-122820-Einstellungen.png",
            "hashtags": "Til, Microphone, OS, LineageOS, Android, USBCamera"
        }
    },
    {
        "20240705": {
            "value": "Hold three dot & power on boot up\r\nRelease power, keep holding three dot\r\n..\r\nSelect version to revert to\r\nhttps:\/\/m.youtube.com\/watch?v=AoSJj-dx19k\r\n#steamdeck",
            "hashtags": "steamdeck"
        }
    },
    {
        "20240704": {
            "value": "https:\/\/mastodon.animexx.de\/@aniMeMeMes@sakurajima.moe\/112704856847881827\r\nhttps:\/\/ibb.co\/nLfMnV1\r\nhttps:\/\/i.ibb.co\/9r2HVf4\/42aeff8f51e49b53.png\r\n\r\n"
        }
    },
    {
        "20240704": {
            "value": "This is why modern #hardware sucks:\r\n\r\nTurn on #SteamDeck - #DeckyRecorder works !\r\nRecords to mp4 fine\r\n\r\nConnected to wifi .. SteamDeck updates OS (wtf?)\r\n\r\nReload OS:\r\nDeckyRecorder gone *poof*\r\nReinstall.\r\n\r\nAaand.. Recording now does.. *nothing*\r\n\r\nGreat.\r\n#SadCea",
            "hashtags": "hardware, SteamDeck, DeckyRecorder, SadCea"
        }
    },
    {
        "20240704": {
            "value": "#Lovely #mbti nonense \ud83e\udd23\r\nhttps:\/\/ibb.co\/5j8dsX1\r\nhttps:\/\/i.ibb.co\/wQWTpZd\/gfbvqnjbhht41.png\r\nhttps:\/\/gbu-hamovniki.ru\/?k=what-is-the-frequency-distribution-of-different-mbti-personality-uu-1vwkM6u4\r\n",
            "hashtags": "Lovely, mbti"
        }
    },
    {
        "20240704": {
            "value": "We, The Unoffended https:\/\/blog.cleancoder.com\/uncle-bob\/2018\/12\/16\/unoffended.html #interesting",
            "hashtags": "interesting"
        }
    },
    {
        "20240704": {
            "value": "\"Is #SEL for #autists ?\"\r\nhttps:\/\/ibb.co\/Ssc3wMK\r\nhttps:\/\/i.ibb.co\/yfpQFZ8\/Screenshot-20240704-150245-Brave.png\r\n\r\n\r\n\r\nHuh . #SerialExperienceLain",
            "hashtags": "SEL, autists, SerialExperienceLain"
        }
    },
    {
        "20240704": {
            "value": "Excess #sedentary time is linked to a 147% increase in cardiovascular events. It also induces fat deposit around blood vessels and vital organs even in non-obese people, leading to arterial stiffness and heart disease. Achieving moderate activity of 150 minutes per week aids heart health https:\/\/www.betterhealth.vic.gov.au\/health\/healthyliving\/the-dangers-of-sitting https:\/\/www.hindustantimes.com\/lifestyle\/health\/dangers-of-sedentary-lifestyle-8-ways-sitting-for-too-long-is-killing-you-101709540626780.html\r\n#disease",
            "hashtags": "sedentary, disease"
        }
    },
    {
        "20240704": {
            "value": "#snes #clarqity mod\r\nhttps:\/\/www.timeextension.com\/news\/2024\/07\/jaw-dropping-snes-mod-fixes-one-of-the-consoles-biggest-problems",
            "hashtags": "snes, clarqity"
        }
    },
    {
        "20240704": {
            "value": "#CurrListeningAlcea\r\nNightwish - The Poet and the Pendulum (lyrics)\r\nhttps:\/\/www.youtube.com\/watch?v=YNKfdH72yW4",
            "hashtags": "CurrListeningAlcea"
        }
    },
    {
        "20240704": {
            "value": "When you have to add even moar #debug to your code and give the user 100% transparency,\r\n\r\n... cause you might have forgotten to upload a file and it will halt the program\r\n\r\n#living the #lyfe ..\r\n\r\n... of a #noob #programmer #wannabe \r\n\r\n:Alcea_LolFace: \r\n#CodeAlcea\r\nhttps:\/\/youtu.be\/8Ng9FgWwrxI",
            "hashtags": "debug, living, lyfe, noob, programmer, wannabe, CodeAlcea"
        }
    },
    {
        "20240703": {
            "value": "Ha.\r\n\r\nThat is some #jojo character\r\n\r\nhttps:\/\/alcea-wisteria.de\/PHP\/SampleWebMMD-master\/?pmx=Jojo_Esydissi\/Jojo_Esydissi.pmx&stage=\/livestageclub\/livestageclubanimated.pmx\r\n\r\nHow are they so #pretty ?\r\n\r\n(I let him dance some raps..\r\nLooks pretty epic )\r\n\r\n#MMD lead me down to some #rabbithole ngl...",
            "hashtags": "jojo, pretty, MMD, rabbithole"
        }
    },
    {
        "20240703": {
            "value": "Seems one can fix -motions- for #mikumikudance that produce char code errors by running the vmd through https:\/\/www.mediafire.com\/file\/9olqch9pazq3fzd\/AnimationSmoother.rar\r\n\r\nWill increase the filesize tenfold, but it works !\r\n\r\n#awealcea",
            "hashtags": "mikumikudance, awealcea"
        }
    },
    {
        "20240703": {
            "value": "  function LoadCamera(id) {\r\n    const path = \".\/camera\/\" + id + \".vmd\";\r\n    return new Promise((resolve, reject) => {\r\n      loader.loadAnimation(path, camera, cameraAnimation => {\r\n        cameraAnimation.name = id;\r\n        resolve(cameraAnimation);\r\n      }, onProgress, (xhr) => reject(new Error(`Failed to load Camera VMD file: ${path}`)));\r\n    });}\r\n\r\n  if (cameraAnimation) {\r\n    helper.add(camera, {\r\n      animation: cameraAnimation\r\n    });}\r\n\r\n#codealcea\r\n - ibb.co\/FmBmK00\r\n\r\nhttps:\/\/www.youtube.com\/watch?v=dy-bQBS3Jvg&feature=youtu.be",
            "hashtags": "codealcea"
        }
    },
    {
        "20240703": {
            "value": "Camera in https:\/\/codeberg.org\/alceawisteria\/MMD_Web_Renderer\/src\/branch\/main\/js \r\n\r\n  function LoadCamera(id) {\r\n    const path = \".\/camera\/\" + id + \".vmd\";\r\n    return new Promise((resolve, reject) => {\r\n      loader.loadAnimation(path, camera, cameraAnimation => {\r\n        cameraAnimation.name = id;\r\n        resolve(cameraAnimation);\r\n      }, onProgress, (xhr) => reject(new Error(`Failed to load Camera VMD file: ${path}`)));\r\n    });\r\n  }\r\n\r\n\r\n\r\n    await Promise.all(MotionObjects.map(async (MotionObject) => await LoadVMD(MotionObject.id)));\r\n    await Promise.all(MotionObjects.map(async (MotionObject) => await LoadAudio(MotionObject.id)));\r\n    cameraAnimation = await LoadCamera(\"camera-animation-id\");  \/\/ Ensure to load camera animation\r\n\r\n\r\n  if (cameraAnimation) {\r\n    helper.add(camera, {\r\n      animation: cameraAnimation\r\n    });\r\n  }"
        }
    },
    {
        "20240703": {
            "value": "Blubby test"
        }
    },
    {
        "20240702": {
            "value": "#PATH Editor for #Windows\r\n\r\nSaving #lyfes since 2015\r\n\r\n\r\nhttps:\/\/rix0rrr.github.io\/WindowsPathEditor\/",
            "hashtags": "PATH, Windows, lyfes"
        }
    },
    {
        "20240702": {
            "value": "Easy \"OpenMMD\" install Guide:\r\nSTEPS:\r\nInstall python3.6 on you PC and add it in your environment variable\r\npip install virtualenv\r\nvirtualenv openmmd-env\r\nopenmmd-env\\Scripts\\activate\r\npip install opencv-python==3.4.10 numpy matplotlib==2.2.3 tensorflow==1.6.0 PyQt5 h5py keras python-dateutil pytz pyparsing six imageio\r\n\r\nrename to OpenMMD\r\ncd Downloads\/OpenMMD\r\ncopy your video in to this folder\r\nOpenposeVideo.bat\r\ntype video name: dance1.mp4\r\n\r\ncd 3d-pose-baseline-vmd\r\nOpenposeTo3D.bat\r\n\r\ncd ..\/FCRN-DepthPrediction-vmd\r\nVideoToDepth.bat\r\n\r\nopen 3DToVmd.bat in nodepad, delete smooth time\r\nrename to 1.csv\r\ncd ..\/VMD-3d-pose-baseline-multi\r\n3DToVmd.bat\r\n\r\n\r\n\r\nhttps:\/\/www.youtube.com\/watch?v=_JXd41qVfBY"
        }
    },
    {
        "20240702": {
            "value": "#BTS \ud83d\ude3b\r\nhttps:\/\/archive.org\/details\/05.PiedPiper_201901",
            "hashtags": "BTS"
        }
    },
    {
        "20240701": {
            "value": "Uh yeah, sure\r\nhttps:\/\/ibb.co\/fGM1gZq\r\nhttps:\/\/i.ibb.co\/h1s76rL\/Download-1.png\r\n\r\n"
        }
    },
    {
        "20240701": {
            "value": "#Joke #Programming \r\n.. Or maybe?\r\n\r\nProgramming jokes\r\nhttps:\/\/ibb.co\/Ld44XMf\r\nhttps:\/\/i.ibb.co\/3mtt9wH\/Download-1.png",
            "hashtags": "Joke, Programming"
        }
    },
    {
        "20240701": {
            "value": "#Desperate times call for desparate #measures ...\r\n(But their #github is abandoned too. so....)\r\n\r\nmeh\r\n#HopefulCea #PlsExcuseMyTerribleJapanese #Gomen\r\nhttps:\/\/ibb.co\/CzwZzGm\r\nhttps:\/\/i.ibb.co\/Dt1yt2z\/Screenshot-2024-07-01-16-57-57.jpg\r\n",
            "hashtags": "Desperate, measures, github, HopefulCea, PlsExcuseMyTerribleJapanese, Gomen"
        }
    },
    {
        "20240701": {
            "value": "Just like #men are not told they are #pretty,\r\nwomen aren't told they are #funnny ..\r\n",
            "hashtags": "men, pretty, funnny"
        }
    }
]