[
    {
        "20250623": {
            "value": " I still think my left ear is clogged (has a lil tinnitus too)\r\n\r\nEitherhow. Those results are all over the place.\r\n\r\nMaybe get some bone conductivity earphones\r\nhttps:\/\/ibb.co\/jPRyqMd3\r\nhttps:\/\/i.ibb.co\/sdHKcwhs\/joined-image-1.png\r\n\r\n#Hearing test",
            "hashtags": "Hearing"
        }
    },
    {
        "20250622": {
            "value": "\r\n#CurrListeningAlcea\r\nRestless and Annoyed - #TheMentalist\r\n\r\n( #BlakeNeely)\r\nhttps:\/\/m.youtube.com\/watch?v=ahxZRWpS1Fs",
            "hashtags": "CurrListeningAlcea, TheMentalist, BlakeNeely"
        }
    },
    {
        "20250622": {
            "value": "If you ever thought #online friends would stick around..\r\n\r\nThey don't\r\nDeleted instances, purged accounts, orphaned sites\r\n\r\nNothing is all that remains\r\n\r\n~Welcome to the void~\r\n\r\nLooks like my favorites site is now a graveyard\r\n\r\nRestInPeace\r\n\r\nhttps:\/\/ibb.co\/rKSxq0VS\r\nhttps:\/\/i.ibb.co\/Xfg76Lqg\/Screenshot-20250622-193740-Brave.png\r\n\r\n",
            "hashtags": "online"
        }
    },
    {
        "20250622": {
            "value": "#Bots vs #Internet\r\n\r\nCausing huge serverload for.. No reason\r\n\r\nhttps:\/\/medium.com\/@ann.taylor\/why-spam-bots-are-ruining-the-internet-39efe0f9c796 \r\nhttps:\/\/news.ycombinator.com\/item?id=43474196",
            "hashtags": "Bots, Internet"
        }
    },
    {
        "20250622": {
            "value": "Finally wrote a lil #Youtube video backup tool\r\n\r\nUses mp4 upload cause youtube sucks\r\nhttps:\/\/alcea-wisteria.de\/ytarchive\/\r\nhttps:\/\/codepen.io\/ryedai1\/pen\/ByNGayM\r\nhttps:\/\/codeberg.org\/alceawisteria\/YoutubeArchiveSuite\/src\/branch\/main\/\r\n\r\n#CodeAlcea #Youtube",
            "hashtags": "Youtube, CodeAlcea, Youtube"
        }
    },
    {
        "20250621": {
            "value": "#Near having fun with #LightYagami s hotline \ud83d\ude05\r\nhttps:\/\/m.youtube.com\/watch?v=47SQLhG1mAQ&t=64s\r\n#DeathNote",
            "hashtags": "Near, LightYagami, DeathNote"
        }
    },
    {
        "20250621": {
            "value": "#DeathNote being mirrored by #RealLife ?\r\nhttps:\/\/m.youtube.com\/watch?v=gx3MBiEV33o&pp=0gcJCfwAo7VqN5tD\r\n\r\n#irl\r\n:Wah: ",
            "hashtags": "DeathNote, RealLife, irl"
        }
    },
    {
        "20250621": {
            "value": "Legit glad I can go to #work again tomorrow.\r\n\r\nTo bored @home.\r\nDont wanna draw or watch animu\r\n\r\nSigh\r\n",
            "hashtags": "work"
        }
    },
    {
        "20250621": {
            "value": ":ablobthinkingeyes: \r\nY93.C is the diagnosis code for #Programmer ?!\r\nhttps:\/\/www.aapc.com\/codes\/icd-10-codes\/Y93.C9",
            "hashtags": "Programmer"
        }
    },
    {
        "20250621": {
            "value": "#Nicepage JS is having issues ?\r\nhttps:\/\/alceawis.de\/nicepage.js\r\n\r\nHuh\r\nI won't be fixing it.\r\nWorking with obfuscated JS is unfun.\r\nAlso the Navbar (mostly) works.\r\nhttps:\/\/alceawis.de\/nicepage.js\r\n\r\nhttps:\/\/i.ibb.co\/YTjz1GVR\/Screenshot-2025-06-21-17-04-32.jpg",
            "hashtags": "Nicepage"
        }
    },
    {
        "20250621": {
            "value": "\r\nWait\r\nSince 2018 #DetectiveConan was further dubbed into german till Episode 409 ?\r\n\r\nhttps:\/\/conanwiki.org\/wiki\/Episode_334\r\n\r\nhttps:\/\/www.moviepilot.de\/news\/neue-folgen-auf-prosieben-maxx-so-geht-es-heute-mit-detektiv-conan-weiter-1112435\r\n\r\n#DetectiveCoanan\r\n\r\nMeaning:\r\n\u2022Episode 333 - 2006\r\n\u2022Episode 334 - 2018 (!)\r\n\r\nWhaaat ?!",
            "hashtags": "DetectiveConan, DetectiveCoanan"
        }
    },
    {
        "20250621": {
            "value": "https:\/\/www.detectiveconanworld.com\/wiki\/Vodka#Vodka.27s_rendezvous_with_Suguru_Itakura_.28Manga:_380-382_and_381.2C_Anime:_309-311.29\r\n\r\n#Vodka in #Episode 309\r\n\r\nGotta rewatch\r\n\r\nDC was good till Episode 501\r\nhttps:\/\/ibb.co\/NdzQgSwV\r\nhttps:\/\/i.ibb.co\/XrTNf8m2\/Screenshot-20250621-132245-Brave.png\r\n\r\n(Apparantly everything from 199x till 2025 (now ) was just a year ?\r\nW\r\nT\r\nF\r\n#DetectiveConan",
            "hashtags": "Vodka, Vodka, Episode, DetectiveConan"
        }
    },
    {
        "20250621": {
            "value": "23 JHre und nix verpasst ...\r\n#DetectiveConan \r\nhttps:\/\/m.youtube.com\/watch?v=HLbdWih7GGM&pp=0gcJCb4JAYcqIYzv",
            "hashtags": "DetectiveConan"
        }
    },
    {
        "20250621": {
            "value": "ParaKiss is actually really good\r\n(Sure #NANA is more popular, but PK is cooler !)\r\nhttps:\/\/m.youtube.com\/watch?v=nNCH3QNI0W4\r\n#ParadiseKiss",
            "hashtags": "NANA, ParadiseKiss"
        }
    },
    {
        "20250621": {
            "value": "Hmm so Knochenleitungskopfh\u00f6rer \/ #BoneConduction Earphones can help with otitis media (onesided) ?\r\n\r\n.. I hate how a simple shower and water running into the ear can cauee this \ud83e\udd72\r\n\ud809\udc2bDu:\r\nCan Knochenleitungskopfh\u00f6rer ignore issues with narrow ear canal and inflammation suchas otitis media\r\n\r\nChatGPT:\r\nYes, Knochenleitungskopfh\u00f6rer (bone conduction headphones) can often help bypass issues related to a narrow ear canal or inflammation, such as otitis media (middle ear infection).\r\n\r\nHere's why:\r\n\u2705 How Bone Conduction Works:\r\nBone conduction headphones transmit sound through the bones of your skull, directly stimulating the cochlea in the inner ear. They bypass:\r\n\r\nThe outer ear (including the ear canal),\r\n\r\nThe middle ear (including the eardrum and ossicles).\r\n\r\n\ud83d\udeab What Bone Conduction Bypasses:\r\nNarrow ear canals: No insertion is needed, so this isn\u2019t an issue.\r\n\r\nOtitis media (middle ear inflammation): Since sound does not pass through the middle ear, bone conduction is often unaffected.\r\n\r\nHearing aids discomfort or wax buildup: Also avoided, since nothing is placed in the ear canal.\r\n\r\nLimitations to keep in mind:\r\nIf the inner ear (cochlea) is damaged, bone conduction won\u2019t help much \u2014 because the cochlea is still the final sound receiver.\r\n\r\nNot as good for deep bass or high-fidelity audio.\r\n\r\nMay cause discomfort on long use due to pressure on cheekbones.\r\n\r\nNot ideal in very loud environments since ears are left open to ambient noise.\ud809\udc2b",
            "hashtags": "BoneConduction"
        }
    },
    {
        "20250621": {
            "value": "11.09.4439 ROLINE Y Audio Cable Audio-Splitter mini-phone stereo 3.5 mm m\u00e4nn\r\nhttps:\/\/www.ebay.de\/itm\/296566760220 \r\n\r\n(US: https:\/\/www.ebay.de\/itm\/361211561651 )\r\n\r\n#Audio balance shifter\r\nhttps:\/\/www.reddit.com\/r\/NintendoSwitch\/comments\/873zq1\/an_important_option_thats_missing_in_the_settings\/\r\n",
            "hashtags": "Audio"
        }
    },
    {
        "20250621": {
            "value": "Use more :Keyblade: s !\r\nhttps:\/\/m.youtube.com\/watch?v=hmFoBwoInN4\r\n#KingdomHearts\r\n\r\n\ud809\udc2bWhat am I supposed to do if I can't use the #Keyblade ?\ud809\udc2b",
            "hashtags": "KingdomHearts, Keyblade"
        }
    },
    {
        "20250621": {
            "value": "#EA sponsoring japanese Apex youtubers ?\r\nhttps:\/\/m.youtube.com\/watch?v=dJHhG7mXfjU",
            "hashtags": "EA"
        }
    },
    {
        "20250621": {
            "value": "Uwhaaat ?\r\n\"#Dragonball\" colored inears ?\r\n\r\nWhyy ? :blobcatlaugh: \r\nhttps:\/\/www.audiotra.de\/kopfhoerer\/in-ear-kopfhoerer\r\n(Also.. Frieza is 129\u20ac cheaper than Vegeta and Goku \r\n:ablobthinkingeyes: hmmm interesting)\r\n\r\nhttps:\/\/ibb.co\/wrbFsmgw\r\nhttps:\/\/i.ibb.co\/Qjq3dwQC\/Screenshot-20250621-105050-Brave.png\r\n\r\n",
            "hashtags": "Dragonball"
        }
    },
    {
        "20250621": {
            "value": "#Inears with #Passthrough\r\n(meaning you could keep em in and still hear your surroundings)\r\n\r\nAudio-Technica - ATH-SQ1TW White\r\nhttps:\/\/www.ebay.de\/itm\/356954400631\r\n\r\n#headphones",
            "hashtags": "Inears, Passthrough, headphones"
        }
    },
    {
        "20250621": {
            "value": "Guess someone just caught me making #AMV s \ud83d\ude05\r\nhttps:\/\/m.youtube.com\/watch?v=0T5vVr1Aa6E\r\n\r\nhttps:\/\/ibb.co\/BHfGQ2t0\r\nhttps:\/\/i.ibb.co\/gbrdfZ3k\/Screenshot-20250621-102025-Opera.png\r\n",
            "hashtags": "AMV"
        }
    },
    {
        "20250620": {
            "value": "When Kusanagi aquired all the #hotodogs \ud83d\ude05\r\nhttps:\/\/i.redd.it\/g2ltv7zuapwy.jpg\r\nhttps:\/\/www.reddit.com\/r\/vrains\/comments\/6adx6i\/hot_dog_guy\/",
            "hashtags": "hotodogs"
        }
    },
    {
        "20250620": {
            "value": "Looks like the #Seademon in #Castlevania #OrderOfEcclesia drops Grando ice magic\r\n\r\nhttps:\/\/static.wikia.nocookie.net\/castlevania\/images\/9\/9a\/OOE_Grando.gif https:\/\/castlevania.fandom.com\/wiki\/Sea_Demon\r\n\r\nLets pay it a visit",
            "hashtags": "Seademon, Castlevania, OrderOfEcclesia"
        }
    },
    {
        "20250620": {
            "value": "If #KingdomHearts 3 Was Entirely Online | IRGP https:\/\/m.youtube.com\/watch?v=qHMosKNAhbU",
            "hashtags": "KingdomHearts"
        }
    },
    {
        "20250620": {
            "value": "#SquareEnix doing ripoff things\r\nhttps:\/\/m.youtube.com\/watch?v=V_mxILC8394",
            "hashtags": "SquareEnix"
        }
    },
    {
        "20250620": {
            "value": "When Sakurai has had enough\r\nhttps:\/\/m.youtube.com\/watch?v=4WIYdKDvWKs&pp=0gcJCb4JAYcqIYzv\r\n\r\n#Shadow the Hedgehog #Piranha #SuperSmashBros",
            "hashtags": "Shadow, Piranha, SuperSmashBros"
        }
    },
    {
        "20250620": {
            "value": "\ud809\udc2b\r\nSonicTeam: What happens if you google \"Sonic X Shadow ?\r\nSEGA: Terrible things ?\r\nSonicTeam: EggActly !\ud809\udc2b\r\nhttps:\/\/m.youtube.com\/watch?v=tNUAMNSmxbQ\r\n#Shadow #Sonic",
            "hashtags": "Shadow, Sonic"
        }
    },
    {
        "20250620": {
            "value": "\ud809\udc2bThats awful lot of spindashes there\ud809\udc2b\r\nhttps:\/\/m.youtube.com\/watch?v=IOcQD04-0yw\r\n#Nintendo #SuperSmashBros #Sonic",
            "hashtags": "Nintendo, SuperSmashBros, Sonic"
        }
    },
    {
        "20250620": {
            "value": "Who needs #Ganondorf when you can have YungLink ?\r\n:blobcatdj: \r\nhttps:\/\/ibb.co\/7dkBHGmh\r\nhttps:\/\/i.ibb.co\/fzDZbCwJ\/joined-image.png\r\nhttps:\/\/m.youtube.com\/watch?v=odrQ79ueCSo",
            "hashtags": "Ganondorf"
        }
    },
    {
        "20250620": {
            "value": "\ud809\udc2bUse a hair dryer. Using a hair dryer can also help dry your ear canal properly and get rid of the water inside the ears. Some precautions are necessary, though, such as keeping the hair dryer a sufficient distance from the ear and using it on the lowest level of heat to avoid burns and other related problems;\r\n\r\nCreate a vacuum: Stand with the affected ear facing downwards and press the palm of your hand on it for short intervals until water starts to come out. Remember to keep it pointing towards the floor, otherwise, you risk pushing the water deeper into the ear canal. This method will create a vacuum that will draw the water toward your hand;\r\n\r\nYawn or chew: Yawning and chewing can make it easier to remove water from your ear canal. The water in your ears stops in an area called Eustachian Tube. Yawning and chewing make it possible to release the fluid through mandibular muscles movement outside the ear;\r\n\r\nValsalva Maneuver: When done properly, the Valsalva Maneuver is a technique that can be used to help open a closed Eustachian Tube to help fluid flow out of your ears. First, close your mouth, pinch your nose closed, and then blow or press air for a few seconds, keeping your mouth and nose shut. Be careful not to blow too hard, as this can damage your eardrum;\ud809\udc2b\r\n#ear #blockage after shower\r\nhttps:\/\/www.miracle-ear.com\/blog-news\/water-in-ear",
            "hashtags": "ear, blockage"
        }
    },
    {
        "20250620": {
            "value": "Making Sliced Tomato Bookmark with 3D pen \r\nhttps:\/\/www.instagram.com\/3dpen_thdosa\/reel\/DJ_O_ZnpY_C\/ \r\nhttps:\/\/www.reddit.com\/r\/3Dprinting\/comments\/1lfpjo8\/this_one_is_ripe_with_lies\/\r\n#tomato",
            "hashtags": "tomato"
        }
    },
    {
        "20250620": {
            "value": "\ud809\udc2bYes it\u2019s kinda normal. You needed to successfully appeal the 1st suspended account, otherwise all the newer accounts after that will get suspended too \ud809\udc2b\r\n\r\n#Reddit s auto delete and #shadowban system seriously sucks.\r\n\r\nNo explanations, Nothing.\r\nJust applied.\r\n\r\nHave fun seeing random [deleted] in peoples post histories\r\nhttps:\/\/ibb.co\/vy97Cch\r\nhttps:\/\/i.ibb.co\/HwZWLKC\/Screenshot-20250620-185650-Brave.png\r\n\r\nhttps:\/\/www.reddit.com\/r\/reddithelp\/comments\/1k2bpg4\/every_new_reddit_account_i_make_keeps_getting\/",
            "hashtags": "Reddit, shadowban"
        }
    },
    {
        "20250620": {
            "value": "#AI ruining the electricity grid \r\n?!https:\/\/m.youtube.com\/watch?v=3__HO-akNC8",
            "hashtags": "AI"
        }
    },
    {
        "20250620": {
            "value": "#CurrListeningAlcea\r\nPacific Drive - MVG\r\nhttps:\/\/www.youtube.com\/watch?v=Wi34M1Idddk",
            "hashtags": "CurrListeningAlcea"
        }
    },
    {
        "20250620": {
            "value": "Was annoyed at always having to login to #Reddit.\r\nSo I wrote a lil #php oauth er + #comment poster\r\nhttps:\/\/alceawis.de\/other\/extra\/fetchdata\/2025-06-20-RedditCommentPoster\/\r\nhttps:\/\/codepen.io\/ryedai1\/pen\/bNdmaBq\r\n\r\nAlso works with the reddit fetcher\r\nhttps:\/\/alceawis.de\/other\/extra\/fetchdata\/2025-06-15-Reddit-PostFetch\/RedditFrontend_pure_js.html\r\n\r\nMakes things alot more seamless.\r\n(Wonder how long the oauth token is valid till I have to create a new one via oauth.php from clientid and clientsecret)\r\n\r\nRequires making an app in your reddit account and directly target oauth.php)\r\n\r\nhttps:\/\/ibb.co\/b5Kcc1fC\r\nhttps:\/\/i.ibb.co\/XxCccXwK\/joined-image.png\r\n\r\n",
            "hashtags": "Reddit, php, comment"
        }
    },
    {
        "20250620": {
            "value": "#Rabbits :ablobjoy: \r\nhttps:\/\/i.redd.it\/cowutxx6sx7f1.jpeg\r\nhttps:\/\/www.reddit.com\/r\/funny\/comments\/1lfjwfg\/good_advice\/",
            "hashtags": "Rabbits"
        }
    },
    {
        "20250620": {
            "value": "\ud809\udc2bEven banners have day one patches now, what the fuck is happening \ud809\udc2b\r\n#metroid\r\nhttps:\/\/www.reddit.com\/r\/gaming\/comments\/1lfoblm\/metroid_prime_4_beyond_out_now_advert_spotted_in\/",
            "hashtags": "metroid"
        }
    },
    {
        "20250620": {
            "value": "#CurrListeningAlcea\r\nNew Order - Blue Monday https:\/\/m.youtube.com\/watch?v=c1GxjzHm5us&pp=ygUYQmx1ZSBNb25kYXkgYnkgTmV3IE9yZGVy0gcJCb4JAYcqIYzv",
            "hashtags": "CurrListeningAlcea"
        }
    },
    {
        "20250620": {
            "value": "Kaguya-sama love is war: Shirogane rides his bike in the rain https:\/\/m.youtube.com\/watch?v=rXCEBwmZdX8&pp=ygUVS2FndXlhc2FtYSB3YXRlciBiaWtl\r\n#rain #Shippai",
            "hashtags": "rain, Shippai"
        }
    },
    {
        "20250620": {
            "value": "\r\n\r\nCopilot being a #nightmare\r\nhttps:\/\/m.youtube.com\/watch?v=oXtvAQ-e0iE\r\n#AI\r\n\r\n\ud809\udc2b10:29 A product was selected first and then the managment was trying to figure out user problems that they couls potentially solve with it\ud809\udc2b",
            "hashtags": "nightmare, AI"
        }
    },
    {
        "20250620": {
            "value": "#CSP gets new updates while #iBisPaint leaves itsusers in the dust \r\nhttps:\/\/m.youtube.com\/watch?v=d5eOOBbYr4A\r\n#ClipStudioPaint",
            "hashtags": "CSP, iBisPaint, ClipStudioPaint"
        }
    },
    {
        "20250619": {
            "value": "#Reddit is not good for me",
            "hashtags": "Reddit"
        }
    },
    {
        "20250619": {
            "value": ":akkoderp: "
        }
    },
    {
        "20250619": {
            "value": "\ud809\udc2bDas \u00dcberleben des Gesocks, also den \u00e4rmsten 99% der Gesellschaft, ist dem Kapitalismus und den Leistungstr\u00e4gern, also den Milliard\u00e4ren, einfach nicht zuzumuten. Wer nicht so reich geerbt hat dass er nie in seinem Leben arbeiten musste ist nur faul, hat nie was geleistet und kein richtiger Mensch. \ud809\udc2b\r\n#wienett\r\nhttps:\/\/www.reddit.com\/r\/de\/comments\/1l8tyam\/mehr_klimaschutz_w\u00fcrde_laut_studie_wohlstand\/",
            "hashtags": "wienett"
        }
    },
    {
        "20250619": {
            "value": "Thats what you get for:\r\n\u2022 Releasing old games at full price\r\n\u2022 Relying on GameKeyCards\r\n\r\nSilly #dev s\r\nhttps:\/\/www.videogameschronicle.com\/news\/third-party-switch-2-game-sales-have-started-off-slow-with-one-publisher-selling-below-our-lowest-estimates\/\r\nhttps:\/\/www.nintendolife.com\/news\/2025\/06\/third-party-launch-games-on-switch-2-reportedly-sold-very-low-numbers#comment8700078",
            "hashtags": "dev, comment8700078"
        }
    },
    {
        "20250619": {
            "value": "#CurrListeningAlcea\r\nPassion - Ruzer https:\/\/m.youtube.com\/watch?v=ayqYONO_IJY&list=RDEMCfjkavKgbmf1aEY6SYZJ_A&index=17&pp=8AUB",
            "hashtags": "CurrListeningAlcea"
        }
    },
    {
        "20250619": {
            "value": "\ud809\udc2bNode.JS Hipsters\ud809\udc2b\r\n:ablobjoy: \r\n\r\nhttps:\/\/m.youtube.com\/watch?v=PivpCKEiQOQ\r\n\r\n#NodeJS\r\n",
            "hashtags": "NodeJS"
        }
    },
    {
        "20250619": {
            "value": "\ud809\udc2bthere's a reason why Omegastar can't support ISO timestamps. Since Omegastar needs to represent time till the end of the Universe, it needs to be able to represent time coordinates after the Earth has been sucked into a black hole, in which case, ISO time conventions such as leap years and seconds will no longer make sense since the BIPM will be adding billions of leap seconds per second. TAI is the only and correct implementation that Omegastar can represent, trying to implement ISO will cause infinite problems. Clients need to perform TAI to UTC conversions by themselves.\r\n\r\nYou either die programming the backend, or live long enough to program Omegastar. :O\ud809\udc2b\r\n\r\nMicroservices\r\nhttps:\/\/m.youtube.com\/watch?v=y8OnoxKotPQ&pp=0gcJCfwAo7VqN5tD\r\n#Programming #Nightmare #API #Scraping #birthday",
            "hashtags": "Programming, Nightmare, API, Scraping, birthday"
        }
    },
    {
        "20250619": {
            "value": "\ud809\udc2bDecompiling doesn\u2019t get you the original source. It gets you one of an infinite number of possible sources - code which should generate the program if compiled. Those are very different things.\r\n\r\nThe actual source (depending on era) will have a lot of structure that gives you at least some clue how the code works. It probably has variable and function names that give you some insight as to what they do. It might even have comments or logs of who the last guy to touch it was.\r\nA decompiled source will have none of that. Functions and variables are going to be like func_a, func_b, int32_a, struct_1_a. Nothing commented. If you\u2019re lucky it\u2019ll be broken down based on things like DLLs but an older game is likely just a big flat file so the output will be one giant incomprehensible C file that technically does the same thing. Code like that is difficult to comprehend and work with,\ud809\udc2b\r\n#port #squareenix\r\nhttps:\/\/www.reddit.com\/r\/gaming\/comments\/1lehfc3\/no_wonder_it_took_so_long_to_rerelease_final\/",
            "hashtags": "port, squareenix"
        }
    },
    {
        "20250619": {
            "value": "#kfw is involved in financing private person homes too ?\r\nhttps:\/\/www.kfw.de\/inlandsfoerderung\/Privatpersonen\/Neubau\/F%C3%B6rderprodukte\/Klimafreundlicher-Neubau-Wohngeb%C3%A4ude-(297-298)\/?kfwmc=vt.kooperationen|per.immonet.ebs-beg.microsite.icon|kauf|kaufenlneu&wt_cc1=wohnen&wt_cc2=pri|wohnen-allgemein",
            "hashtags": "kfw"
        }
    },
    {
        "20250619": {
            "value": "https:\/\/www.muskel-und-gelenkschmerzen.de\/triggerpunkte\/triggerpunkte-selbst-behandeln\/sternocleidomastoideus\/\r\n#Kopfwenderm#muskel #zerrung",
            "hashtags": "Kopfwenderm, muskel, zerrung"
        }
    },
    {
        "20250619": {
            "value": "#MMBN4 Color Bug Nullification Glitch https:\/\/m.youtube.com\/watch?v=F7r507Eat9w&t=74s&pp=2AFKkAIB",
            "hashtags": "MMBN4"
        }
    },
    {
        "20250619": {
            "value": "\ud809\udc2bSince selected but not used chips still appear in Junk Soul\u2019s Junk-Chip mechanic; If Dark Chips are selected and not used, then MegaMan restores himself from the Worried emotion into Junk Soul, they will appear again through Junk Soul\u2019s recycle. MegaMan can use those Dark Chips without the consequence of going Evil emotion or losing 1 HP permanently\ud809\udc2b\r\n#MMBN4 #BattleNetwork\r\nhttps:\/\/www.therockmanexezone.com\/wiki\/Glitches_in_Mega_Man_Battle_Network_4#DarkChip_JunkSoul_oversight",
            "hashtags": "MMBN4, BattleNetwork, DarkChip_JunkSoul_oversight"
        }
    },
    {
        "20250618": {
            "value": "#iONOS 0,99\u20ac pricetag helps very lil, even if it has one domain + #SSL , if *actually hosting a website costs 8\u20ac\/month (96\u20ac per year)\r\n\r\nServerprofis costs 45\u20ac prer year.\r\n\r\niONOS is overcharging\r\nhttps:\/\/ibb.co\/DH28BL4p\r\nhttps:\/\/i.ibb.co\/4nrYbJWd\/joined-image-1.png",
            "hashtags": "iONOS, SSL"
        }
    },
    {
        "20250618": {
            "value": "\ud809\udc2bA man and his girlfriend die in a car accident and meet Peter at the Pearly Gates. Peter says, \"Welcome to Heaven, do you have any questions?\" To which the man replies, \"Yes, my girlfriend and I never had a chance to get married while we were alive. Can we get married in Heaven?\" Peter says, \"That's a good question, I will be back when I have the answer.\" Left at the gates, the couple begins to talk about love and how long eternity is. 6 weeks later, Peter returns and says, \"OK, I've found your answer. Yes, you can get married in Heaven. So come right in and enjoy eternity together.\" The couple responds by saying, \"We have another question. Eternity is a very long time and we are not sure if our relationship will last. If things don't work out, can we get a divorce in Heaven?\" To which Peter replies, \"Fucking Christ! It took me 6 weeks to find a priest up here, do you have any idea how long it'll take me to find a lawyer?!\"\ud809\udc2b\r\n\r\nGood one :blobcatlaugh:  #joke\r\nhttps:\/\/www.reddit.com\/r\/Jokes\/comments\/1le51e4\/a_man_and_his_girlfriend_died_and_go_to_heaven\/",
            "hashtags": "joke"
        }
    },
    {
        "20250618": {
            "value": "#Reddit client #done\r\nhttps:\/\/alceawis.de\/other\/extra\/fetchdata\/2025-06-15-Reddit-PostFetch\/RedditFrontend_pure_js.html",
            "hashtags": "Reddit, done"
        }
    },
    {
        "20250618": {
            "value": "Servicehotline #call for activating an account at #iONOS ..\r\n\r\nWell serverprofis never needed that\r\n\r\n1.) Call \r\n2.) press # and 2 to skip nonsense\r\n(Get connected to irl person ? :blobaww:\r\n.. Probably some outsourced callcenter?)\r\n3.) Get send pin per email (oshi- which email did I register with ??)\r\n4) give **** pin  over phone\r\n5) Read text of activation mail (was never asked for my asccountnr?\r\n6) 4 min in waiting queue\r\n7) lady on other line says \"all done\"\r\n\r\nWe'll see...",
            "hashtags": "call, iONOS"
        }
    },
    {
        "20250618": {
            "value": "\ud809\udc2bBuying consoles used online is always pretty risky not only for the condition and functionality but it could be a bricked or hacked console too this is really scary stuff \ud809\udc2b\r\n#Nintendo #Switch2\r\nhttps:\/\/m.youtube.com\/watch?v=ExgYTA18_vo",
            "hashtags": "Nintendo, Switch2"
        }
    },
    {
        "20250617": {
            "value": "\ud809\udc2bIn computer science, the ELIZA effect is a tendency to project human traits \u2014 such as experience, semantic comprehension or empathy \u2014 onto rudimentary computer programs having a textual interface. ELIZA was a symbolic AI chatbot developed in 1966 by Joseph Weizenbaum and imitating a psychotherapist. Many early users were convinced of ELIZA's intelligence and understanding, despite its basic text-processing approach and the explanations of its limitations.\ud809\udc2b\r\n#AI\r\nhttps:\/\/en.wikipedia.org\/wiki\/ELIZA_effect",
            "hashtags": "AI"
        }
    },
    {
        "20250617": {
            "value": "\ud809\udc2bOnce The Game Is Purchased, It Belongs To The User\ud809\udc2b\r\n#StellarBlade\r\nhttps:\/\/www.reddit.com\/r\/gaming\/comments\/1ldycxo\/stellar_blade_director_views_mods_favorably\/",
            "hashtags": "StellarBlade"
        }
    }
]