[
    {
        "20250614": {
            "value": "\ud809\udc2b<style>\r\n    body {\r\n        font-family: Arial, sans-serif;\r\n        background-color: #e6ecf0;\r\n        margin: 0;\r\n        padding: 20px;\r\n    }\r\n\r\n    .post {\r\n        background-color: white;\r\n        border: 1px solid #ccd6dd;\r\n        border-radius: 8px;\r\n        padding: 15px;\r\n        margin-bottom: 20px;\r\n        max-width: 600px;\r\n        box-shadow: 0 2px 4px rgba(0,0,0,0.05);\r\n    }\r\n\r\n    .post img {\r\n        border-radius: 5%;\r\n        vertical-align: middle;\r\n        margin-bottom: 10px;\r\n    }\r\n\r\n    .post a {\r\n        color: #1da1f2;\r\n        text-decoration: none;\r\n    }\r\n\r\n    .post a:hover {\r\n        text-decoration: underline;\r\n    }\r\n\r\n    .post p {\r\n        margin: 10px 0;\r\n        color: #14171a;\r\n        font-size: 15px;\r\n        line-height: 1.5;\r\n    }\r\n\r\n    .btn, .btn2 {\r\n        background-color: #1da1f2;\r\n        color: white;\r\n        border: none;\r\n        padding: 8px 12px;\r\n        border-radius: 9999px;\r\n        cursor: pointer;\r\n        margin-right: 10px;\r\n        font-size: 14px;\r\n        margin-top: 10px;\r\n        text-decoration: none;\r\n        display: inline-block;\r\n    }\r\n\r\n    .btn2 {\r\n        background-color: #657786;\r\n    }\r\n\r\n    .btn:hover, .btn2:hover {\r\n        opacity: 0.9;\r\n    }\r\n\r\n    .post iframe {\r\n        margin-top: 10px;\r\n        border-radius: 8px;\r\n    }\r\n\r\n    blockquote {\r\n        border-left: 4px solid #657786;\r\n        background-color: #f5f8fa;\r\n        padding: 10px;\r\n        margin: 10px 0;\r\n        font-style: italic;\r\n        color: #657786;\r\n    }\r\n<\/style>\ud809\udc2b\r\n\r\n#CSS making this timeline #pretty :blobaww: \r\nLeft: old. Right: new\r\n\r\n(Why are humns so visually oriented ?\r\nAm I vain to want a pwetty timeline ?)\r\n\r\nhttps:\/\/i.ibb.co\/0ySL6gT1\/joined-image.png",
            "hashtags": "e6ecf0, ccd6dd, 1da1f2, 14171a, 1da1f2, 657786, 657786, f5f8fa, 657786, CSS, pretty"
        }
    },
    {
        "20250614": {
            "value": "How to still use \"view-source\" on latest #Brave webbrowser\r\n\ud809\udc2bI got you and anyone else like me who happens upon this post\u2026\r\n\r\nYou gotta do like you were used to but with one extra little step:\r\n\r\nType view-source: at the start of the url\r\nSelect the second option in the omni-box with the little world icon. (The first option defaults to search)\ud809\udc2b\r\nhttps:\/\/community.brave.com\/t\/brave-android-no-longer-views-source-with-view-source-url\/603844\r\nhttps:\/\/i.ibb.co\/pj6xWQvF\/Screenshot-20250614-082933-Brave.png",
            "hashtags": "Brave"
        }
    },
    {
        "20250614": {
            "value": "No wonder I prefer #PHP to #NodeJS , it's not even funny.\r\n\r\nHaving to spin up a mini https server each. time. ?\r\nWat ?!\r\nhttps:\/\/ibb.co\/9mNYYQ2X\r\nhttps:\/\/i.ibb.co\/tw4CCVcf\/Screenshot-20250614-082621-Brave",
            "hashtags": "PHP, NodeJS"
        }
    },
    {
        "20250614": {
            "value": "\ud809\udc2bHow much of a loser do you have to be to cheat and still lose?\ud809\udc2b\r\n:ablobjoy: \r\nhttps:\/\/www.reddit.com\/r\/MartletAppreciation\/comments\/1j7ek8j\/mario_64_is_now_good\/"
        }
    },
    {
        "20250613": {
            "value": "\ud809\udc2bnurse and used to work in pediatrics. There was a company the hospital I worked at regularly partnered with that would make modified controllers and game consoles for kids with disabilities to play them properly. \r\n\r\nThe controllers would have larger buttons, different stick placements, and other modifications that would allow for children of different disabilities to keep playing games. We loved those guys, they really made kids realize that being injured or disablied didn't prevent them from doing their favorite hobby.\r\n\r\nThe consoles would be modified to slow down game speed allowing for easier reactions, add color modification for accessibility for color blindness if there wasn't one present in a game, stuff like that.\r\n\r\nPlaystation and Xbox teams loved these guys and supported them. They even donated a few consoles for the kids, and were happy to do so, unworried about the modification done to their consoles.\r\n\r\nNintendo, however, wasn't so generous. They sued the everliving hell out of the company after word got back to Nintendo that someone was modifying Nintendo Switches and Switch controllers. So in order to prevent hefty fines, the company had to issue an apology and cease working with all Nintendo products.\r\n\r\nThey cared more about protecting IP than the disabled kids that were fans of their games. They cared more about suing a company that barely made enough money to pay their employees and mostly subsisted off of donations and donated consoles, than they did about making children happy.\r\n\r\nScrew Nintendo.\ud809\udc2b\r\n#Nintendo\r\nW\r\nT\r\nF\r\nhttps:\/\/m.youtube.com\/watch?v=Gv01Auwd6oo",
            "hashtags": "Nintendo"
        }
    },
    {
        "20250613": {
            "value": "\ud809\udc2byou can rip and use pieces of the box to give the soup a little body\ud809\udc2b\r\n\r\n#Switch2 \"bargaining\" tips getting outta hand \r\n\r\nhttps:\/\/www.reddit.com\/r\/Switch\/comments\/1l5qhyg\/june_be_like\/\r\n\r\n:ablobjoy: ",
            "hashtags": "Switch2"
        }
    },
    {
        "20250613": {
            "value": "Yes.\r\n#Nintendo s new \"account\" system on #Switch2 is atrocious.\r\n\r\nYou need to find the old device...\r\nOr unlink via Internet (limited to once per year ?)\r\nhttps:\/\/www.reddit.com\/r\/NintendoSwitch\/comments\/1l492oh\/psa_for_people_who_dont_have_access_to_their_old\r\n\r\nhttps:\/\/www.reddit.com\/r\/Switch\/comments\/1laiu5r\/why_cant_i_play_the_games_i_purchased_anymore_who\/\r\n\r\nWTH Nintendo ?",
            "hashtags": "Nintendo, Switch2"
        }
    },
    {
        "20250613": {
            "value": "all #NintendoSwitch \/ #Switch2 etc in one picture\r\n\r\nhttps:\/\/i.redd.it\/xtvenft9mq5f1.jpeg\r\nhttps:\/\/www.reddit.com\/r\/Switch\/comments\/1l6hkj7\/every_iteration_of_switch_in_one_photo\/",
            "hashtags": "NintendoSwitch, Switch2"
        }
    },
    {
        "20250613": {
            "value": "#Shadowbanning is so sinister\r\nhttps:\/\/www.washingtonpost.com\/technology\/2022\/12\/27\/shadowban\/\r\n\r\nI.\r\nHate.\r\nIt\r\n",
            "hashtags": "Shadowbanning"
        }
    },
    {
        "20250613": {
            "value": "#CurrListeningAlcea\r\nEnol - Far From Home \r\nhttps:\/\/m.youtube.com\/watch?v=w87Fcu_z5MY",
            "hashtags": "CurrListeningAlcea"
        }
    },
    {
        "20250613": {
            "value": "#DarkAges #MMO\r\n\r\nfunny\r\nhttps:\/\/m.youtube.com\/watch?v=FIFty-O4rOE",
            "hashtags": "DarkAges, MMO"
        }
    },
    {
        "20250613": {
            "value": "That weird handshake is hilarious\r\nhttps:\/\/m.youtube.com\/watch?v=43yyNypLixI&t=1m25s\r\n#kirby",
            "hashtags": "kirby"
        }
    },
    {
        "20250613": {
            "value": "#CurrListeningAlcea\r\nDaniel Allan & XIRA - Something More (Extended Mix)\r\n https:\/\/m.youtube.com\/watch?v=cZDrhbQLU9s&pp=0gcJCf0Ao7VqN5tD",
            "hashtags": "CurrListeningAlcea"
        }
    },
    {
        "20250613": {
            "value": "\ud809\udc2bDo not joke about the spreadsheet. Usually it's business critical, undocumented, and you only discover it when it has a) stopped working, b) she left, c) the only copy is lost.\ud809\udc2b\r\n#excel magic\r\nhttps:\/\/www.reddit.com\/r\/ProgrammerHumor\/comments\/1l9ynd3\/vbahasnorighttobethatpowerful\/\r\n",
            "hashtags": "excel"
        }
    },
    {
        "20250613": {
            "value": "#PHP s had infinite loading issues yesterday (resources also seemingly were \"exhausted for that day)\r\nhttps:\/\/ibb.co\/jk8MWnzm\r\nhttps:\/\/i.ibb.co\/xq2jfxYW\/Screenshot-20250612-210352-Brave.png\r\n\r\n\r\nApp the tech Support fixed it by resetting via #SSH\r\n\ud809\udc2b\r\nHallo,\r\n\r\nan der Serverkonfiguration hat sich nichts ge\u00e4ndert. Ich habe soeben alle PHP-Prozesse beendet, nun scheint die Beispiel URL wieder zu laufen.\r\n\r\nF\u00fcr R\u00fcckfragen stehe ich Ihnen gerne zur Verf\u00fcgung.\r\n\r\nMit freundlichen Gr\u00fcsse\ud809\udc2b\r\n#serverprofis #alceawis #alceawisteria #yusaao\r\n\r\nIts crazy how dependant I am on php..\r\nThis timeline, xnotes etc.\r\nInsane",
            "hashtags": "PHP, SSH, serverprofis, alceawis, alceawisteria, yusaao"
        }
    },
    {
        "20250613": {
            "value": "#CurrListeningAlcea\r\nLiminal Space\r\nhttps:\/\/www.newgrounds.com\/audio\/listen\/1429685",
            "hashtags": "CurrListeningAlcea"
        }
    },
    {
        "20250611": {
            "value": "#DST #insanity\r\nhttps:\/\/www.reddit.com\/r\/ProgrammerHumor\/comments\/1l3tejd\/thisisthereasonablesolution\/ https:\/\/i.redd.it\/orx4c5lrc25f1.png",
            "hashtags": "DST, insanity"
        }
    },
    {
        "20250611": {
            "value": "\"You are now a #developer\"\r\nhttps:\/\/www.reddit.com\/r\/ProgrammerHumor\/comments\/1l5h5lb\/itwasneverpatched\/\r\nhttps:\/\/i.redd.it\/j0d6339y8h5f1.png\r\n#android",
            "hashtags": "developer, android"
        }
    },
    {
        "20250611": {
            "value": "\ud809\udc2bi m not writing bugs i m creating opportunities \ud809\udc2b\r\n\r\nhttps:\/\/www.reddit.com\/r\/ProgrammerHumor\/comments\/1l4u9gv\/vibedrivendevelopment\/\r\nhttps:\/\/i.kym-cdn.com\/entries\/icons\/mobile\/000\/033\/487\/rick.jpg"
        }
    },
    {
        "20250611": {
            "value": "The Knights of #Hanoi still be strong\r\nhttps:\/\/i.redd.it\/kg3kbhilnc6f1.png \r\nhttps:\/\/www.reddit.com\/r\/ProgrammerHumor\/comments\/1l91s98\/updatedthememeboss\/",
            "hashtags": "Hanoi"
        }
    },
    {
        "20250611": {
            "value": "real #AI doing chores https:\/\/www.reddit.com\/r\/ProgrammerHumor\/comments\/1l8l5fi\/useaiwisely\/ \r\nhttps:\/\/i.redd.it\/qh6sp1tdn86f1.png",
            "hashtags": "AI"
        }
    },
    {
        "20250611": {
            "value": "https:\/\/www.reddit.com\/r\/ProgrammerHumor\/comments\/1l3rpow\/actuallyindians\/ \r\nhttps:\/\/i.redd.it\/fchtlur6t15f1.jpeg \r\n#IntelInside",
            "hashtags": "IntelInside"
        }
    },
    {
        "20250611": {
            "value": "#Opera fried egg ! \r\nhttps:\/\/i.redd.it\/8179vd4yvj5f1.jpeg \r\nhttps:\/\/www.reddit.com\/r\/ProgrammerHumor\/comments\/1l5s1aq\/putitbacknow\/",
            "hashtags": "Opera"
        }
    },
    {
        "20250611": {
            "value": "\ud809\udc2bVertr\u00e4ge wie unter Fremden k\u00f6nnen Freundschaften und Familien retten. In 99% aller F\u00e4lle unn\u00f6tig, aber wichtig, wenn sich einer als A.... outet.\ud809\udc2b\r\n\r\n#legal\r\nhttps:\/\/www.reddit.com\/r\/Vermieten\/comments\/1h84d6h\/untermieter_hat_unbefugt_freundin_bei_sich_wohnen\/",
            "hashtags": "legal"
        }
    },
    {
        "20250611": {
            "value": "#Feudalism -> #capitalism\r\n\ud809\udc2bBailing out the banks because we need to socialise losses but when there's massive profits, it's privatized and you'll never see a cent of it.\ud809\udc2b\r\nYou Are Witnessing the Death of American Capitalism\r\n https:\/\/m.youtube.com\/watch?v=gqtrNXdlraM",
            "hashtags": "Feudalism, capitalism"
        }
    },
    {
        "20250611": {
            "value": "\ud809\udc2bAll is good\ud809\udc2b\r\n7 Concerning Levels Of #acoustic Spying Techniques https:\/\/m.youtube.com\/watch?v=mEC6PM97IRI#",
            "hashtags": "acoustic"
        }
    },
    {
        "20250611": {
            "value": "Don't do #divorce kids\r\n:blobcatfrowningbig:\r\n:Wah:\r\n\r\nhttps:\/\/www.anwalt.de\/rechtstipps\/werden-maenner-bei-scheidung-und-trennung-benachteiligt_063894.html\r\nhttps:\/\/www.deutschlandfunk.de\/unterhaltsrecht-mehr-nachteile-fuer-geschiedene-frauen-100.html\r\nhttps:\/\/www.her-career.com\/unterhaltsrecht-benachteiligt-frauen\/\r\nhttps:\/\/www.reddit.com\/r\/LegaladviceGerman\/comments\/1eptt93\/als_mann_wirklich_so_benachteiligt_bei_scheidung\/\r\nhttps:\/\/www.familymeans.org\/effects-of-divorce-on-children.html\r\nhttps:\/\/www.justice.gc.ca\/eng\/rp-pr\/fl-lf\/divorce\/2004_1\/p2.html\r\n\r\n\r\nThis is so sad.\r\nThe poor kids\r\n\r\n\r\n\r\n\r\n\ud809\udc2b\r\n*Naja da wir hier in Bayern sind, wird die Frau beim Sorgerecht bevorzugt. Da die Frau dann die Kinder zu versorgen hat, hat sie einen erh\u00f6hten Bedarf im Haus zu bleiben bis das j\u00fcngste Kind vollj\u00e4hrig ist. Das w\u00fcrde f\u00fcr Sie bedeuten, Sie m\u00fcssen ausziehen und h\u00e4tten keine Verf\u00fcgung mehr \u00fcber das Haus, m\u00fcssen aber weiter die Raten bezahlen, da Sie ja im Grundbuch und im Kreditvertrag stehen.\r\n\r\n*Nach der Trennung bleiben die Nachteile der gemeinsam vereinbarten ehelichen Arbeitsteilung bei den M\u00fcttern h\u00e4ngen\u201c\ud809\udc2b",
            "hashtags": "divorce"
        }
    },
    {
        "20250611": {
            "value": "\ud809\udc2bBei einer Scheidung kann es zu einer Auszahlung kommen, wenn ein Ehepartner einen gr\u00f6\u00dferen Zugewinn erzielt hat als der andere. Der Zugewinnausgleich zielt darauf ab, dass beide Ehepartner w\u00e4hrend der Ehe gemeinsam an der finanziellen Entwicklung beteiligt waren, unabh\u00e4ngig davon, wer mehr verdient hat \ud809\udc2b\r\n#Divorce #Scheidung\r\n\r\nOh dear.\r\nPoor divorcees !\r\n\r\nhttps:\/\/www.loewe-finanz.de\/scheidung-haus-auszahlung\/",
            "hashtags": "Divorce, Scheidung"
        }
    },
    {
        "20250611": {
            "value": "Oh..\r\n:ablobcatcry: #Spielewelten geht down under.\r\nBleibt noch Andy's Zweitkanal\r\nhttps:\/\/m.youtube.com\/watch?v=O4k5M0IBwBU",
            "hashtags": "Spielewelten"
        }
    },
    {
        "20250611": {
            "value": "3 hours to go.\r\nN\u0336i\u0336e\u0336r\u0336A\u0336u\u0336t\u0336o\u0336m\u0336a\u0336t\u0336a\u03362\u0336 #StellarBlade\r\nhttps:\/\/ibb.co\/TN9q4qc\r\nhttps:\/\/i.ibb.co\/pkYrfr2\/20250611-212954.jpg\r\n\r\n(Coincidentally.. I also preloaded NierAutomata in Oct 2022 ..\r\nGuess I only preload these kinda games ever..\r\n\r\nSee you again in 2028  :ablobjoy: ",
            "hashtags": "StellarBlade"
        }
    },
    {
        "20250611": {
            "value": "#Vinyl being toxic ?!\r\nhttps:\/\/m.youtube.com\/watch?v=aZ2czFuIYmQ",
            "hashtags": "Vinyl"
        }
    },
    {
        "20250611": {
            "value": "\ud809\udc2bSampling: #Illegal\r\nStraight up absorbing an entire person's essence via technology: business\ud809\udc2b\r\n#AI\r\nhttps:\/\/m.youtube.com\/watch?v=KXnEvIxYiXQ",
            "hashtags": "Illegal, AI"
        }
    },
    {
        "20250611": {
            "value": "Speech Jammer - using Hypersonic #sound rays \r\nhttps:\/\/m.youtube.com\/watch?v=J-SH18dtBlY",
            "hashtags": "sound"
        }
    },
    {
        "20250611": {
            "value": "De #censor video tools\r\n\r\nScary stuff\r\nhttps:\/\/m.youtube.com\/watch?v=acKYYwcxpGk&pp=ygUhRWFzaWVyIHRod24gZXZlciBkZSBjZW5zb3IgdmlkZW9z",
            "hashtags": "censor"
        }
    },
    {
        "20250611": {
            "value": "A prototype #SteamDeck ?\r\nhttps:\/\/m.youtube.com\/watch?v=ZILXRqTEl3g&pp=0gcJCd4JAYcqIYzv",
            "hashtags": "SteamDeck"
        }
    },
    {
        "20250611": {
            "value": "Classic #Yathzee review \r\n\ud83d\ude39 \r\nFANTASY LIFE i The Girl Who Steals Time\r\n\r\nhttps:\/\/i.ibb.co\/1J93CfX0\/Screenshot-20250611-194422-Brave.png\r\nhttps:\/\/m.youtube.com\/watch?v=nLK-V7YkG6U ",
            "hashtags": "Yathzee"
        }
    },
    {
        "20250611": {
            "value": ":RedCrystalHeart: "
        }
    },
    {
        "20250611": {
            "value": "\ud809\udc2btrain yourself to let go of everything you fear to lose #digital \r\n\ud809\udc2b\r\nhttps:\/\/www.nintendolife.com\/news\/2025\/06\/capcom-is-recording-switch-2-game-key-card-purchases-as-digital-sales",
            "hashtags": "digital"
        }
    },
    {
        "20250610": {
            "value": "\ud809\udc2bBrave follows chromium (blink), because chromium is what Brave is built off of. Blink, the web engine behind the browser (chromium) is also being modified. Browsers like Brave will be forced to play \"whack-a-mole\" to always seek out and weed out the changes Google is making, with Manifest v3 (and beyond).\r\n\r\nCan they do it? I am sure at first, yes, but overall indefinitely, doubtful. Google is going to put a lot of development and funding to kill ad-blocking. They (Google) own YouTube, for example, and it is in their best interest to prevent or limit ad-blocking, so they can make money. It is after all the business of business to make money.\ud809\udc2b\r\n#webbrowser\r\nhttps:\/\/www.reddit.com\/r\/brave\/comments\/y5xej1\/why_brave_browser_is_not_safe_with_the_coming\/",
            "hashtags": "webbrowser"
        }
    },
    {
        "20250610": {
            "value": "\r\nNintendo Switch \/ Switch2 Gamechanger That.. requires power ?!\r\n(At least its USB-C .. The #Switch2 has w USB-C anyways)\r\n\r\n https:\/\/m.youtube.com\/watch?v=r1F-u8yWLWA\r\n\r\nAlxum Switch Game Card Reader-8-in-1 Switch Games Holder Case f\u00fcr Nintendo\r\nhttps:\/\/www.ebay.de\/itm\/376121959082",
            "hashtags": "Switch2"
        }
    },
    {
        "20250610": {
            "value": " \ud809\udc2bWas droppt hart nach unten\ud809\udc2b\r\n#Nintendo :ablobcatrave: \r\n#Summer hit lessgo :crazylaugh: \r\n\r\n(Shame it was not self sung and just a AI voice) https:\/\/m.youtube.com\/watch?v=pv4dM2Go1d8&t=4m59s",
            "hashtags": "Nintendo, Summer"
        }
    },
    {
        "20250610": {
            "value": "\ud809\udc2bDJ s do they even do anything ?\r\n-SAMTIME\ud809\udc2b\r\nhttps:\/\/m.youtube.com\/watch?v=658dAQTEYPk&t=180s&pp=2AG0AZACAQ%3D%3D"
        }
    },
    {
        "20250609": {
            "value": "\ud809\udc2bWhy would you bring it outside ?\r\nYou're not like use, we are insane\ud809\udc2b\r\n#Switch2\r\nhttps:\/\/m.youtube.com\/watch?v=QQcLVryfnCU&pp=ygUHU3dpdGNoMg%3D%3D&t=2m15s",
            "hashtags": "Switch2"
        }
    },
    {
        "20250609": {
            "value": "Hmm the #NintendoSwitch2 \r\n\u2022 Dock 109\u20ac\r\n\u2022 Charger 30\u20ac\r\n=> 139\u20ac\r\n\r\nIf you subtract em from the 470\u20ac price,\r\nthe Switch2 *itself* (with Joycons2 s) is only 331\u20ac\r\n\r\n.. Hmmm :blobcatthinkowo: ",
            "hashtags": "NintendoSwitch2"
        }
    },
    {
        "20250609": {
            "value": "Ah yes\r\n#carbatteries #webcomic\r\nhttps:\/\/i.ibb.co\/JR5t7pTb\/repulsive-FUmg-Wp-Xw-AQrd-IB.jpg",
            "hashtags": "carbatteries, webcomic"
        }
    },
    {
        "20250609": {
            "value": "\ud809\udc2bUnd deswegen ist vor 14 Jahre TOTP aufgetaucht und weil auch TOTP einen Angriffsvektor hat, gibt es seit \u00fcber 10 Jahren U2F und UAF von der FIDO-Allianz, zu dessen Nutzung \u00fcber eine software-seitigen Passkey oder hardware-seitigen Security Key jeder neue Nutzer auf dem Online-Portal der Bundesagentur f\u00fcr Arbeit aufgefordert wird.\r\n\r\nWie kann man bitte als Kleinanzeigen, trotz der zahlreichen Probleme mit Account-\u00dcbernahmen immer noch in der Digitalisierung Jahre hinter deutschen Beh\u00f6rden hinterherrennen!? Es ist wirklich unverst\u00e4ndlich, warum Kleinanzeigen nicht mal TOTP inkludiert. Das ist bei der Arge und dem Jobcenter schon vor vier Jahren m\u00f6glich gewesen und mittlerweile sogar Pflicht.\r\n\r\nWas deutsche Unternehmen da teils machen, l\u00e4sst sich nur damit erkl\u00e4ren, dass die komplett am Leben und jeglicher Realit\u00e4t vorbei rennen \ud809\udc2b\r\n#security flaw\r\nhttps:\/\/www.reddit.com\/r\/wasletztepreis\/comments\/1l6bvm8\/was_letzte_account_gehackt\/",
            "hashtags": "security"
        }
    },
    {
        "20250609": {
            "value": "\ud809\udc2bSorry, you are unable to comment on this content because it is intended for a different region.\ud809\udc2b\r\n#funny \ud83d\ude02\r\nhttps:\/\/www.nintendolife.com\/competitions\/share-how-youre-using-gamechat-and-win-lego-mario-kart-plus-mighty-bowser\r\nhttps:\/\/ibb.co\/SwvpjYyV\r\nhttps:\/\/i.ibb.co\/WvK1h85B\/Screenshot-20250609-202426-Brave.png",
            "hashtags": "funny"
        }
    },
    {
        "20250609": {
            "value": "\ud809\udc2b#GameKeyCards serve no purpose thsn plastic waste\r\n-MVG\ud809\udc2b\r\n\r\nhttps:\/\/m.youtube.com\/watch?v=i9bBoVqPMlo&t=4m00s",
            "hashtags": "GameKeyCards"
        }
    },
    {
        "20250609": {
            "value": "Guess #Bluesky is just as broken as mastodon ...\r\nhttps:\/\/ibb.co\/VcLcxBmm\r\nhttps:\/\/i.ibb.co\/5g1gkcFF\/Screenshot-20250609-162904-Brave.png\r\n",
            "hashtags": "Bluesky"
        }
    },
    {
        "20250609": {
            "value": "Oh yes.\r\nI want my apparmenmt to smell like freshly cut grass\r\nhttps:\/\/www.reinigungsberater.de\/duftspray_classic_freshly_cut_grass_270_ml,p-32W210.html"
        }
    },
    {
        "20250609": {
            "value": "\ud809\udc2bThe reality is that whatever company is behind offers the best deals to win people over. Once inside they rip you off. \ud809\udc2b\r\n#XBox\r\nhttps:\/\/www.nintendolife.com\/news\/2025\/06\/xbox-officially-enters-the-handheld-space-but-nintendo-wont-be-worried#comment8680920",
            "hashtags": "XBox, comment8680920"
        }
    },
    {
        "20250609": {
            "value": "\ud809\udc2bDeshalb habe ich bereits letztes Jahr einen Entschluss gefasst: Ich werde nicht \u00fcber Homebrew f\u00fcr die Switch 2 berichten. Ich habe kein Interesse daran. Es tut mir leid. Ich m\u00f6chte mich aber nicht zu etwas zwingen und es dann halbgar machen.\ud809\udc2b\r\n#Wiidatabase saying bye from Switch2 onwards\r\n\r\nSigh\r\nHomebrew\r\n https:\/\/wiidatabase.de\/die-zukunft-von-wiidatabase-de\/",
            "hashtags": "Wiidatabase"
        }
    },
    {
        "20250609": {
            "value": "As great as the idea of #AuroraStora as GooglePlayStore replacement is ..\r\nhttps:\/\/www.chip.de\/downloads\/Aurora-Store-APK-Android-App_183135643.html\r\n\r\nIt is a big fail\r\nBoth NintendoApp and HiPaint nolonger work in my S6Lite after \"updating\"\r\nhttps:\/\/ibb.co\/3YjTKH2k\r\nhttps:\/\/i.ibb.co\/G38dmjyF\/joined-image.png\r\n\r\n",
            "hashtags": "AuroraStora"
        }
    },
    {
        "20250609": {
            "value": "\ud809\udc2bI only bank on Capcom as third anymore\r\nPragmata woo\r\n\r\nSquareEnix ? After Integrum ? No.\r\nKonami ? Already did everything with Dominus and Masterduel\r\nSEeegaaa ? Can't even port SonicRush & Advance 3 on Switch. Get outta here\r\nShin'En ? Already delivered with FastFusion\r\n\r\nThe rest that comes over will be breadcrumbs..\r\n\r\nWhich is funny as shipping costs are so low thanks to GameC@#\u20acK\u20acy$ ...\r\n\r\nI kinda hope for a promising Direct next week or so.\r\nBut no more fingers crossed tbh\ud809\udc2b\r\n#Nintendo #Gamefreak\r\n\r\nhttps:\/\/www.nintendolife.com\/news\/2025\/06\/game-freaks-upcoming-action-rpg-looks-awesome-but-dont-expect-it-on-switch-2-yet#comment8680655\r\n\r\n",
            "hashtags": "Nintendo, Gamefreak, comment8680655"
        }
    },
    {
        "20250609": {
            "value": ":AshNotAmused: "
        }
    },
    {
        "20250608": {
            "value": "#CurrListeningAlcea\r\nA Certain Scientific Railgun T - One who is not a god\r\n https:\/\/m.youtube.com\/watch?v=ZNQQgmhAi1A&list=PLlURqA7x10UgEuR6lRX2Re_-dNqnCJmnD&index=24&pp=iAQB8AUB",
            "hashtags": "CurrListeningAlcea"
        }
    },
    {
        "20250608": {
            "value": "#CurrListeningAlcea\r\nA Certain Scientific Railgun T OST: Railgun T's Theme https:\/\/m.youtube.com\/watch?v=eB_CNKmjLdc&list=PLxjdJee79OlKIyw92z8EA5pnkgouXbWAb&index=1&pp=iAQB8AUB",
            "hashtags": "CurrListeningAlcea"
        }
    },
    {
        "20250608": {
            "value": "#CurrListeningAlcea\r\nToaru Kagaku no Railgun - Opening 2\r\n\r\nhttps:\/\/m.youtube.com\/watch?v=1NYUKIZCV5k",
            "hashtags": "CurrListeningAlcea"
        }
    },
    {
        "20250608": {
            "value": "Welp turns out the latest #Brave Android update made the Navbare sorely ugly\r\nhttps:\/\/ibb.co\/d430KxVG\r\nhttps:\/\/i.ibb.co\/Sw1XvGMR\/Screenshot-20250609-004115-Brave.png\r\n\r\n=> XposedEdge s Time to shine\r\nUse 3 Gestures (left, middle,right h bottom) for apps, home and back button and done !",
            "hashtags": "Brave"
        }
    },
    {
        "20250608": {
            "value": "Another #Switch2 teardown\r\n\r\nThis one (aside combining german n english) is apparantly confused by Nintendo s use of multiple contacts\r\n\r\n13:24 Yuck ! The cardreader is *Not* hardsoldered like Switch V1\r\n\r\nNooooo\r\n\r\nhttps:\/\/m.youtube.com\/watch?v=UXA_p3Bt4-4#",
            "hashtags": "Switch2"
        }
    }
]