[
    {
        "20250620": {
            "value": "#AI ruining the electricity grid \r\n?!https:\/\/m.youtube.com\/watch?v=3__HO-akNC8",
            "hashtags": "AI"
        }
    },
    {
        "20250620": {
            "value": "#CurrListeningAlcea\r\nPacific Drive - MVG\r\nhttps:\/\/www.youtube.com\/watch?v=Wi34M1Idddk",
            "hashtags": "CurrListeningAlcea"
        }
    },
    {
        "20250620": {
            "value": "Was annoyed at always having to login to #Reddit.\r\nSo I wrote a lil #php oauth er + #comment poster\r\nhttps:\/\/alceawis.de\/other\/extra\/fetchdata\/2025-06-20-RedditCommentPoster\/\r\nhttps:\/\/codepen.io\/ryedai1\/pen\/bNdmaBq\r\n\r\nAlso works with the reddit fetcher\r\nhttps:\/\/alceawis.de\/other\/extra\/fetchdata\/2025-06-15-Reddit-PostFetch\/RedditFrontend_pure_js.html\r\n\r\nMakes things alot more seamless.\r\n(Wonder how long the oauth token is valid till I have to create a new one via oauth.php from clientid and clientsecret)\r\n\r\nRequires making an app in your reddit account and directly target oauth.php)\r\n\r\nhttps:\/\/ibb.co\/b5Kcc1fC\r\nhttps:\/\/i.ibb.co\/XxCccXwK\/joined-image.png\r\n\r\n",
            "hashtags": "Reddit, php, comment"
        }
    },
    {
        "20250620": {
            "value": "#Rabbits :ablobjoy: \r\nhttps:\/\/i.redd.it\/cowutxx6sx7f1.jpeg\r\nhttps:\/\/www.reddit.com\/r\/funny\/comments\/1lfjwfg\/good_advice\/",
            "hashtags": "Rabbits"
        }
    },
    {
        "20250620": {
            "value": "\ud809\udc2bEven banners have day one patches now, what the fuck is happening \ud809\udc2b\r\n#metroid\r\nhttps:\/\/www.reddit.com\/r\/gaming\/comments\/1lfoblm\/metroid_prime_4_beyond_out_now_advert_spotted_in\/",
            "hashtags": "metroid"
        }
    },
    {
        "20250620": {
            "value": "#CurrListeningAlcea\r\nNew Order - Blue Monday https:\/\/m.youtube.com\/watch?v=c1GxjzHm5us&pp=ygUYQmx1ZSBNb25kYXkgYnkgTmV3IE9yZGVy0gcJCb4JAYcqIYzv",
            "hashtags": "CurrListeningAlcea"
        }
    },
    {
        "20250620": {
            "value": "Kaguya-sama love is war: Shirogane rides his bike in the rain https:\/\/m.youtube.com\/watch?v=rXCEBwmZdX8&pp=ygUVS2FndXlhc2FtYSB3YXRlciBiaWtl\r\n#rain #Shippai",
            "hashtags": "rain, Shippai"
        }
    },
    {
        "20250620": {
            "value": "\r\n\r\nCopilot being a #nightmare\r\nhttps:\/\/m.youtube.com\/watch?v=oXtvAQ-e0iE\r\n#AI\r\n\r\n\ud809\udc2b10:29 A product was selected first and then the managment was trying to figure out user problems that they couls potentially solve with it\ud809\udc2b",
            "hashtags": "nightmare, AI"
        }
    },
    {
        "20250620": {
            "value": "#CSP gets new updates while #iBisPaint leaves itsusers in the dust \r\nhttps:\/\/m.youtube.com\/watch?v=d5eOOBbYr4A\r\n#ClipStudioPaint",
            "hashtags": "CSP, iBisPaint, ClipStudioPaint"
        }
    },
    {
        "20250619": {
            "value": "#Reddit is not good for me",
            "hashtags": "Reddit"
        }
    },
    {
        "20250619": {
            "value": ":akkoderp: "
        }
    },
    {
        "20250619": {
            "value": "\ud809\udc2bDas \u00dcberleben des Gesocks, also den \u00e4rmsten 99% der Gesellschaft, ist dem Kapitalismus und den Leistungstr\u00e4gern, also den Milliard\u00e4ren, einfach nicht zuzumuten. Wer nicht so reich geerbt hat dass er nie in seinem Leben arbeiten musste ist nur faul, hat nie was geleistet und kein richtiger Mensch. \ud809\udc2b\r\n#wienett\r\nhttps:\/\/www.reddit.com\/r\/de\/comments\/1l8tyam\/mehr_klimaschutz_w\u00fcrde_laut_studie_wohlstand\/",
            "hashtags": "wienett"
        }
    },
    {
        "20250619": {
            "value": "Thats what you get for:\r\n\u2022 Releasing old games at full price\r\n\u2022 Relying on GameKeyCards\r\n\r\nSilly #dev s\r\nhttps:\/\/www.videogameschronicle.com\/news\/third-party-switch-2-game-sales-have-started-off-slow-with-one-publisher-selling-below-our-lowest-estimates\/\r\nhttps:\/\/www.nintendolife.com\/news\/2025\/06\/third-party-launch-games-on-switch-2-reportedly-sold-very-low-numbers#comment8700078",
            "hashtags": "dev, comment8700078"
        }
    },
    {
        "20250619": {
            "value": "#CurrListeningAlcea\r\nPassion - Ruzer https:\/\/m.youtube.com\/watch?v=ayqYONO_IJY&list=RDEMCfjkavKgbmf1aEY6SYZJ_A&index=17&pp=8AUB",
            "hashtags": "CurrListeningAlcea"
        }
    },
    {
        "20250619": {
            "value": "\ud809\udc2bNode.JS Hipsters\ud809\udc2b\r\n:ablobjoy: \r\n\r\nhttps:\/\/m.youtube.com\/watch?v=PivpCKEiQOQ\r\n\r\n#NodeJS\r\n",
            "hashtags": "NodeJS"
        }
    },
    {
        "20250619": {
            "value": "\ud809\udc2bthere's a reason why Omegastar can't support ISO timestamps. Since Omegastar needs to represent time till the end of the Universe, it needs to be able to represent time coordinates after the Earth has been sucked into a black hole, in which case, ISO time conventions such as leap years and seconds will no longer make sense since the BIPM will be adding billions of leap seconds per second. TAI is the only and correct implementation that Omegastar can represent, trying to implement ISO will cause infinite problems. Clients need to perform TAI to UTC conversions by themselves.\r\n\r\nYou either die programming the backend, or live long enough to program Omegastar. :O\ud809\udc2b\r\n\r\nMicroservices\r\nhttps:\/\/m.youtube.com\/watch?v=y8OnoxKotPQ&pp=0gcJCfwAo7VqN5tD\r\n#Programming #Nightmare #API #Scraping #birthday",
            "hashtags": "Programming, Nightmare, API, Scraping, birthday"
        }
    },
    {
        "20250619": {
            "value": "\ud809\udc2bDecompiling doesn\u2019t get you the original source. It gets you one of an infinite number of possible sources - code which should generate the program if compiled. Those are very different things.\r\n\r\nThe actual source (depending on era) will have a lot of structure that gives you at least some clue how the code works. It probably has variable and function names that give you some insight as to what they do. It might even have comments or logs of who the last guy to touch it was.\r\nA decompiled source will have none of that. Functions and variables are going to be like func_a, func_b, int32_a, struct_1_a. Nothing commented. If you\u2019re lucky it\u2019ll be broken down based on things like DLLs but an older game is likely just a big flat file so the output will be one giant incomprehensible C file that technically does the same thing. Code like that is difficult to comprehend and work with,\ud809\udc2b\r\n#port #squareenix\r\nhttps:\/\/www.reddit.com\/r\/gaming\/comments\/1lehfc3\/no_wonder_it_took_so_long_to_rerelease_final\/",
            "hashtags": "port, squareenix"
        }
    },
    {
        "20250619": {
            "value": "#kfw is involved in financing private person homes too ?\r\nhttps:\/\/www.kfw.de\/inlandsfoerderung\/Privatpersonen\/Neubau\/F%C3%B6rderprodukte\/Klimafreundlicher-Neubau-Wohngeb%C3%A4ude-(297-298)\/?kfwmc=vt.kooperationen|per.immonet.ebs-beg.microsite.icon|kauf|kaufenlneu&wt_cc1=wohnen&wt_cc2=pri|wohnen-allgemein",
            "hashtags": "kfw"
        }
    },
    {
        "20250619": {
            "value": "https:\/\/www.muskel-und-gelenkschmerzen.de\/triggerpunkte\/triggerpunkte-selbst-behandeln\/sternocleidomastoideus\/\r\n#Kopfwenderm#muskel #zerrung",
            "hashtags": "Kopfwenderm, muskel, zerrung"
        }
    },
    {
        "20250619": {
            "value": "#MMBN4 Color Bug Nullification Glitch https:\/\/m.youtube.com\/watch?v=F7r507Eat9w&t=74s&pp=2AFKkAIB",
            "hashtags": "MMBN4"
        }
    },
    {
        "20250619": {
            "value": "\ud809\udc2bSince selected but not used chips still appear in Junk Soul\u2019s Junk-Chip mechanic; If Dark Chips are selected and not used, then MegaMan restores himself from the Worried emotion into Junk Soul, they will appear again through Junk Soul\u2019s recycle. MegaMan can use those Dark Chips without the consequence of going Evil emotion or losing 1 HP permanently\ud809\udc2b\r\n#MMBN4 #BattleNetwork\r\nhttps:\/\/www.therockmanexezone.com\/wiki\/Glitches_in_Mega_Man_Battle_Network_4#DarkChip_JunkSoul_oversight",
            "hashtags": "MMBN4, BattleNetwork, DarkChip_JunkSoul_oversight"
        }
    },
    {
        "20250618": {
            "value": "#iONOS 0,99\u20ac pricetag helps very lil, even if it has one domain + #SSL , if *actually hosting a website costs 8\u20ac\/month (96\u20ac per year)\r\n\r\nServerprofis costs 45\u20ac prer year.\r\n\r\niONOS is overcharging\r\nhttps:\/\/ibb.co\/DH28BL4p\r\nhttps:\/\/i.ibb.co\/4nrYbJWd\/joined-image-1.png",
            "hashtags": "iONOS, SSL"
        }
    },
    {
        "20250618": {
            "value": "\ud809\udc2bA man and his girlfriend die in a car accident and meet Peter at the Pearly Gates. Peter says, \"Welcome to Heaven, do you have any questions?\" To which the man replies, \"Yes, my girlfriend and I never had a chance to get married while we were alive. Can we get married in Heaven?\" Peter says, \"That's a good question, I will be back when I have the answer.\" Left at the gates, the couple begins to talk about love and how long eternity is. 6 weeks later, Peter returns and says, \"OK, I've found your answer. Yes, you can get married in Heaven. So come right in and enjoy eternity together.\" The couple responds by saying, \"We have another question. Eternity is a very long time and we are not sure if our relationship will last. If things don't work out, can we get a divorce in Heaven?\" To which Peter replies, \"Fucking Christ! It took me 6 weeks to find a priest up here, do you have any idea how long it'll take me to find a lawyer?!\"\ud809\udc2b\r\n\r\nGood one :blobcatlaugh:  #joke\r\nhttps:\/\/www.reddit.com\/r\/Jokes\/comments\/1le51e4\/a_man_and_his_girlfriend_died_and_go_to_heaven\/",
            "hashtags": "joke"
        }
    },
    {
        "20250618": {
            "value": "#Reddit client #done\r\nhttps:\/\/alceawis.de\/other\/extra\/fetchdata\/2025-06-15-Reddit-PostFetch\/RedditFrontend_pure_js.html",
            "hashtags": "Reddit, done"
        }
    },
    {
        "20250618": {
            "value": "Servicehotline #call for activating an account at #iONOS ..\r\n\r\nWell serverprofis never needed that\r\n\r\n1.) Call \r\n2.) press # and 2 to skip nonsense\r\n(Get connected to irl person ? :blobaww:\r\n.. Probably some outsourced callcenter?)\r\n3.) Get send pin per email (oshi- which email did I register with ??)\r\n4) give **** pin  over phone\r\n5) Read text of activation mail (was never asked for my asccountnr?\r\n6) 4 min in waiting queue\r\n7) lady on other line says \"all done\"\r\n\r\nWe'll see...",
            "hashtags": "call, iONOS"
        }
    },
    {
        "20250618": {
            "value": "\ud809\udc2bBuying consoles used online is always pretty risky not only for the condition and functionality but it could be a bricked or hacked console too this is really scary stuff \ud809\udc2b\r\n#Nintendo #Switch2\r\nhttps:\/\/m.youtube.com\/watch?v=ExgYTA18_vo",
            "hashtags": "Nintendo, Switch2"
        }
    },
    {
        "20250617": {
            "value": "\ud809\udc2bIn computer science, the ELIZA effect is a tendency to project human traits \u2014 such as experience, semantic comprehension or empathy \u2014 onto rudimentary computer programs having a textual interface. ELIZA was a symbolic AI chatbot developed in 1966 by Joseph Weizenbaum and imitating a psychotherapist. Many early users were convinced of ELIZA's intelligence and understanding, despite its basic text-processing approach and the explanations of its limitations.\ud809\udc2b\r\n#AI\r\nhttps:\/\/en.wikipedia.org\/wiki\/ELIZA_effect",
            "hashtags": "AI"
        }
    },
    {
        "20250617": {
            "value": "\ud809\udc2bOnce The Game Is Purchased, It Belongs To The User\ud809\udc2b\r\n#StellarBlade\r\nhttps:\/\/www.reddit.com\/r\/gaming\/comments\/1ldycxo\/stellar_blade_director_views_mods_favorably\/",
            "hashtags": "StellarBlade"
        }
    },
    {
        "20250617": {
            "value": "Ah yes #Kojima\r\n\ud809\udc2bwe have been testing the game with players and the results are too good. They like it too much. That means something is wrong; we have to change something.' And he changed stuff in the script and the way some crucial stuff [happens] in the game \ud809\udc2b\r\nhttps:\/\/www.reddit.com\/r\/gaming\/comments\/1ldozbu\/hideo_kojima_made_significant_changes_to_death\/",
            "hashtags": "Kojima"
        }
    },
    {
        "20250617": {
            "value": "\ud809\udc2bEs hat wohl auch mit der Bilanz zu tun. Die Kosten f\u00fcr Leiharbeiter erscheinen nicht als Lohnkosten. Dadurch l\u00e4sst sich auch ein von \"oben\" (Konzernzentrale o.\u00e4.) verordneter Einstellungsstopp umgehen \ud809\udc2b\r\n#Zeitarbeit Arbeitnehmer\u00fcberlassung\r\n\r\nhttps:\/\/www.stern.de\/noch-fragen\/was-zahlen-die-entleiher-an-die-leiharbeitsfirmen-1000028011.html",
            "hashtags": "Zeitarbeit"
        }
    },
    {
        "20250617": {
            "value": "Save #racoon with #electric #skateboard\r\nhttps:\/\/www.reddit.com\/r\/ElectricSkateboarding\/comments\/1efip4j\/this_is_how_you_save_animals_with_an_electric\/\r\nhttps:\/\/v.redd.it\/hb8t6qdslkfd1\/DASH_480.mp4",
            "hashtags": "racoon, electric, skateboard"
        }
    },
    {
        "20250617": {
            "value": "Electric #Unicycle coolio be like:\r\nhttps:\/\/www.reddit.com\/r\/INEEEEDIT\/comments\/tjhawl\/electric_unicycle_technology_is_impressing_me\/\r\nhttps:\/\/v.redd.it\/d58xa2we9qo81\/DASH_480.mp4\r\n\r\n#Cool ! :ablobcatbongo: ",
            "hashtags": "Unicycle, Cool"
        }
    },
    {
        "20250617": {
            "value": "\ud809\udc2b(MVSEP) \u201cWe added a new GUI example to work with the MVSep API. Now it allows to use multiple files and multiple algorithms at once.\r\n\r\nIt exists as standalone .exe file, so it doesn't require python installation\r\n\r\nRepository: https:\/\/github.com\/ZFTurbo\/MVSep-API-Examples\r\n\r\nExe for Windows: https:\/\/github.com\/ZFTurbo\/MVSep-API-Examples\/raw\/refs\/heads\/main\/python_example5_gui\/mvsep_client_gui_win.exe\u201d - ZFTurbo\r\n\r\nTL;DR \u201cYou can process a song with multiple models, and process multiple songs\u201d\r\n\ud809\udc2b\r\n\r\n#MVSEP",
            "hashtags": "MVSEP"
        }
    },
    {
        "20250617": {
            "value": "#DonkeyKong Bananza be like\r\nhttps:\/\/gbatemp.net\/threads\/nintendo-announces-donkey-kong-bananza-direct-set-for-later-this-week.672357\/\r\nhttps:\/\/ibb.co\/F44jxcG8\r\nhttps:\/\/i.ibb.co\/Qvv1bhsY\/monkey-gun.gif",
            "hashtags": "DonkeyKong"
        }
    },
    {
        "20250617": {
            "value": "\ud809\udc2bMaking lemonade outta lemons\ud809\udc2b\r\n#Gamestop\r\nhttps:\/\/i.redd.it\/4gc8me4wgd7f1.jpeg",
            "hashtags": "Gamestop"
        }
    },
    {
        "20250617": {
            "value": "Well .. Interesting\r\n#birthday #site\r\nhttps:\/\/bdayrecap.com\/?date=1991-01-18",
            "hashtags": "birthday, site"
        }
    },
    {
        "20250617": {
            "value": "#CurrListeningAlcea\r\n\ud809\udc2bGreenDay 75 \ud809\udc2b\r\n\r\nhttps:\/\/m.youtube.com\/watch?v=qO-mSLxih-c&list=OLAK5uy_mlYs5mDk18WS5V0Ooet0dGebJg26hfnT4&index=4&pp=8AUB\r\n:blobcatlaugh: :blobcatdj: ",
            "hashtags": "CurrListeningAlcea"
        }
    },
    {
        "20250617": {
            "value": "\ud809\udc2balways commit and push \ud809\udc2b\r\n#code\r\nhttps:\/\/www.reddit.com\/r\/ProgrammerHumor\/comments\/1ld61cc\/workedonitfor4hours\/\r\nhttps:\/\/i.redd.it\/v2ea3fcw2d7f1.gif",
            "hashtags": "code"
        }
    },
    {
        "20250616": {
            "value": "\ud809\udc2b@CasusUniversum\r\nvor 3 Stunden\r\nYou touched on this a little, but there are hundreds of causes for tinnitus, one of the BIGGEST causes is cervicogenic, ie musculoskeletal, problems with your neck and spine. Bad posture or injury can mess things up and cause all sorts of tension and inflammation. Interestingly this form of tinnitus is well known\ud809\udc2b\r\n#hearing\r\n\r\nhttps:\/\/m.youtube.com\/watch?v=5e9w8D9krGo",
            "hashtags": "hearing"
        }
    },
    {
        "20250616": {
            "value": "When you played a game so much its music broke.\r\nAnd you need to use #debug tools to reenable vocals.\r\n\r\n(Also why does the haunted ver of \"Wretched Armory\" play nomatter what, until I pass this point ?)\r\n#NierAutomata\r\n\r\nI wish I mcould restore the normal Wretched Armor song w.o. replaying thr whole game.\r\nGuess completing Route E set a flag.\r\n\r\nSigh :awoo_grill: \r\nhttps:\/\/m.youtube.com\/watch?v=xCoFlBaO_oc",
            "hashtags": "debug, NierAutomata"
        }
    },
    {
        "20250616": {
            "value": "10 days with #Switch2 :RedCrystalHeart: \r\nand already the left stick is seeing some wear.\r\n\r\nTime to add an old Sw1 cap over the L.Stick\r\n\r\nhttps:\/\/ibb.co\/VWk1WVMR\r\nhttps:\/\/i.ibb.co\/PZVLZx1K\/20250616-113607.jpg",
            "hashtags": "Switch2"
        }
    },
    {
        "20250616": {
            "value": "When #Switch pirates get rickroll ed \r\nhttps:\/\/www.reddit.com\/r\/SwitchPirates\/comments\/1lbjmau\/serious_how_and_why_the_hell_do_i_suddenly_have_a\/\r\n https:\/\/i.redd.it\/hm3m258ony6f1.jpeg",
            "hashtags": "Switch"
        }
    },
    {
        "20250616": {
            "value": "Looks like #MigSwitch got an update to work again on #Switch2\r\nhttps:\/\/web.archive.org\/web\/20250616081234\/https:\/\/migflash.com\/downloads\/1.2.0.zip",
            "hashtags": "MigSwitch, Switch2"
        }
    },
    {
        "20250616": {
            "value": "#Drawing instructions on pixiv\r\nhttps:\/\/pixiv.net\/artworks\/131386759",
            "hashtags": "Drawing"
        }
    },
    {
        "20250615": {
            "value": "\"#AI when it encounters data it wasn't trained on\"\r\n\r\n\r\nhttps:\/\/www.reddit.com\/r\/ProgrammerHumor\/comments\/1lahq91\/thiswasnotonsyllabus\/\r\n\r\nhttps:\/\/i.redd.it\/9496ukkkip6f1.gif\r\n\r\n:crazylaugh:",
            "hashtags": "AI"
        }
    },
    {
        "20250615": {
            "value": "Haha #code\r\nhttps:\/\/i.redd.it\/zk74efewqv6f1.png",
            "hashtags": "code"
        }
    },
    {
        "20250615": {
            "value": "\ud809\udc2bBefore WWII most women didn't work. We have seen an incredible increase in productivity per person in the past century and a decent part of that is tapping into a previously untapped half of the population. That increase in productivity should be loosening the collar around people so they can trade some of their labor for childcare, but what we find is that wealth has been so concentrated that you need everyone, men and women, to work full time. No money, no time, no kids. Simple as.\r\n\r\nhttps:\/\/www.bls.gov\/cps\/demographics\/women-labor-force.htm\ud809\udc2b\r\n#wokforce",
            "hashtags": "wokforce"
        }
    },
    {
        "20250615": {
            "value": "A subreddit for D\u00f6ner .. #huh\r\n\ud809\udc2bD\u00f6ner Kebab is one of the most famous dishes of the Turkish cuisine and is enjoying huge popularity in Germany and other european countries. Posts about similiar dishes from the Turkish, Greek or Arab cuisine are welcome. All posts about D\u00f6ner MUST state the shop's name and location and its price. Only unpolitical posts are allowed. We don't want our beloved D\u00f6ner to be torn apart by any political side. \ud809\udc2b\r\nhttps:\/\/www.reddit.com\/r\/doener\/",
            "hashtags": "huh"
        }
    },
    {
        "20250615": {
            "value": "\u2533\u253b|\r\n\u253b\u2533|\r\n\u2533\u253b|\r\n\u253b\u2533|\r\n\u2533\u253b|\r\n\u253b\u2533|\r\n\u2533\u253b|\r\n\u253b\u2533|\r\n\u2533\u253b|\r\n\u253b\u2533|\r\n\u2533\u253b|\r\n\u253b\u2533|\r\n\u2533\u253b| _\r\n\u253b\u2533| \u2022.\u2022)  What if ..\r\n\u2533\u253b|\u2282\uff89   .. \r\n\u253b\u2533|\r\n\r\n#Apex cute\r\nhttps:\/\/x.com\/PlayApex\/status\/1407017670709452801",
            "hashtags": "Apex"
        }
    },
    {
        "20250615": {
            "value": "#CurrListeningAlcea\r\nWaiting My Whole Life For This - Black Caviar https:\/\/m.youtube.com\/watch?v=143a97idXFU\r\n(apex - Sparrow - \u00fcberflieger)",
            "hashtags": "CurrListeningAlcea"
        }
    },
    {
        "20250615": {
            "value": "\ud809\udc2bapex: bans asian hackers \r\nalso apex: introduces asian hacker https:\/\/m.youtube.com\/watch?v=wP1qm7HfGuE&pp=ygULTWVldCBjcnNwdG8%3D\r\n\ud809\udc2b\r\n#ApexLegends #Crypto",
            "hashtags": "ApexLegends, Crypto"
        }
    },
    {
        "20250615": {
            "value": "Final Fantasy 7 (1997) Expleened\r\nhttps:\/\/m.youtube.com\/watch?v=2zBZz_3IPzE&t=11m20s\r\n#InternetHistorian",
            "hashtags": "InternetHistorian"
        }
    },
    {
        "20250615": {
            "value": "The Engoodening of No mans sky\r\nhttps:\/\/m.youtube.com\/watch?v=O5BJVO3PDeQ\r\n\r\n#InternetHistorian",
            "hashtags": "InternetHistorian"
        }
    },
    {
        "20250615": {
            "value": "#android fqncy limit draw\r\nhttps:\/\/ibb.co\/4gRJPPr7\r\nhttps:\/\/i.ibb.co\/S7wJRRCP\/Screenshot-20250615-163818-Einstellungen.png",
            "hashtags": "android"
        }
    },
    {
        "20250615": {
            "value": "\ud809\udc2bIch bin auch seit 15 Jahren in Deutschland und komme aus S\u00fcdamerika. Bin auch schon seit einen paar Jahre Ingenieur im Konzern. Ich kann es als etwas dunkelh\u00e4utiger Mensch best\u00e4tigen: \"zuf\u00e4llige Kontrolle\" sind eine Realit\u00e4t. Bei mir ist es besonders heftig aufgefallen am Flugh\u00e4fen und Bahnh\u00f6fe und genau so wie bei dir: sobald die Polizei sich anh\u00f6rt was ich tue und wie ich Deutsch spreche, winken sie mich durch. \ud809\udc2b\r\n#Discrimination\r\n\r\nhttps:\/\/www.reddit.com\/r\/luftablassen\/comments\/1l1tl9c\/ich_kann_es_nicht_mehr\/",
            "hashtags": "Discrimination"
        }
    },
    {
        "20250615": {
            "value": "#CurrListeningAlcea\r\nElyose - Incandescence\r\nhttps:\/\/m.youtube.com\/watch?v=v4VjCcTPaPk",
            "hashtags": "CurrListeningAlcea"
        }
    },
    {
        "20250615": {
            "value": "\ud809\udc2bUmgangsformen, H\u00f6flichkeit usw. quasi soziale Schmierstoffe sind. Schade, dass bei einigen Leuten beim Auslaufen einer funktionalen Beziehung pl\u00f6tzlich die Reibungslosigkeit abhanden kommt.\ud809\udc2b\r\n\r\n#human interaction\r\nhttps:\/\/www.reddit.com\/r\/luftablassen\/comments\/1lbb6zb\/hasse_diese_scheinheiligkeit_von_menschen\/",
            "hashtags": "human"
        }
    },
    {
        "20250615": {
            "value": "\ud809\udc2bMan braucht sich doch mal nur den Durchschnittslohn im in 1980er anschauen. Laut kurzer Suche 29.000 Euro. Was hat ein durchschnittliches Auto damals gekostet: 8.900 Euro. Wenn ich mir jetzt anschaue was im Durchschnitt heute verdient wird sind wir bei 52.000 Euro und der Durchschnittshobel kostet um die 45.000 Euro. Finde bitte den Fehler. Das Verh\u00e4ltnis passt einfach nicht \ud809\udc2b\r\n\r\n#Finanzen\r\nhttps:\/\/www.reddit.com\/r\/luftablassen\/comments\/1l81a1w\/wie_schlimm_muss_das_lohnpreis_verh\u00e4ltnis\/",
            "hashtags": "Finanzen"
        }
    },
    {
        "20250615": {
            "value": "\ud809\udc2bH\u00e4nge ein selbstgemaltes krakeliges Bild auf und beantrage Kindergeld. \ud809\udc2b\r\n:ablobcatbongo: \r\n\r\n#smart tihi\r\nhttps:\/\/www.reddit.com\/r\/luftablassen\/comments\/1l8oxj5\/habe_mein_grundst\u00fcck_mit_2_fake_schildern\/",
            "hashtags": "smart"
        }
    },
    {
        "20250615": {
            "value": "\ud809\udc2bSeit 2016 wird der Sender insbesondere wegen wiederholter Auftritte von Rechtsextremisten in einer Talkshow sowie des \u201eWochenkommentar\u201c des Intendanten Ferdinand Wegscheider als rechtspopulistisch kritisiert. Seit der COVID-19-Pandemie wird dem Sender die Verbreitung von diesbez\u00fcglichen Falschinformationen in einigen Sendeformaten vorgeworfen. \ud809\udc2b\r\n\r\nhttps:\/\/de.m.wikipedia.org\/wiki\/ServusTV\r\n\r\n\"Servus\" and #nevermore.\r\n\r\nWhere do these insane tv stations come from ???",
            "hashtags": "nevermore"
        }
    }
]