[
    {
        "20250125": {
            "value": "#CurrListeningAlcea \r\n* Vision of Heaven - #BlocParty https:\/\/www.youtube.com\/watch?v=pS-_qq9mbW4",
            "hashtags": "CurrListeningAlcea, BlocParty"
        }
    },
    {
        "20250125": {
            "value": "#CurrListeningAlcea\r\n Rhododendron - Bloc Party https:\/\/www.youtube.com\/watch?v=RBtiKidZlA0",
            "hashtags": "CurrListeningAlcea"
        }
    },
    {
        "20250125": {
            "value": "#Disney stealing #artists work https:\/\/www.youtube.com\/watch?v=ylKLIjlDEi8",
            "hashtags": "Disney, artists"
        }
    },
    {
        "20250125": {
            "value": "ritonavir form1 - 2 \r\nchange difficulties #aids https:\/\/www.youtube.com\/watch?v=PccOwGEbtQU&t=4m26s",
            "hashtags": "aids"
        }
    },
    {
        "20250125": {
            "value": "#CurrListeningAlcea \r\n* Story of RAiNBOW - Idolish7 \r\nhttps:\/\/www.youtube.com\/watch?v=77hWgKjtW_Y&list=PLCdTsP3oN9X0-bBXiCwWLZTaJuX4jcwYh",
            "hashtags": "CurrListeningAlcea"
        }
    },
    {
        "20250124": {
            "value": "Hmm..\r\nYou can request a second #dhl delivery if first one #failed ?\r\nhttps:\/\/www.dhl.de\/nochmal-zustellen#https:\/\/www.gutefrage.net\/frage\/ie-sendung-konnte-nicht-zugestellt-werden--dhl",
            "hashtags": "dhl, failed, https"
        }
    },
    {
        "20250124": {
            "value": "#Cloud vs #Sephiroth and million fanboy n fangirl screams evrywhere :ablobcatrave: :ablobjoy: \r\nhttps:\/\/www.youtube.com\/watch?v=TXDRlYBmJks&t=2m23s",
            "hashtags": "Cloud, Sephiroth"
        }
    },
    {
        "20250124": {
            "value": "#CurrListeningAlcea \r\n~lilim \/ Amitlu ~\r\n Yu-Gi-Oh ARC-V Unreleased Soundtrack - Class Wars (D-Wheel Theme) https:\/\/www.youtube.com\/watch?v=EstvWSX8iGQ",
            "hashtags": "CurrListeningAlcea"
        }
    },
    {
        "20250124": {
            "value": "#vlc #recording ... cant be fixed ?\r\nhttps:\/\/forum.videolan.org\/viewtopic.php?t=136131\r\nhttps:\/\/ibb.co\/85kfXgx\r\nhttps:\/\/i.ibb.co\/6PQTN0t\/Screenshot-2025-01-24-20-47-46.jpg\r\n\r\n\r\n",
            "hashtags": "vlc, recording"
        }
    },
    {
        "20250124": {
            "value": "Lets ask #shotcut for #lipsync directly\r\nhttps:\/\/forum.shotcut.org\/t\/lipsync-frames-in-shotcut\/47273",
            "hashtags": "shotcut, lipsync"
        }
    },
    {
        "20250124": {
            "value": "#CurrListeningAlcea \r\n~Now I see~ - ChaosLegion \r\nhttps:\/\/www.youtube.com\/watch?v=CNSthNwk04s",
            "hashtags": "CurrListeningAlcea"
        }
    },
    {
        "20250124": {
            "value": "There is an #Influncer wiki ?!\r\nhttps:\/\/www.styleranking.de\/influencer-marketing-wiki\/lip-sync#:~:text=Unter%20Lip%20sync%20(Lippensynchronisation)%20versteht,(ehemals%20Musical.ly).",
            "hashtags": "Influncer"
        }
    },
    {
        "20250124": {
            "value": "#probability #calculator\r\nhttps:\/\/sethoscope.net\/calculator\/",
            "hashtags": "probability, calculator"
        }
    },
    {
        "20250124": {
            "value": "#AvrilLavigne 3dmodel\r\nhttps:\/\/www.forender.com\/component\/mijoshop\/product\/1553-avin-for-v4.html?",
            "hashtags": "AvrilLavigne"
        }
    },
    {
        "20250124": {
            "value": "Gues #CDBurnerXP can easily burn #Audio #CDs :ablobcatrave: \r\nhttps:\/\/cdburnerxp.se\/en\/download\r\nhttps:\/\/ibb.co\/H7FdVkT\r\nhttps:\/\/i.ibb.co\/fM1v2Pd\/Screenshot-2025-01-24-12-31-29.jpg\r\n",
            "hashtags": "CDBurnerXP, Audio, CDs"
        }
    },
    {
        "20250124": {
            "value": ":RedCrystalHeart: \r\nMy first #AMV ever\r\nhttps:\/\/www.youtube.com\/watch?v=-mfeAusvAZA\r\n\r\nShotcut rocks !\r\n#VRAINS",
            "hashtags": "AMV, VRAINS"
        }
    },
    {
        "20250123": {
            "value": "#CurrListeningAlcea\r\n Play Hard (feat. Ne-Yo & Akon) (New Edit) \r\nhttps:\/\/www.youtube.com\/watch?v=a2CTWkTQY6A",
            "hashtags": "CurrListeningAlcea"
        }
    },
    {
        "20250123": {
            "value": "#CurrListeningAlcea \r\ndavid Guetta Feat. Kid Cudi - Memories https:\/\/www.youtube.com\/watch?v=NUVCQXMUVnI",
            "hashtags": "CurrListeningAlcea"
        }
    },
    {
        "20250123": {
            "value": "#CurrListeningAlcea\r\n* Solar Angel_- Shokii \r\nhttps:\/\/www.youtube.com\/watch?v=yQqnFjvFSPA",
            "hashtags": "CurrListeningAlcea"
        }
    },
    {
        "20250123": {
            "value": "https:\/\/www.youtube.com\/watch?v=-DLvHauW1bg\r\nclogged extruder\r\n#3dprinting\r\n\r\nwhat a drag\r\n",
            "hashtags": "3dprinting"
        }
    },
    {
        "20250123": {
            "value": "#vroid scrubbing contact info from #vrm s\r\nhttps:\/\/vroid.pixiv.help\/hc\/en-us\/articles\/38412611532569-Important-notice-regarding-contact-information-in-VRM-Files",
            "hashtags": "vroid, vrm"
        }
    },
    {
        "20250123": {
            "value": "https:\/\/www.stlfinder.com\/model\/simple-screw-top-bottle-opener-with-keyring-mount-and-pop-can-tab-vyBCzGRe\/2262700"
        }
    },
    {
        "20250122": {
            "value": ":ablobjoy: \r\n\r\nGuess I like \"#lite\" #Samsung devices\r\nhttps:\/\/ibb.co\/MDTsBcT\r\nhttps:\/\/i.ibb.co\/vx5HX35\/Screenshot-20250123-004228-Brave.png",
            "hashtags": "lite, Samsung"
        }
    },
    {
        "20250122": {
            "value": "Still surprised how this works with the #anycubic kobra2 I have\r\nhttps:\/\/www.amazon.de\/-\/en\/Mintion-Upgraded-Printer-Monitoring-Control-V2\/dp\/B0CBS36L4F\r\n\r\nBut not other -newer-Models hah",
            "hashtags": "anycubic"
        }
    },
    {
        "20250122": {
            "value": "* B@\u20ac@ about #Tuya IR remotes having my wifi pass *\r\n\r\nInstall Beagle Cam to my #Kobra2 #3dprinter\r\n\r\nYeah..\r\nBut it'll only run if my printer runs, otherwise #offthegrid and #offline.\r\n\r\nCan even be accessed via webinterface # 192.168.0.\u00d7\u00d7\u00d7.\r\n\r\nSure #octoprint does the same.\r\nWorks with my printer tol,\r\nbut my realme5pro has 10 minute usb otg timeout so a 60 buck camera,\r\nAffixed and Obly pointing at printer not room is better.\r\n\r\nAnd if the #3dprinter breaks I still have the cam.\r\nCool !\r\n\r\nCould do w.o. app enforcement tho..\r\nSucks\r\nhttps:\/\/ibb.co\/qrxCNc3\r\nhttps:\/\/i.ibb.co\/S3JctM4\/20250123-001752.jpg",
            "hashtags": "Tuya, Kobra2, 3dprinter, offthegrid, offline, octoprint, 3dprinter"
        }
    },
    {
        "20250122": {
            "value": "Grrrreat #pytube now neeeds to have T0Kens ??!\r\n\r\nThe proof of origin (PO) token is a parameter that YouTube requires to be sent with video playback requests from some clients. Without it, format URL requests from affected customers may return HTTP error 403, error with bot detection, or result in your account or IP address being blocked.\r\n https:\/\/github.com\/JuanBindez\/pytubefix\/pull\/209\r\n\r\n#Youtube WAT ?\r\n",
            "hashtags": "pytube, Youtube"
        }
    },
    {
        "20250122": {
            "value": "#CurrListeningAlcea * Nazotoki no Itoguchi - SoundRush III ( #RyoKawasaki) https:\/\/www.youtube.com\/watch?v=eav0OsR99JU&list=PL1cgD4xAYTpZs09S9ojWslCpSf5nCD0Zx&index=28\r\n\r\n17. Harimegurasareta Shikou https:\/\/www.youtube.com\/watch?v=ZhKpKLFv84c&list=PL1cgD4xAYTpZs09S9ojWslCpSf5nCD0Zx&index=42",
            "hashtags": "CurrListeningAlcea, RyoKawasaki"
        }
    },
    {
        "20250122": {
            "value": "Yu-Gi-Oh! GO RUSH!!, Sound Rush Three https:\/\/www.youtube.com\/watch?v=J_gcT66dG80&list=PL1cgD4xAYTpZs09S9ojWslCpSf5nCD0Zx"
        }
    },
    {
        "20250122": {
            "value": "#FlowerSunAndRain LP\r\nhttps:\/\/www.youtube.com\/watch?v=QFqBppOO4No&list=PLxH1UH7bpdhHh4s0dPzFNi4xT62i7TIUj",
            "hashtags": "FlowerSunAndRain"
        }
    },
    {
        "20250122": {
            "value": "#AtelierYumia looks great\r\nhttps:\/\/www.youtube.com\/watch?v=tKo1JwdWNOw&t=161s\r\n\r\nWill be my first #Atelier game",
            "hashtags": "AtelierYumia, Atelier"
        }
    },
    {
        "20250122": {
            "value": "Hmm another model whose #textures seem incomplete but #renders #fine in #xps studio and #blender somehow\r\n\r\n#fbx and #pmx lack the textures, naturally\r\nhttps:\/\/ibb.co\/xMyLYhx\r\nhttps:\/\/i.ibb.co\/193QMZF\/render-vs-texture-edit-blender.png\r\nhttps:\/\/stackoverflow.com\/staging-ground\/79378246\r\nhttps:\/\/www.deviantart.com\/diegoforfun\/art\/Shenmue-Ryo-Hazuki-658053320\r\n#mikumikudance #textures #blender",
            "hashtags": "textures, renders, fine, xps, blender, fbx, pmx, mikumikudance, textures, blender"
        }
    },
    {
        "20250122": {
            "value": "#LetsGameItOut #Sims4\r\nhttps:\/\/www.youtube.com\/watch?v=-BRSus9eU10&t=3m34s",
            "hashtags": "LetsGameItOut, Sims4"
        }
    },
    {
        "20250122": {
            "value": "#CurrListeningAlcea\r\nFlower, Sun and Rain OST - KATHARINE #1 \/ Music by Masafumi Takada\r\nhttps:\/\/www.youtube.com\/watch?v=U8AihjGlHxw",
            "hashtags": "CurrListeningAlcea, 1"
        }
    },
    {
        "20250122": {
            "value": "I :RedCrystalHeart: #FlowerSunAndRain\r\nhttps:\/\/m.youtube.com\/watch?v=jWH8qmBrqWs&pp=ygUXRmxvd2VyIHN1biBhIHJhaW4gZnVubnk%3D\r\n\r\nA #PS2 game ported to the #NintendoDS\r\n\r\nh.a.n.d. are great\r\n\r\nI wanted to replay it.\r\n\r\nBut melonDS crashed *sob*\r\n#GameAlcea",
            "hashtags": "FlowerSunAndRain, PS2, NintendoDS, GameAlcea"
        }
    },
    {
        "20250122": {
            "value": "This is #hetalia #germany interpretation ???\r\nhttps:\/\/ibb.co\/1Lq3d2T\r\nhttps:\/\/i.ibb.co\/37NwMhc\/Screenshot-20250122-113526-Brave.png\r\n",
            "hashtags": "hetalia, germany"
        }
    },
    {
        "20250122": {
            "value": "E-Mail: Verheerende Bilanz eines KFZ-Ingenieurs https:\/\/www.youtube.com\/watch?v=5xpqm7CAP-A&t=3m30s"
        }
    },
    {
        "20250122": {
            "value": "So #Germany got #Yugioh till Arc-V https:\/\/www.youtube.com\/watch?v=gMFAUqAy7S0",
            "hashtags": "Germany, Yugioh"
        }
    },
    {
        "20250122": {
            "value": "In the TCG \"2MysticalRefpanel\" can be Chained to \"Mesmeric Control\". In the OCG it cannot. https:\/\/yugioh.fandom.com\/wiki\/Card_Rulings:Mystical_Refpanel\r\n\r\n#What ? #yugioh",
            "hashtags": "What, yugioh"
        }
    },
    {
        "20250121": {
            "value": "Combining #firememblem faces with #pokemon bodys ?\r\nThats..\r\n\r\nkinda smart !\r\nhttps:\/\/www.deviantart.com\/o-dv89-o\/art\/Sonia-Mod-preview-907148716\r\n\r\nThe #mmd community cries about theft.\r\n\r\nI love this kinda creativity..\r\nMaybe do KH with something ? \r\n:RedCrystalHeart: \r\n#MikuMikuDance",
            "hashtags": "firememblem, pokemon, mmd, MikuMikuDance"
        }
    },
    {
        "20250121": {
            "value": "\"nobody's worried about it, mitigating it is expensive, complex, or both, so it can't possibly be that bad, right?\" #3dprinting https:\/\/www.reddit.com\/r\/3Dprinting\/comments\/192itha\/how_many_plaonly_3d_printer_people_use\/",
            "hashtags": "3dprinting"
        }
    },
    {
        "20250121": {
            "value": "Recyling #plastic to #filament \r\nhttps:\/\/m.youtube.com\/watch?v=amTh2a3lwfY\r\n#3dprinting",
            "hashtags": "plastic, filament, 3dprinting"
        }
    },
    {
        "20250121": {
            "value": "The #fediverse might be #free\r\nBut its not #private\r\nhttps:\/\/mementomori.social\/@rolle\/113791493512475122\r\n\r\nCannot lock posts later or restrict to #followers\r\n\r\nA drag.\r\nEven #pm s are not encrypted\r\nhttps:\/\/alcea-wisteria.de\/blog\/2024\/07\/fediverse-review\r\n#mastodon #akkoma",
            "hashtags": "fediverse, free, private, followers, pm, mastodon, akkoma"
        }
    },
    {
        "20250121": {
            "value": "#MikuMikuDance #Donut !!\r\nhttps:\/\/bowlroll.net\/file\/325263",
            "hashtags": "MikuMikuDance, Donut"
        }
    },
    {
        "20250121": {
            "value": "Sooo\r\n\r\n#Steam preload is dependant on #Publisher\r\nhttps:\/\/www.reddit.com\/r\/silenthill\/comments\/1fx0nwa\/there_is_no_preload_for_steam\/?tl=de&rdt=53391 https:\/\/store.steampowered.com\/news\/group\/4777282\/view\/2886201183525333863?l=german",
            "hashtags": "Steam, Publisher"
        }
    },
    {
        "20250121": {
            "value": "#CurrListeningAlcea\r\nSuper Smash Bros N64 - Congo Jungle Theme (Donkey Kong Theme)\r\nhttps:\/\/www.youtube.com\/watch?v=VMM02yhVWN0",
            "hashtags": "CurrListeningAlcea"
        }
    },
    {
        "20250121": {
            "value": "Dang\r\n\r\nSick #comb !\r\n\r\nhttps:\/\/gbatemp.net\/attachments\/1737300024388-png.481303\/",
            "hashtags": "comb"
        }
    },
    {
        "20250121": {
            "value": "https:\/\/forum.drucktipps3d.de\/\r\n\r\nWow every.\r\nSingle.\r\nPost.\r\n\r\nHas to be a admin approved.\r\n\r\nWhat a drag"
        }
    },
    {
        "20250121": {
            "value": "Things @alcea grew tired of quickly:\r\n\r\n* #SteamDeck (*yawn* KHIII portable. Neat. #Next)\r\n* #3DPrinting (print 5 things you couldn't buy of anywhere. Next)\r\n* #Drawing analogue (Why draw on paper when you can draw #digitally, or draw #linework then color with #copics or #acryl after #A3 printing it ?)\r\nhttps:\/\/yusaao.com\/notice\/AqIwF57IxLedkoAZhw",
            "hashtags": "SteamDeck, Next, 3DPrinting, Drawing, digitally, linework, copics, acryl, A3"
        }
    },
    {
        "20250121": {
            "value": "Cause\r\na) it'll start collecting dust after initial \"honeymoon\" I can plrint all this yay phase\r\nb) you'll question the utility after fsiling to print a simple cd rack (when 5 prior far more complex prints went fine. And still do)\r\nc) lungs without PLA are great\r\n#3dprinting\r\nhttps:\/\/m.youtube.com\/watch?v=38gXuk6HoEM",
            "hashtags": "3dprinting"
        }
    },
    {
        "20250121": {
            "value": "#3dprinting\r\nhttps:\/\/forum.drucktipps3d.de\/forum\/thread\/40458-pla-und-gesundheit\/",
            "hashtags": "3dprinting"
        }
    },
    {
        "20250121": {
            "value": "Affix #CDs to #wall via #magnets ?\r\nhttps:\/\/www.supermagnete.de\/Magnetanwendungen\/CD-Wand-CD-Wall",
            "hashtags": "CDs, wall, magnets"
        }
    },
    {
        "20250120": {
            "value": "#Spaghetti #Detective - Words I *never* expected to be spoken together https:\/\/m.youtube.com\/watch?v=HBd0olxI-No&t=12m50 \r\n#3dprinting\r\nhttps:\/\/ibb.co\/RCBfsyF\r\nhttps:\/\/i.ibb.co\/SKdbMrj\/Screenshot-20250121-003548-Brave.png\r\n\r\n",
            "hashtags": "Spaghetti, Detective, 3dprinting"
        }
    },
    {
        "20250120": {
            "value": "What I like to do is to make a photo of the part. Use that as a background in CAD and trace it. If you scale the picture in CAD you will have all the dimensions in one go. https:\/\/m.youtube.com\/watch?v=g41Kyl4Zp8w\r\n#cad #3dprinting",
            "hashtags": "cad, 3dprinting"
        }
    },
    {
        "20250120": {
            "value": "#pla #safety in #3dprinters\r\nhttps:\/\/m.youtube.com\/watch?v=nofn_MHrxrs",
            "hashtags": "pla, safety, 3dprinters"
        }
    },
    {
        "20250120": {
            "value": "#CurrListeningAlcea\r\n#Paradise Kiss Opening Lonely In Gorgeous\r\nhttps:\/\/www.youtube.com\/watch?v=rxa0m5GFPN4",
            "hashtags": "CurrListeningAlcea, Paradise"
        }
    },
    {
        "20250120": {
            "value": "Extract #arc files from #Nier\r\nhttps:\/\/steamcommunity.com\/sharedfiles\/filedetails\/?id=601818667",
            "hashtags": "arc, Nier"
        }
    },
    {
        "20250120": {
            "value": "Only one mention of #ShiKi and #AoiBungaku\r\nhttps:\/\/www.reddit.com\/r\/anime\/comments\/1i4wv24\/i_need_the_most_depressing_anime_possible\/\r\n\r\nPpl are boring",
            "hashtags": "ShiKi, AoiBungaku"
        }
    },
    {
        "20250120": {
            "value": "Fix Print bade loosing errors\r\n#3DPrinting\r\nhttps:\/\/ibb.co\/SvBtc0X\r\nhttps:\/\/i.ibb.co\/9YWbh29\/Fix-Print-Bed-errors.gif",
            "hashtags": "3DPrinting"
        }
    },
    {
        "20250120": {
            "value": "#CurrListeningAlcea \r\n~Emil~ Despair - #NieRAutomata https:\/\/www.youtube.com\/watch?v=EyZaNx8T-fM",
            "hashtags": "CurrListeningAlcea, NieRAutomata"
        }
    },
    {
        "20250120": {
            "value": "#CurrListeningAlcea\r\n\u3010Princessemagic\u3011Song of the Ancients (Atonement) [NieR:Automata] https:\/\/www.youtube.com\/watch?v=WvYhY_IpAz0",
            "hashtags": "CurrListeningAlcea"
        }
    }
]