[
    {
        "20251130": {
            "value": "Ohwell\r\nhttps:\/\/codepen.io\/ryedai1\/pen\/YPqvxOv\r\n\r\n\ud809\udc2b\r\nGet the comments posted to the artwork.\r\n\r\nhttps:\/\/www.pixiv.net\/ajax\/illusts\/comments\/roots?illust_id={ARTWORK_ID}&offset={OFFSET_COUNT}&limit={LIMIT_COUNT}\r\nMethod: GET\r\n\r\nReferer: https:\/\/www.pixiv.net\/artworks\/{ARTWORK_ID}\ud809\udc2b\r\nfrom https:\/\/github.com\/daydreamer-json\/pixiv-ajax-api-docs?tab=readme-ov-file#get-user-information-focus-on-artwork\r\n\r\nIs seemingly the only way to actually #fetch #comments\r\n(Neither #grok , #chatgpt , #deepseek or #gemini knew this, god they are silly)\r\n\r\nAand the actual users who boommarked or liked ?\r\nMost likely rqs:\r\n* #oauth (good luck)\r\n* session cookie\r\n\r\n\r\nOhwell.\r\nI don't feel like scraping #PixivFE . Its #ratelimiting annoys me )\r\n\r\n#Pixiv #CodeAlcea\r\n\r\n<a target=\"_blank\" href=\"https:\/\/alceawis.de\/other\/extra\/fetchdata\/singlefetchpixivbookmarks.php?url=https:\/\/www.pixiv.net\/artworks\/127881438\" style=color:blue>test<\/a>\r\n\r\n#repost \u2022acws #acws",
            "hashtags": "get, fetch, comments, grok, chatgpt, deepseek, gemini, oauth, PixivFE, ratelimiting, Pixiv, CodeAlcea, repost, acws"
        }
    },
    {
        "20251130": {
            "value": "Wow talk about #CloseCall !\r\n\r\nThe #S7 only a few months ago got :lineageos: support\r\n\r\nphew !\r\nhttps:\/\/www.reddit.com\/r\/GalaxyTab\/comments\/1lj0bc0\/the_galaxy_tab_s7_is_now_officially_supported_by\/\r\n\r\n#Samsung",
            "hashtags": "CloseCall, S7, Samsung"
        }
    },
    {
        "20251130": {
            "value": "I like #Blender for converting formats and a\u0336u\u0336t\u0336o\u0336r\u0336i\u0336g\u0336g\u0336i\u0336n\u0336g\u0336\r\n Aswell as using FaceIt\r\nWhy do Studios Ignore Blender?\r\nhttps:\/\/m.youtube.com\/watch?v=FJgy5QeRSG0\r\n#repost \u2022acws #acws",
            "hashtags": "Blender, repost, acws"
        }
    },
    {
        "20251130": {
            "value": "So the only wqy would be to split every 499 #characters ..\r\n\r\nOh #mastodon why are you so annoying.\r\nhttps:\/\/ibb.co\/sJswpwB7\r\nhttps:\/\/i.ibb.co\/vvLPCPt9\/joined-image.jpg\r\n\r\n\r\n#WTFFedi\r\n#repost \u2022acws #acws",
            "hashtags": "characters, mastodon, WTFFedi, repost, acws"
        }
    },
    {
        "20251130": {
            "value": "This is why normal #SocialMedia is just not for me\r\n\r\nEven -seemingly simple #posts - are. Too. Loong\r\n\r\n500 is nothing\r\nhttps:\/\/ibb.co\/ynQXgGM7\r\nhttps:\/\/i.ibb.co\/gMR3tHXh\/Screenshot-20251130-065312-Brave.png\r\n#mastodon",
            "hashtags": "SocialMedia, posts, mastodon"
        }
    },
    {
        "20251130": {
            "value": "\ud83d\udcachttps:\/\/mstdn.animexx.de\/@JaneraTiciano\/115567076496316310#\ud83d\udcac \r\n\u2022acws #acws\r\n\ud809\udc2bWithout wifi the only thing that she can do is press the buttons on the bot. It won't do anything else without internet access - because its all done on AWS. As we found out around a year ago when #AWS went down on the East Coast.\ud809\udc2b https:\/\/www.reddit.com\/r\/roomba\/comments\/r8g328\/roomba_without_wifi\/\r\nhttps:\/\/surasto.de\/index.php?cat=Hacks&page=Roomba\r\n\r\nTL;DR\r\nDer geht zwar sicher ohne (mein Redkey hat einen Knopf der saugt dann auch ohne Server) aber der Hersteller wird waaahrscheinlich nicht m\u00f6gen das das ohne geht.\r\n\r\nGibt genug Projekte, aber alle mit #Raspi (Microcontroller etc)\r\nAlso leider nix was man kaufen kann.\r\n\r\n#Tuya Cloudcutter wird sicher auch nicht helfen.\r\n\r\nIch hab in meinem Router meinen Saugrobbi auf die #Blacklist gesetzt nachdem ich ihn eingerichtet hab\r\n#SchoeneNeueWelt",
            "hashtags": "acws, AWS, Raspi, Tuya, Blacklist, SchoeneNeueWelt"
        }
    },
    {
        "20251129": {
            "value": "\ud809\udc2bTinnitus haben meist die Leute mit sehr gro\u00dfem Stress. Auch hier hilft ein H\u00f6rger\u00e4t, der physisch nicht vorhandene #Tinnitus bekommt durch das eingeschr\u00e4nkte echte H\u00f6ren einfach mehr Raum. \ud809\udc2bhttps:\/\/m.youtube.com\/watch?v=TI_kVQ0QnUw",
            "hashtags": "Tinnitus"
        }
    },
    {
        "20251129": {
            "value": "#C418 #Minecraft og music composer\r\nhttps:\/\/m.youtube.com\/watch?v=HVd3xKnDkeE\r\n\r\nMicrosoft pressured the composer.\r\nHe kept right and left",
            "hashtags": "C418, Minecraft"
        }
    },
    {
        "20251129": {
            "value": "Keiner arbeitet so seltsam wie #Nintendo https:\/\/m.youtube.com\/watch?v=cwMFOYpE9Oc#",
            "hashtags": "Nintendo"
        }
    },
    {
        "20251129": {
            "value": "Hmmm\r\n2021 Samsung Galaxy Tablet (P900)\r\n=> got too slow 2 use and crashed while use with #iBisPaint\r\n\r\n2023 #S6Lite\r\n=> Started developing #GhostTouch es and has a broken #PowerButton\r\n\r\n2025 #S7 \r\n\r\nStarting to notice a #pattern here ..\r\nAll ones running :lineageos: sofar .....\r\n\r\nHmmmmmmmmm\r\n#TechIsNotBuildToLast anymore !\r\n\r\n(At least my old #Gameboy still works )\r\n\r\n#repost \u2022acws #acws",
            "hashtags": "iBisPaint, S6Lite, GhostTouch, PowerButton, S7, pattern, TechIsNotBuildToLast, Gameboy, repost, acws"
        }
    },
    {
        "20251129": {
            "value": "Did you know ?\r\nIf you #upload #CopiedRightInFridgeMint material to #Fedi and it #federates to other #instances , you are #PartnersInTime ?? I mean #croime !\r\n\r\n:AlceaCatDealWithIt: \r\n#ISwearOfficerIHaveNeverSeenThisBefore #FederationIsEvil but #EvilIsFun :blobcatfluffhappy: \r\n(Seriously tho.. This is kind of a weird thought.)\r\n#repost \u2022acws #acws",
            "hashtags": "upload, CopiedRightInFridgeMint, Fedi, federates, instances, PartnersInTime, croime, ISwearOfficerIHaveNeverSeenThisBefore, FederationIsEvil, EvilIsFun, repost, acws"
        }
    },
    {
        "20251129": {
            "value": "Felt like a #ffmpeg exclusion (mini cutter) since quite awhile.\r\n<a target=\"_blank\" href=\"https:\/\/alceawis.de\/other\/extra\/scripts\/ffmpeg\/ffmpeg-exclude.html?exclude_0=11.70-26.50&exclude_1=49.00-59.30&exclude_2=88.10-115.90\" style=color:blue>*click*<\/a>\r\n\r\nSure its not #DavinciResolve\r\nBut time is precious and watching unneccessary parts is booring :genshin_venti_yay: \r\nhttps:\/\/codepen.io\/ryedai1\/pen\/LENrxzV\r\n\r\nIst just a quick reopurpose of the trimmer\r\n#CodeAlcea #wasm #WebAssembly\r\n#repost \u2022acws #acws\r\n<=> https:\/\/alceawis.de\/other\/extra\/scripts\/fakesocialmedia\/replyhandler.html?url=https:\/\/woof.tech\/@alcea@alceawis.com\/115634825546711168",
            "hashtags": "ffmpeg, DavinciResolve, CodeAlcea, wasm, WebAssembly, repost, acws"
        }
    },
    {
        "20251129": {
            "value": "Cool #pose\r\nhttps:\/\/i.ibb.co\/bgsckN7q\/Screenshot-20251129-184824-Brave.png\r\n\r\nI :RedCrystalHeart: it\r\n\r\nhttps:\/\/alcea-wisteria.de\/PHP\/SampleWebMMD-master\/photostudio.html?pmx=ygovrains_wissy%2Fygovrains_wissy.pmx&pmx2=ygovrains_cea%2Fygovrains_cea.pmx&cam=-2.28%2C13.96%2C-8.03%2C26.01%2C0.9000%2C0.0733&m1=-5.00%2C0.00%2C0.00%2C-0.0667%2C-0.3600%2C0.0000&m2=-1.73%2C2.00%2C-1.57%2C-0.0667%2C1.5000%2C0.0000&stor1=%257B%2522%25E9%25A0%25AD%2522%253A%257B%2522quaternion%2522%253A%257B%2522x%2522%253A-0.12592420005550187%252C%2522y%2522%253A0.07927445711433209%252C%2522z%2522%253A-0.010095482227929917%252C%2522w%2522%253A0.9888158258888232%257D%257D%252C%2522%25E9%25A6%2596%2522%253A%257B%2522quaternion%2522%253A%257B%2522x%2522%253A-0.09727977776896399%252C%2522y%2522%253A0.22360759636684724%252C%2522z%2522%253A-0.022435594857283397%252C%2522w%2522%253A0.9695529545969431%257D%257D%252C%2522%25E5%25B7%25A6%25E8%2585%2595%2522%253A%257B%2522quaternion%2522%253A%257B%2522x%2522%253A0.14032730829810827%252C%2522y%2522%253A-0.6109536003691464%252C%2522z%2522%253A-0.11117503523563292%252C%2522w%2522%253A0.7711576079389616%257D%257D%252C%2522%25E5%258F%25B3%25E8%2585%2595%2522%253A%257B%2522quaternion%2522%253A%257B%2522x%2522%253A-0.04206304119657832%252C%2522y%2522%253A0.7114132971177684%252C%2522z%2522%253A-0.04273598450664016%252C%2522w%2522%253A0.700211008823461%257D%257D%252C%2522%25E5%25B7%25A6%25E3%2581%25B2%25E3%2581%2598%2522%253A%257B%2522quaternion%2522%253A%257B%2522x%2522%253A-0.3169208187071208%252C%2522y%2522%253A-0.6557267710938298%252C%2522z%2522%253A0.3105940753991635%252C%2522w%2522%253A0.6108313324214852%257D%257D%252C%2522%25E5%258F%25B3%25E3%2581%25B2%25E3%2581%2598%2522%253A%257B%2522quaternion%2522%253A%257B%2522x%2522%253A-0.05867076484907427%252C%2522y%2522%253A0.8287206096980247%252C%2522z%2522%253A-0.3958831984381619%252C%2522w%2522%253A0.3912242139849344%257D%257D%252C%2522%25E5%25B7%25A6%25E6%2589%258B%25E9%25A6%2596%2522%253A%257B%2522quaternion%2522%253A%257B%2522x%2522%253A0%252C%2522y%2522%253A0%252C%2522z%2522%253A0%252C%2522w%2522%253A1%257D%257D%252C%2522%25E5%258F%25B3%25E6%2589%258B%25E9%25A6%2596%2522%253A%257B%2522quaternion%2522%253A%257B%2522x%2522%253A-0.273617546127329%252C%2522y%2522%253A-0.29356181666990444%252C%2522z%2522%253A-0.24617719366912388%252C%2522w%2522%253A0.882242419951523%257D%257D%252C%2522%25E5%25B7%25A6%25E8%25B6%25B3%2522%253A%257B%2522quaternion%2522%253A%257B%2522x%2522%253A0%252C%2522y%2522%253A0%252C%2522z%2522%253A0%252C%2522w%2522%253A1%257D%257D%252C%2522%25E5%258F%25B3%25E8%25B6%25B3%2522%253A%257B%2522quaternion%2522%253A%257B%2522x%2522%253A0%252C%2522y%2522%253A0%252C%2522z%2522%253A0%252C%2522w%2522%253A1%257D%257D%252C%2522%25E5%25B7%25A6%25E3%2581%25B2%25E3%2581%2596%2522%253A%257B%2522quaternion%2522%253A%257B%2522x%2522%253A0%252C%2522y%2522%253A0%252C%2522z%2522%253A0%252C%2522w%2522%253A1%257D%257D%252C%2522%25E5%258F%25B3%25E3%2581%25B2%25E3%2581%2596%2522%253A%257B%2522quaternion%2522%253A%257B%2522x%2522%253A0%252C%2522y%2522%253A0%252C%2522z%2522%253A0%252C%2522w%2522%253A1%257D%257D%252C%2522%25E5%25B7%25A6%25E8%25B6%25B3%25E9%25A6%2596%2522%253A%257B%2522quaternion%2522%253A%257B%2522x%2522%253A0%252C%2522y%2522%253A0%252C%2522z%2522%253A0%252C%2522w%2522%253A1%257D%257D%252C%2522%25E5%258F%25B3%25E8%25B6%25B3%25E9%25A6%2596%2522%253A%257B%2522quaternion%2522%253A%257B%2522x%2522%253A0%252C%2522y%2522%253A0%252C%2522z%2522%253A0%252C%2522w%2522%253A1%257D%257D%252C%2522%25E5%25B7%25A6%25E7%259B%25AE%2522%253A%257B%2522quaternion%2522%253A%257B%2522x%2522%253A0%252C%2522y%2522%253A0%252C%2522z%2522%253A0%252C%2522w%2522%253A1%257D%257D%252C%2522%25E5%258F%25B3%25E7%259B%25AE%2522%253A%257B%2522quaternion%2522%253A%257B%2522x%2522%253A0%252C%2522y%2522%253A0%252C%2522z%2522%253A0%252C%2522w%2522%253A1%257D%257D%257D&stor2=%257B%2522%25E9%25A0%25AD%2522%253A%257B%2522quaternion%2522%253A%257B%2522x%2522%253A-0.16586296710978762%252C%2522y%2522%253A0.019721549757726567%252C%2522z%2522%253A-0.0033177017142210384%252C%2522w%2522%253A0.9859460073817566%257D%257D%252C%2522%25E9%25A6%2596%2522%253A%257B%2522quaternion%2522%253A%257B%2522x%2522%253A-0.23982673223619416%252C%2522y%2522%253A-0.47752935866332835%252C%2522z%2522%253A0.13731563275243203%252C%2522w%2522%253A0.8340223420995977%257D%257D%252C%2522%25E5%25B7%25A6%25E8%2585%2595%2522%253A%257B%2522quaternion%2522%253A%257B%2522x%2522%253A0.14032730829810827%252C%2522y%2522%253A-0.6109536003691464%252C%2522z%2522%253A-0.11117503523563292%252C%2522w%2522%253A0.7711576079389616%257D%257D%252C%2522%25E5%258F%25B3%25E8%2585%2595%2522%253A%257B%2522quaternion%2522%253A%257B%2522x%2522%253A-0.04206304119657832%252C%2522y%2522%253A0.7114132971177684%252C%2522z%2522%253A-0.04273598450664016%252C%2522w%2522%253A0.700211008823461%257D%257D%252C%2522%25E5%25B7%25A6%25E3%2581%25B2%25E3%2581%2598%2522%253A%257B%2522quaternion%2522%253A%257B%2522x%2522%253A-0.3169208187071208%252C%2522y%2522%253A-0.6557267710938298%252C%2522z%2522%253A0.3105940753991635%252C%2522w%2522%253A0.6108313324214852%257D%257D%252C%2522%25E5%258F%25B3%25E3%2581%25B2%25E3%2581%2598%2522%253A%257B%2522quaternion%2522%253A%257B%2522x%2522%253A-0.05867076484907427%252C%2522y%2522%253A0.8287206096980247%252C%2522z%2522%253A-0.3958831984381619%252C%2522w%2522%253A0.3912242139849344%257D%257D%252C%2522%25E5%25B7%25A6%25E6%2589%258B%25E9%25A6%2596%2522%253A%257B%2522quaternion%2522%253A%257B%2522x%2522%253A0%252C%2522y%2522%253A0%252C%2522z%2522%253A0%252C%2522w%2522%253A1%257D%257D%252C%2522%25E5%258F%25B3%25E6%2589%258B%25E9%25A6%2596%2522%253A%257B%2522quaternion%2522%253A%257B%2522x%2522%253A-0.273617546127329%252C%2522y%2522%253A-0.29356181666990444%252C%2522z%2522%253A-0.24617719366912388%252C%2522w%2522%253A0.882242419951523%257D%257D%252C%2522%25E5%25B7%25A6%25E8%25B6%25B3%2522%253A%257B%2522quaternion%2522%253A%257B%2522x%2522%253A0%252C%2522y%2522%253A0%252C%2522z%2522%253A0%252C%2522w%2522%253A1%257D%257D%252C%2522%25E5%258F%25B3%25E8%25B6%25B3%2522%253A%257B%2522quaternion%2522%253A%257B%2522x%2522%253A0%252C%2522y%2522%253A0%252C%2522z%2522%253A0%252C%2522w%2522%253A1%257D%257D%252C%2522%25E5%25B7%25A6%25E3%2581%25B2%25E3%2581%2596%2522%253A%257B%2522quaternion%2522%253A%257B%2522x%2522%253A0%252C%2522y%2522%253A0%252C%2522z%2522%253A0%252C%2522w%2522%253A1%257D%257D%252C%2522%25E5%258F%25B3%25E3%2581%25B2%25E3%2581%2596%2522%253A%257B%2522quaternion%2522%253A%257B%2522x%2522%253A0%252C%2522y%2522%253A0%252C%2522z%2522%253A0%252C%2522w%2522%253A1%257D%257D%252C%2522%25E5%25B7%25A6%25E8%25B6%25B3%25E9%25A6%2596%2522%253A%257B%2522quaternion%2522%253A%257B%2522x%2522%253A0%252C%2522y%2522%253A0%252C%2522z%2522%253A0%252C%2522w%2522%253A1%257D%257D%252C%2522%25E5%258F%25B3%25E8%25B6%25B3%25E9%25A6%2596%2522%253A%257B%2522quaternion%2522%253A%257B%2522x%2522%253A0%252C%2522y%2522%253A0%252C%2522z%2522%253A0%252C%2522w%2522%253A1%257D%257D%252C%2522%25E5%25B7%25A6%25E7%259B%25AE%2522%253A%257B%2522quaternion%2522%253A%257B%2522x%2522%253A-0.03659247940852805%252C%2522y%2522%253A-0.0599237018716453%252C%2522z%2522%253A0.0021981872224737047%252C%2522w%2522%253A0.9975296027575671%257D%257D%252C%2522%25E5%258F%25B3%25E7%259B%25AE%2522%253A%257B%2522quaternion%2522%253A%257B%2522x%2522%253A-0.019982669893055763%252C%2522y%2522%253A-0.039981336586388846%252C%2522z%2522%253A0.0007997333656868067%252C%2522w%2522%253A0.9990002733008911%257D%257D%257D\r\n\r\n#ModelsAlcea\r\n\r\n(I mean with Wissy around even I can look into the camera.. But only then.. \ud83d\ude43)\r\n#repost \u2022acws #acws",
            "hashtags": "pose, ModelsAlcea, repost, acws"
        }
    },
    {
        "20251129": {
            "value": "Mega Man Zero 4 (Rock Man Zero 4) - \" #Esperanto \" (Cover)\r\n https:\/\/m.youtube.com\/watch?v=OJ1GfwHmybk&list=RDOJ1GfwHmybk&start_radio=1&pp=oAcB\r\n#LunaUmegaki & #ita-shin \/ #\u677f\u5009\u771f\u4e00\r\n\r\n#FavsAlcea\r\n:RedCrystalHeart: \r\n#repost \u2022acws #acws",
            "hashtags": "Esperanto, LunaUmegaki, ita, FavsAlcea, repost, acws"
        }
    },
    {
        "20251129": {
            "value": "Is an interesting #lie better than a #boring #truth ?",
            "hashtags": "lie, boring, truth"
        }
    },
    {
        "20251129": {
            "value": "Hmm do I have a \" #TellMeYourLifeStory \" #sign somewhere on my person ?\r\n\r\n*checks ..*\r\n\r\nI don't see it...\r\nHmmmm\r\n\r\n:Alcea_Smile: \r\nHow peculiar....\r\n\r\n#repost \u2022acws #acws",
            "hashtags": "TellMeYourLifeStory, sign, repost, acws"
        }
    },
    {
        "20251129": {
            "value": "#CurrListeningAlcea\r\nChaos Legion OST - 15 - Feel No Fear\r\nhttps:\/\/www.youtube.com\/watch?v=1D2yW-kO6uY\r\n\r\n#repost \u2022acws #acws",
            "hashtags": "CurrListeningAlcea, repost, acws"
        }
    },
    {
        "20251129": {
            "value": "Lets make some #Tango in #Blender\r\n\r\nThis time: The #mesh\r\nhttps:\/\/www.youtube.com\/watch?v=CUQNM4Pa4WU&feature=youtu.be\r\n:tangofirstaid: \r\n\r\nAhyesImBored\r\n\r\n#ModelsAlcea\r\n\r\n#repost \u2022acws #acws",
            "hashtags": "Tango, Blender, mesh, ModelsAlcea, repost, acws"
        }
    },
    {
        "20251129": {
            "value": "\ud809\udc2bI'm afraid I never said I'd open source this piece of code. The #moc3 code was open-sourced from beginning but the #cmo3 code is not. Considering the time and effort I have spent on that (much more than moc3) it's not an easy decision for me to open-source that for now.\r\n\r\nIf you want to prove you can do some real original work (better than \"a deeply flawed and potentially unfixable piece of software\") other than that unsuccessful \"CVE\", go ahead and make an open-source one by yourself. However, it's obvious that your \"100% legal, FOSS reimplementation of Cubism Core\" won't be able to clone cmo3 implementation because with basic inspection of cmo3 you'd have realized it's just a simple serialization of Java objects, while your OpenL2D - if it's not a simple clone of inochi - was not written in Java but D (just like #inochi).\r\n\r\nAnd I think you already know you don't have to clone cmo3 if you really want to make your L2D system. You can make your own project format (if it's not .inx), as long as you can compile the project file to a moc3 file. I have no idea why you'd be interested in moc3 to cmo3. Try finding another \"CVE\"? You won't need this, either.\ud809\udc2b\r\n\r\n\"\" Feel free to make it yourself \"\"\r\n\r\nThe #inochi , #live2d #community in a nutshell\r\n\r\nEven #Sims4 was easier to get into.\r\nNothankuuuu\r\nhttps:\/\/github.com\/UlyssesWu\/D2Evil\/issues\/6\r\n\r\nOh and #java ?\r\nHuh\r\nOhwell\r\n\r\n#repost \u2022acws #acws\r\n",
            "hashtags": "moc3, cmo3, inochi, inochi, live2d, community, Sims4, java, repost, acws"
        }
    },
    {
        "20251129": {
            "value": "\ud809\udc2bAhhhhhh\r\n- Alcea\ud809\udc2b\r\n\r\nWhat.. Just happened ?\r\nhttps:\/\/m.youtube.com\/watch?v=s9_fvBwdKFo\r\n#Live2D Cubism\r\n\r\n#AutoMesh replace #psd\r\n#repost \u2022acws #acws",
            "hashtags": "Live2D, AutoMesh, psd, repost, acws"
        }
    },
    {
        "20251129": {
            "value": "\r\n(And dont get me started on being unable to convert #inochi to #live2d or vice versa.\r\nYou are locked to one format)\r\n\r\nI could imagine a #vroid 2 #live2d as you could ewssily identify parts and apply a main mesh..\r\nBit tbf\r\nWhybother ?",
            "hashtags": "Live2D, auto, repost, acws, inochi, live2d, vroid, live2d"
        }
    },
    {
        "20251129": {
            "value": "Well #Live2D Cubism \"#auto mesh gen looks ..\r\nInteresting\r\nhttps:\/\/docs.live2d.com\/en\/cubism-editor-manual\/mesh-edit\/\r\n\r\nBut I feel this whole topic is still not very clear....\r\n\r\n#repost \u2022acws #acws",
            "hashtags": "Live2D, auto, repost, acws"
        }
    },
    {
        "20251129": {
            "value": "#CurrListeningAlcea\r\nTHEME OF ROCKMAN EXE\uff5eTGS 2002 mix\uff5e\r\nhttps:\/\/www.youtube.com\/watch?v=_gSYYVb6eoo\r\n\r\n\r\n#repost \u2022acws #acws",
            "hashtags": "CurrListeningAlcea, repost, acws"
        }
    },
    {
        "20251129": {
            "value": "Whuait ?\r\n\r\nThe #Steam #Gamecube thingy will be like 750$ due to #DRAM prices being gouged ( #AI eating marketshare) ?\r\n\r\nUhhh\r\n#Steammachine being as expy as my #SteamDeck y and my #NintendoSwitch\r\n\r\nGuess what ?\r\nI think I'm fine with what I have\r\nVery.\r\nFine.\r\nhttps:\/\/www.vice.com\/en\/article\/valve-finally-confirms-leaked-steam-machine-price-rumors\/\r\n\r\n:blobcatlaugh: \r\n#repost \u2022acws #acws",
            "hashtags": "Steam, Gamecube, DRAM, AI, Steammachine, SteamDeck, NintendoSwitch, repost, acws"
        }
    },
    {
        "20251129": {
            "value": "Why would anyone go through all this trouble, just for an inferior 2D model ?\r\n\r\nNo thank you. I'll stick to MMD and vrm.\r\nMaybe if Mannequin Tool finally allows png import and rigging it in the program.\r\nAs it currently stands it s not suitable.\r\nInochi same thing. \r\nAnd Live2D Cubism ?\r\nIt's like being expected to pay for Krita when iBisPaint and CSP are just around the corner.\r\n\r\nI'd rather write a webrenderer that pretends to load mmd in a live2d esque manner.\r\nAnd that will work 100% better and not be limited to straight forward viewing angels\r\n\r\nLive2D and consorts all require you to create specific part views for each head movement.\r\nIt's basically what #RARE did for #DonkeyKongCountry on the #SNES.\r\nTake a 3D model and make a photo for each state.\r\nAlso rig every part of it.\r\nNot very. good.\r\n\r\n#Live2D ? More like no no no.\r\n3D is better than 2d. mostly. for this kind of thing.\r\n\r\nIn the end. A 2D Model requires waaaay more rigging than a 3d one, as you need to #puppet warp, every. dang. piece.\r\nHairstrand, clothing part. eyelid, everything.\r\nWhat 3D, #MikuMIkuDance and #vroid do with a few bones and blendshapes for face features, this needs to emulate painstakingly.\r\n\r\ni see no adavantage.\r\nAnd yes. You can emulate the \"2D\" look in 3D with shaders. So please, tell me why this \"2D\" thing is relevant again ?\r\n\r\nhttps:\/\/www.youtube.com\/watch?v=T7Nq7yfMy_s\r\n#repost \u2022acws #acws #displeasedcea #whywouldanyoneevenbother #IShouldHaveKnownBetter",
            "hashtags": "RARE, DonkeyKongCountry, SNES, Live2D, puppet, MikuMIkuDance, vroid, repost, acws, displeasedcea, whywouldanyoneevenbother, IShouldHaveKnownBetter"
        }
    },
    {
        "20251128": {
            "value": "K.\r\nGuess I'll do #Tango first\r\nhttps:\/\/m.youtube.com\/watch?v=hdMHId8rfeQ\r\n\r\n#Cats > #Mice !\r\n\r\n#repost \u2022acws #acws",
            "hashtags": "Tango, Cats, Mice, repost, acws"
        }
    },
    {
        "20251128": {
            "value": "\ud809\udc2bAls ich \u00fcber das gro\u00dfe Datenleak von #Doctolib recherchiert habe (Millionen Arzttermine), habe ich bis zu 30 Jahre alte Termine gefunden - und aus denen kann man sch\u00f6ne Zeitreihen basteln (Gyn>Kinderwunschbehandlung>Psychotherapie; jeweils mit vollem Namen der Patient:innen)\r\nEs stimmt eben nicht, dass Arzttermine keine sensiblen Daten sind. \r\nDoctolib hat mir damals direkt mit rechtlichen Schritten gedroht. Und nichts hat sich ge\u00e4ndert. \ud809\udc2b\r\nhttps:\/\/www.heise.de\/news\/Doctolib-startet-Praxissoftware-mit-KI-Unterstuetzung-11039058.html?wt_mc=sm.red.ho.mastodon.mastodon.md_beitraege.md_beitraege&utm_source=mastodon\r\nhttps:\/\/chaos.social\/@evawolfangel\/115501519547347686\r\n\r\nOh.\r\nThats bad. Reeeally bad :blobcatnotlike: \r\n#repost \u2022acws #acws",
            "hashtags": "Doctolib, repost, acws"
        }
    },
    {
        "20251128": {
            "value": "\ud809\udc2bROFL. Why bother hacking into highly protected government systems, when you can just buy the company that insures CIA and #FBI agents, and therefore has a list of all their names?\ud809\udc2b\r\nhttps:\/\/www.bbc.com\/news\/articles\/c4g311jn1m9o https:\/\/social.marxist.network\/@yogthos\/115574456459457693",
            "hashtags": "FBI"
        }
    },
    {
        "20251127": {
            "value": "Anything \"as a Service\" was a #mistake\r\n\r\n\r\n#repost \u2022acws #acws #SaaS #GaaS",
            "hashtags": "mistake, repost, acws, SaaS, GaaS"
        }
    },
    {
        "20251127": {
            "value": "\ud83d\udcachttps:\/\/infosec.space\/@kkarhan\/115623991445630313#\ud83d\udcac \r\n\u2022acws #acws\r\n\r\nI think nowadays its like only 2 turns max.\r\nKinda boring.\r\nWhy have like 40 if you loop through and spam extra.\r\nSince #Lightsworn Autopilot has gone out of hand.\r\n\r\n(Modern players hate \" #ThereCanOnlyBeOne \" \ud83d\ude3a )\r\n\r\nJust ask #JeffreyLeonard\r\nhttps:\/\/m.youtube.com\/watch?v=iS9t99I29ic\r\n",
            "hashtags": "acws, Lightsworn, ThereCanOnlyBeOne, JeffreyLeonard"
        }
    },
    {
        "20251127": {
            "value": "\ud83d\udcachttps:\/\/infosec.space\/@kkarhan\/115138639722264418#\ud83d\udcac \r\n\u2022acws #acws\r\n\r\nEh.\r\nI mean .. sure call it #LinkShock .\r\nBut forcing people to not spam or such was genious.\r\n\r\nI mean. Those arrows look pretty too.\r\nAnd forcing players to use them to \"unlock\" the rest of their (broken) extra was fair imo.\r\nShame MR5 reversed the constraints...\r\n\r\n<a target=\"_blank\" href=\"https:\/\/yugioh.fandom.com\/wiki\/Extra_Link\" style=color:blue>ExtraLink<\/a> was also a cool idea\r\n\r\nBut alas, people are gluttons.\r\nI like slower pace and steadyness.\r\nI see this as a metaphor for life\r\n\r\nAnd #PayToWin ?\r\nIts always been that way with thos #tcg thingys.\r\nI think #Pokemon and #mtg have it too.\r\n\r\nBlackLotus tihi",
            "hashtags": "acws, LinkShock, PayToWin, tcg, Pokemon, mtg"
        }
    },
    {
        "20251127": {
            "value": "\ud83d\udcachttps:\/\/alceawis.com\/notice\/B0gSkfhWl6Vc0aUKxM#\ud83d\udcac \r\n\u2022acws #acws\r\n\r\nBut #Gallop \/ \u682a\u5f0f\u4f1a\u793e\u304e\u3083\u308d\u3063\u3077 had their hands full that time.\r\nAnd wow they did their best.\r\n~Beautiful~\r\n\r\n:Alcea_Smile: \r\n\r\nhttps:\/\/en.wikipedia.org\/wiki\/Gallop_(studio)",
            "hashtags": "acws, Gallop"
        }
    },
    {
        "20251127": {
            "value": "Whuait.\r\n#DarkSideOfDimensions is on #Youtube ?!\r\nhttps:\/\/m.youtube.com\/watch?v=h-AEPFNIJFc\r\n\r\nOk #english dub but. Wow.\r\nMaybe I'll rewatch it.\r\n(Not that I get anything... Such a convoluted mess......)\r\n\r\n(Oh <a target=\"_blank\" href=\"https:\/\/m.youtube.com\/watch?v=1JL3fKBWdsY&pp=ygUSRHNvZCB5dWdpIHZzIGthaWJh\" style=color:blue>german<\/a> one exists too..\r\nAside atem I didn't really like the voices..)\r\n\r\nThe <a target=\"_blank\" href=\"https:\/\/m.youtube.com\/watch?v=q_OVpZATyYs&pp=ygUiRGFyayBzaWRlIG9mIGRpbWVuc2lvbnMgZHVhbCBhdWRpb9IHCQkVCgGHKiGM7w%3D%3D\" style=color:blue>church<\/a> scene was so pretty :dragnaww: \r\n\r\nSeto is quite crazy tho\r\n* build elevator to space\r\n* invest insane money to improve #ChildrenCardgame tech\r\n* build device to travel to past so can play CardGame with archrival\r\n\r\nYah\r\nThats quite some CV.\r\nBut he has his own company.\r\n\r\n#repost \u2022acws #acws #yugioh",
            "hashtags": "DarkSideOfDimensions, Youtube, english, ChildrenCardgame, repost, acws, yugioh"
        }
    },
    {
        "20251127": {
            "value": "\ud809\udc2bdon't think people actually realise how unhinged this man is, specifically his manga counterpart\ud809\udc2b \r\n#SetoKaiba is so worrysome crazy.\r\nIt's like a joke.\r\n\r\nAt least he uses his money to kinda.... Make the #world a ... Little better.\r\n\r\n(Come to think #KazukiTakahashi designed him after some super rude collector he met like 26 years ago)\r\nhttps:\/\/m.youtube.com\/watch?v=CH0ASda19dM\r\n",
            "hashtags": "SetoKaiba, world, KazukiTakahashi"
        }
    },
    {
        "20251127": {
            "value": "\ud83d\udcachttps:\/\/woof.tech\/@Purple\/115606855370216334#\ud83d\udcac \r\n\u2022acws #acws\r\n\r\nI always had difficulties with <a target=\"_blank\" href=\"https:\/\/www.health.harvard.edu\/mind-and-mood\/forgetfulness-7-types-of-normal-memory-problems\" style=color:blue>dates<\/a> n years too..\r\n\r\nI can only remember dates related to #music releases\r\n\ud809\udc2bah yes. 2019 that was the year music <a target=\"_blank\" href=\"https:\/\/alceawis.de\/yt?v=L4DrqbROaeA\" style=color:blue>xy<\/a> released\ud809\udc2b\r\n\r\nAnd thats why #history was among my least liked subjects in school.\r\nI liked the private stories, but knowing what date or such things were ?\r\nHope-less.",
            "hashtags": "acws, music, history"
        }
    },
    {
        "20251127": {
            "value": "#CurrListeningAlcea\r\nNelly - Just A Dream \r\nhttps:\/\/m.youtube.com\/watch?v=N6O2ncUKvlg&list=RDR36xGZMoz5Q&index=2&pp=0gcJCaMCnhUGBSbi",
            "hashtags": "CurrListeningAlcea"
        }
    },
    {
        "20251127": {
            "value": "#CurrListeningAlcea\r\nJust So You Know - #JesseMcCartney\r\n https:\/\/m.youtube.com\/watch?v=R36xGZMoz5Q&list=RDR36xGZMoz5Q&start_radio=1&pp=ygUQSmVzc2UgbWMgY2FydG5leaAHAQ%3D%3D",
            "hashtags": "CurrListeningAlcea, JesseMcCartney"
        }
    },
    {
        "20251127": {
            "value": "hmm ah yep.\r\n\r\nBecause you can never have enough #hobbies ...\r\n\r\nhttps:\/\/ibb.co\/SD1mF3TD\r\nhttps:\/\/i.ibb.co\/cKp84r5K\/Screenshot-2025-11-27-21-17-58.jpg\r\n\r\n#Live2D #Inochi #PuppetStrings #MannequinCharacterGenerator\r\n\r\n(Maybe I'll write a semi helper for my website to chill in the right corner to cheer people up :blobcatlaugh:  ...\r\nI wonder if #Rango would make a good ava... )\r\n#repost \u2022acws #acws",
            "hashtags": "hobbies, Live2D, Inochi, PuppetStrings, MannequinCharacterGenerator, Rango, repost, acws"
        }
    },
    {
        "20251127": {
            "value": "Mannequin Character Generator https:\/\/m.youtube.com\/watch?v=AVg2PgMWs7E\r\n#Live2D",
            "hashtags": "Live2D"
        }
    },
    {
        "20251127": {
            "value": "\ud809\udc2bWe just watched a #human being talking like a #robot and a robot talking like a human being. The world definitely turned upside down.\ud809\udc2b https:\/\/m.youtube.com\/watch?v=GiaNp0u_swU\r\n\r\n:ablobthinkingeyes: .....\r\n:franziska_annoyed_phoenixwright: \r\n#ChatGPT",
            "hashtags": "human, robot, ChatGPT"
        }
    },
    {
        "20251127": {
            "value": "WorldEndDominator - #Umineko\r\n\ud809\udc2bI'll show you just how lukewarm the hell you came from is\ud809\udc2b\r\nhttps:\/\/m.youtube.com\/watch?v=fAKkw71ff3U&pp=ygUbV29ybGQgZW5kIGRvbWluYXRvciB1bWluZWtv\r\n#CurrListeningAlcea",
            "hashtags": "Umineko, CurrListeningAlcea"
        }
    },
    {
        "20251127": {
            "value": "Cracked Black - MYTH & ROID\r\nhttps:\/\/m.youtube.com\/watch?v=l-rQzfIRxO0\r\n\r\n#repost \u2022acws #acws #CurrListeningAlcea",
            "hashtags": "repost, acws, CurrListeningAlcea"
        }
    },
    {
        "20251127": {
            "value": "\ud809\udc2b\r\n@Redline1998766\r\nOb ein Publishern mit #GameKeyCards Geld spart, ist mir egal. F\u00fcr einen Kunden z\u00e4hlt das Ergebnis, und hier hat Nintendo seine Hausaufgaben nicht gut genug gemacht. Zudem die Publisher nichts sparen werden, wenn sie sich schlecht verkaufen. Die glauben auch, dass die Konsumenten bzw. die Sammler nicht ganz helle sind.\r\n\r\nDas Argument \u201eSpiele sind gr\u00f6\u00dfer als 64 GB\u201c ist FALSCH\r\n\r\nDie meisten Spiele liegen bei:\r\n\r\n10\u201335 GB\r\n\r\nmanche bei 40\u201360 GB\r\n\r\nnur SEHR wenige \u00fcber 64 GB\r\n\r\nNintendo tr\u00e4gt an den Game-Key-Cards definitiv Mitschuld.\r\nWarum? Weil sie nur eine 64-GB-Cartridge anbieten und die ist so teuer, dass kaum ein Publisher sie wirtschaftlich einsetzen kann.\ud809\udc2b\r\nhttps:\/\/m.youtube.com\/watch?v=DRoAu0n84l8",
            "hashtags": "GameKeyCards"
        }
    },
    {
        "20251127": {
            "value": "\ud809\udc2bA cyst of zeiss is a benign #cyst arising from a gland of Zeiss. Glands of Zeiss are oil glands found at the base of eyelashes along side glands of Moll. Instead of clear fluid they are filled with yellow oily secretions.  They may be excised surgically if desired. Afterwards you will need to apply antibiotic ointment 3 times a day for two weeks.\ud809\udc2b\r\nhttps:\/\/www.austinmccormick.co.uk\/treatments\/minor-eyelid-lesions\/\r\nhttps:\/\/adp-eyecare.co.uk\/andrews-blog\/71-sensitive-cilia-eyelashes-in-health-and-disease\r\n\r\n",
            "hashtags": "cyst"
        }
    },
    {
        "20251126": {
            "value": "#CurrListeningAlcea\r\n#HyruleWarriors : #AgeOfImprisonment - Land of Antiquity\r\nhttps:\/\/m.youtube.com\/watch?v=hTRPKV-o9EY&list=PLUEexOMzLsXhbQV4k0V0jtJgrE2A6VgbN&index=10&pp=iAQB8AUB\r\n( #MONACA \u00d7 #TLOZ is a dream come true )\r\n\r\n#repost \u2022acws #acws",
            "hashtags": "CurrListeningAlcea, HyruleWarriors, AgeOfImprisonment, MONACA, TLOZ, repost, acws"
        }
    },
    {
        "20251126": {
            "value": "\ud809\udc2bEverything we do here is for the great #Goldfish\r\n\r\n~Goldfiiish ~\ud809\udc2b\r\nhttps:\/\/m.youtube.com\/watch?v=VqhJ_dJRCDQ&list=PL0C69ECBB8A9BE7B4&index=9&pp=iAQB&t=6m13s\r\n\r\n#MegamanLegends #Abridged\r\n\r\nAh yes.\r\nIts been awhile \r\n:blobcatlaugh: \r\n\r\n#repost \u2022acws #acws #favsalcea\r\n\r\n<=> https:\/\/alceawis.de\/other\/extra\/scripts\/fakesocialmedia\/replyhandler.html?url=https:\/\/woof.tech\/@alcea@alceawis.com\/115618035287785070",
            "hashtags": "Goldfish, MegamanLegends, Abridged, repost, acws, favsalcea"
        }
    },
    {
        "20251126": {
            "value": "\ud809\udc2b\r\nK\u00fcmmern wir uns zun\u00e4chst mal um den\r\nersten Teil dieser Aussage. Fr\u00fcher hat\r\nNintendo noch Liebe in ihre Spiele\r\ngest\u00e4rkt. Darin befinden sich zwei\r\nTeilaussagen. N\u00e4mlich fr\u00fcher war es noch\r\nso, dass Nintendo Spiele voller Liebe\r\nwaren, aber heute ist das nicht mehr der\r\nFall. Und hier geht schon das erste\r\nProblem los, denn was bedeutet\r\neigentlich fr\u00fcher? F\u00fcr manche Leute war\r\ndas die Zeit der WiU, als es Nintendo\r\nnicht ganz so gut ging und sie sich\r\naufgrund des Misserfolgs der Konsole\r\nnoch anstrengen mussten. F\u00fcr andere war\r\nes die Wi und DS Zeit, als Nintendo mega\r\nerfolgreich war mit ihren innovativen\r\nArten zu spielen und f\u00fcr wieder andere\r\nwie mich beispielsweise war es die\r\nGamecube Zeit, da ich damit aufgewachsen\r\nbin. Gerade Super Mario Sunshine ist so\r\ndas Spiel meiner Kindheit. Ich habe\r\nunfassbar viel Nostalgie f\u00fcr das Spiel\r\n\u00fcbrig und ich liebe es absolut. Deshalb\r\nf\u00e4llt es mir auch so schwer, das zu\r\nsagen, was ich gleich sagen werde, aber\r\nman muss einfach ehrlich sein, wenn es\r\num liebevolle Nintendo Spiele von fr\u00fcher\r\ngeht, denn Super Mario Sunshine ist ein\r\nunfertiger kaputter M\u00fcllhaufen eines\r\nVideospiels.\r\n[musik]\r\nJa, ich habe es gesagt. Und nur, dass\r\nwir uns da nicht missverstehen, ich\r\nliebe das Spiel wirklich. Ich habe schon\r\n\u00fcber 100 mal durchgespielt. Kein Witz\r\nund zumindestens jetzt f\u00fcr die Allstars\r\nVersion habe ich den deutschen Speedrun\r\nRekord. Wenn mich aber jemand fragt,\r\n\r\nBeispiel, wenn man manche Bananzas\r\nausl\u00e4sst und so das Spiel durchspielt,\r\ngibt es einen geheimen Dialog bei dem\r\nDekay und Pauline, die fehlenden\r\nBanances nachholen. Also ja, die\r\nEntwickler haben enorm viel Liebe zum\r\nDetail in das Spiel gesteckt. Ein\r\nanderes aktuelles Beispiel w\u00e4re noch The\r\nLegend of Zelda Tears of the Kingdom.\r\nDas Spiel war eigentlich schon fertig,\r\naber Nintendo hat sich noch ein Jahr\r\nZeit genommen, um es zu polishen. Davon\r\nk\u00f6nnten sich manch andere Studios eine\r\nScheibe abschneiden. Und ich wette mit\r\neuch, wenn Super Mario Sunshine genau in\r\ndieser Form, wie es damals war, heute im\r\nJahre 2025 rausk\u00e4me, w\u00fcrde es im\r\nInternet zerrissen werden. Jeder w\u00fcrde\r\nNintendo in Grund und Boden haten. Und\r\ndoch gelten solche Spiele von damals als\r\nliebevoll. Vielleicht merkt man daran\r\nschon, dass Videospiele an sich gar\r\nnicht schlechter geworden sind, sondern\r\ndie \u00e4u\u00dferen Umst\u00e4nde einfach nur anders\r\nsind. Aber gleich mehr dazu.\r\n\ud809\udc2b\r\n#Nintendo\r\nhttps:\/\/m.youtube.com\/watch?v=11e2bqNsNUg",
            "hashtags": "Nintendo"
        }
    },
    {
        "20251126": {
            "value": "#CurrListeningAlcea\r\nSearching the Lost Woods - #HyruleWarriors Age of Calamity \r\n#KumiTanioka\r\nhttps:\/\/m.youtube.com\/watch?v=8pG07PxGrnM&list=PLdxVUmT5MtAjIHw5ogerbCDxyIRIUN7mD&index=16&pp=iAQB8AUB",
            "hashtags": "CurrListeningAlcea, HyruleWarriors, KumiTanioka"
        }
    },
    {
        "20251126": {
            "value": "#CurrListeningAlcea\r\n#HyruleWarriors : #AgeOfImprisonment - Battle for the Forest (Music \/ OST) https:\/\/m.youtube.com\/watch?v=sin8pkS0NXs&list=PLUEexOMzLsXhbQV4k0V0jtJgrE2A6VgbN&index=17&pp=iAQB8AUB",
            "hashtags": "CurrListeningAlcea, HyruleWarriors, AgeOfImprisonment"
        }
    },
    {
        "20251126": {
            "value": "#N12 Notice #Eigenbedarf\r\n\ud809\udc2b\r\nEin N12-Formular ist eine offizielle K\u00fcndigung f\u00fcr eine Wohnung in Ontario, mit der ein Vermieter den Mietvertrag beendet, weil der Vermieter, ein Familienmitglied, ein K\u00e4ufer des Geb\u00e4udes oder ein Betreuer die Einheit f\u00fcr seinen Wohnsitz ben\u00f6tigt. Die Vermieter m\u00fcssen dem Mieter mindestens 60 Tage Vorlaufzeit geben, eine Entsch\u00e4digung in H\u00f6he eines Monatsmietpreises zahlen oder eine andere akzeptable Einheit anbieten. Der Mieter muss das Haus nicht vor dem im N12-Formular angegebenen Datum verlassen, wenn er mit der K\u00fcndigung nicht einverstanden ist; das Landlord and Tenant Board (LTB) wird die Entscheidung treffen. \r\nWas das N12-Formular bedeutet\r\nGrund f\u00fcr die K\u00fcndigung: Es dient der K\u00fcndigung, wenn die Mietwohnung f\u00fcr den pers\u00f6nlichen Gebrauch des Vermieters, eines Familienmitglieds, eines K\u00e4ufers des Geb\u00e4udes oder f\u00fcr die Versorgung durch einen Betreuer ben\u00f6tigt wird.\r\nK\u00fcndigungsfrist: Die K\u00fcndigungsfrist muss mindestens 60 Tage betragen und mit dem Ende eines Mietzeitraums oder dem Ende eines befristeten Mietvertrags \u00fcbereinstimmen.\r\nEntsch\u00e4digung: Der Vermieter muss dem Mieter eine Entsch\u00e4digung in H\u00f6he von einem Monatsmiete zahlen oder eine andere akzeptable Mietwohnung anbieten. \r\nWas Sie als Mieter tun sollten, wenn Sie ein N12-Formular erhalten\r\n\r\nhttps:\/\/www.reddit.com\/r\/OntarioLandlord\/comments\/1nzq6de\/landlord_got_new_tenants_just_after_4_months_of\/\r\n\ud809\udc2b",
            "hashtags": "N12, Eigenbedarf"
        }
    },
    {
        "20251126": {
            "value": "\ud809\udc2bBroom swept condition is all that is required. No you don\u2019t have to paint and any charges he tries to give you for painting, damages or professionally cleaning are illegal https:\/\/www.reddit.com\/r\/OntarioLandlord\/comments\/1m0wd6l\/is_my_landlord_just_making_things_up\/\r\n\ud809\udc2b\r\n#Besenrein #Vermieter",
            "hashtags": "Besenrein, Vermieter"
        }
    },
    {
        "20251126": {
            "value": "\ud809\udc2b\r\nLandlords apparently want un-redacted bank statements so they can see how much money we have in savings, and what our spending habits are. https:\/\/www.reddit.com\/r\/OntarioLandlord\/comments\/1nae45m\/over_the_top_request_by_landlords\/\r\n\ud809\udc2b\r\n#Landlord #Landlady\r\nhttps:\/\/www.reddit.com\/r\/OntarioLandlord\/comments\/wfxmha\/i_got_taken_advantage_of_by_my_landlord_landlady\/",
            "hashtags": "Landlord, Landlady"
        }
    },
    {
        "20251125": {
            "value": "https:\/\/m.youtube.com\/watch?v=JSsdHBDqGbQ&pp=0gcJCTAAlc8ueATH\r\nBrad overdoing the #DrawingTablet review wow...\r\n\r\nPersonally my S6Lite and Kamvas 13 (GS1331)\r\ncover all my bases.\r\n\r\nI still love Brads reviews.\r\n(Redrawing opaque lines.\r\nSketching.\r\nMhmm my fav parts <3)",
            "hashtags": "DrawingTablet"
        }
    },
    {
        "20251125": {
            "value": "The #iPad 's Software Problem Is Permanent\r\nhttps:\/\/m.youtube.com\/watch?v=bnYLpA5kAbo\r\n#apple\r\n\ud809\udc2b\r\nThis is a $2,000 iPad Pro with an M5 chip, 16 gigs \r\nof RAM, and more GPU cores than an iMac. And this,  \r\nthis is a 5-year-old M1 Mac Mini in a 3D-printed \r\ncase that cost just $800 when it was new all of  \r\nthose years ago. And the performance is not close, \r\nthe iPad absolutely destroys this Mac Mini. One of  \r\nthese devices can run a 20 billion parameter AI \r\nmodel, but the other won't even attempt to load  \r\nit. One of these devices can edit red raw camera \r\nfootage natively, the other doesn't support the  \r\ncodec. One of these devices can tweak settings \r\ninside of Death Stranding to balance performance  \r\nand quality, but the other gives you just two \r\noptions, HDR on or off. Guess which one is which. \r\n\ud809\udc2b",
            "hashtags": "iPad, apple"
        }
    },
    {
        "20251125": {
            "value": "Apple\u2019s Widget Backdoor https:\/\/m.youtube.com\/watch?v=NdJ_y1c_j_I\r\n\r\n#Apple cheats on #iOS\r\n.. Only apple is allowed animated icons",
            "hashtags": "Apple, iOS"
        }
    },
    {
        "20251125": {
            "value": "#LetsPlayMarkus being happy about his Dock being updated (14:35)\r\n\r\n(App the key in the dock can be updated )\r\nhttps:\/\/m.youtube.com\/watch?v=rgIxt6aS31c#&t=14m34s\r\n#NintendoSwitch2",
            "hashtags": "LetsPlayMarkus, NintendoSwitch2"
        }
    },
    {
        "20251125": {
            "value": "\ud809\udc2bHeute morgen war dann der Hammer, ich schau aus meinem Fenster raus und was sehe ich da? Ein Trampolin direkt unter meinem Fenster mit Fu\u00dfspuren die eindeutig auf mein Fenster zeigen! Meine Vermutung ist, dass meine Vermieterin immer morgens Fotos von meinem beschlagenen Fenster macht, um es als Beweis zu f\u00fchren, dass wir nicht l\u00fcften w\u00fcrden... Ich f\u00fchle mich unnormal gestalkt\ud809\udc2b\r\n#trampoline #photos ???\r\nWild\r\nhttps:\/\/www.reddit.com\/r\/wohnen\/comments\/1p13q67\/vermieterin_fotografiert_mein_fenster_regelm\u00e4\u00dfig\/",
            "hashtags": "trampoline, photos"
        }
    },
    {
        "20251125": {
            "value": "#Shower #gasket (?)\r\nhttps:\/\/www.reddit.com\/r\/wohnen\/comments\/1p424xv\/badewannenabfluss_dichtungsring_wie_tauschen\/\r\n\r\n(Weirdly looking)",
            "hashtags": "Shower, gasket"
        }
    },
    {
        "20251125": {
            "value": "\ud809\udc2b<p >Jo. Feste Vertr\u00e4ge sind ohne viel guten Willen des Vermieters nicht vor Ablauf der Mindestdauer aufl\u00f6sbar - Vermieter wollen sowas gerade bei Neubau oder nach ner frischen Sanierung gerne, um die Abnutzung durch Umz\u00fcge im Griff zu haben.<\/p><p >Du kannst aber den Vermieter zur&nbsp;<a rpl=\"\" class=\"relative pointer-events-auto a cursor-pointer\r\n  \r\n  \r\n  \r\n  \r\n  underline\r\n  \" href=\"https:\/\/www.berliner-mieterverein.de\/recht\/infoblaetter\/info-8-untermiete-und-untervermietung-hauptmieter-und-untermieter.htm\" rel=\"noopener nofollow noreferrer ugc\" target=\"_blank\" >Genehmigung einer Untervermietung<\/a>&nbsp;auffordern, darauf hast du einen rechtlichen Anspruch.<\/p>\ud809\udc2b\r\n\r\n#Festvertrag #Miete \r\nhttps:\/\/www.reddit.com\/r\/wohnen\/comments\/1p6avqa\/aus_2_jahre_festen_mietvertrag_rauskommen\/",
            "hashtags": "Festvertrag, Miete"
        }
    },
    {
        "20251125": {
            "value": "\ud809\udc2bHey zusammen, ich habe meine Nebenkostenabrechnung bekommen und bin echt irritiert. Laut Abrechnung habe ich in meiner 52 qm Wohnung 17.643 kWh Heizenergie verbraucht. Im Vorjahr waren es nur 8.237 kWh. Ich lebe ganz alleine in der Wohnung\ud809\udc2b\r\n#NebenkostenAbrechnung?https:\/\/www.reddit.com\/r\/wohnen\/comments\/1nfykix\/nebenkostenabrechnung_1600_nachzahlen\/",
            "hashtags": "NebenkostenAbrechnung"
        }
    }
]