[
    {
        "20251110": {
            "value": "#Fedi has so many broken links that are yet still somehow cached\r\nhttps:\/\/fandom.garden\/@stephaniepixie\/113409540534958723\r\n\r\nThis is so annoying\r\nhttps:\/\/alceawis.de\/other\/extra\/scripts\/fakesocialmedia\/replyhandler.html?url=https:\/\/woof.tech\/@stephaniepixie@fandom.garden\/113409540530267662\r\n\r\n(At least replyhandler will work with the json ..\r\n\r\nHow do normal people use #Fediverse anyways ? I'd go insane :genshin_neuvillette_sad_rain: )\r\n\r\n#repost \u2022acws #acws",
            "hashtags": "Fedi, Fediverse, repost, acws"
        }
    },
    {
        "20251110": {
            "value": "Considered getting into <a target=\"_blank\" href=\"https:\/\/alceawis.de\/other\/extra\/scripts\/fakesocialmedia\/commentload.html?text=Sims &number=10000\" style=color:blue>Sims<\/a> for making and seeing how custom charas (mesh modding yay ) work,\r\n\r\nbut the cc custom #sims community is a mess\r\n\r\n:NekoOhNo: \r\n#PayWalls everywhere.\r\n\r\nAnd then there is <a target=\"_blank\" href=\"https:\/\/alceawis.de\/other\/extra\/scripts\/fakesocialmedia\/commentload.html?number=10000&text=%23inZOI%0D%0Ahttps%3A%2F%2Fforum.playinzoi.com%2Ft%2Fcustom-hairs-for-inzoi#https:\/\/www.ign.com\/wikis\/inzoi\/Best_Zois\" style=color:blue>inZOI<\/a>\r\n.. which even supports custom hairstyles from #TheSims\r\n\r\n:RedCrystalHeart: \r\n\r\nMy internet bucket and computer #harddrive might hate for this tho..\r\n\r\nHmmmmm\r\n#repost \u2022acws #acws",
            "hashtags": "sims, PayWalls, https, TheSims, harddrive, repost, acws"
        }
    },
    {
        "20251110": {
            "value": "#inZOI\r\nhttps:\/\/forum.playinzoi.com\/t\/custom-hairs-for-inzoimodkit\/4098 https:\/\/www.tiktok.com\/@kaylamalinn\/video\/7490350036535086378 https:\/\/forums.nexusmods.com\/topic\/13512503-inzoi-modding-guides-resources\/\r\n\r\n#sims esque moddding",
            "hashtags": "inZOI, sims"
        }
    },
    {
        "20251110": {
            "value": "#Sims4 Download #Sims \r\nhttps:\/\/archive.org\/download\/the-sims-4 (27gb)\r\n\r\nhttps:\/\/archive.org\/details\/the-sims-4-pc (40gb)",
            "hashtags": "Sims4, Sims"
        }
    },
    {
        "20251110": {
            "value": ":dragnaww: \r\n#Sims \/ #Sims4\r\nhttps:\/\/sims4studio.com\/thread\/10406\/create-clay-maxis-hair-scratch",
            "hashtags": "Sims, Sims4"
        }
    },
    {
        "20251110": {
            "value": "Wow #Jumper sure changed the story for the #movie\r\n\r\nApp it has a #Directors cut with deleted scenes\r\n\r\nhttps:\/\/jumper.fandom.com\/wiki\/David_Rice\r\n\r\nAlso a indirect tvshow called \"Impulse\"\r\nhttps:\/\/cancelled-movies.fandom.com\/wiki\/Jumper_2 https:\/\/en.wikipedia.org\/wiki\/Impulse_(TV_series)",
            "hashtags": "Jumper, movie, Directors"
        }
    },
    {
        "20251110": {
            "value": "Just had a #flashback\r\nAs kids the neigbors had these\r\n\r\nhttps:\/\/www.milkcapmania.co.uk\/Chupa-Caps\/29-Slammers.html\r\nhttps:\/\/osta.img-bcg.eu\/item\/13\/8930\/94368930.jpg\r\n\r\nThey kinda remind of the #psychic #pins in #twewy\r\n(Altho the #chupa came first )\r\nhttps:\/\/twewy.fandom.com\/wiki\/TWEWY\/Pin_List\r\nhttps:\/\/de.wikipedia.org\/wiki\/Pog_(Spiel)\r\n\r\n#ChildhoodCea\r\n\r\nSadly the art for most of em is.. Well.\r\n(The disney ones looked great.\r\nSadly I was too young back then to get how this works.\r\nWas nice watching the other kids play tho \ud83d\ude3a)\r\n\r\n#repost \u2022acws #acws",
            "hashtags": "flashback, psychic, pins, twewy, chupa, ChildhoodCea, repost, acws"
        }
    },
    {
        "20251110": {
            "value": "#NierAutomata on #Switch2 *still* not fixed\r\nW\r\nT\r\nF\r\n#SquareEnix\r\nhttps:\/\/switch-software-compatibility.nintendo.com\/en-US\/details\/010056b015fe8000",
            "hashtags": "NierAutomata, Switch2, SquareEnix"
        }
    },
    {
        "20251110": {
            "value": "#Sims3 #Sims Computer download\r\n7.5gb\r\nhttps:\/\/archive.org\/details\/ctzr-7-whxiaay-5-sp",
            "hashtags": "Sims3, Sims"
        }
    },
    {
        "20251110": {
            "value": "\ud809\udc2b\r\nThere's a misunderstanding I think a lot\r\nof people seem to have about AI in\r\nmedicine and to a lot of doctors the\r\ndiscussion around this feels a bit\r\nstrange and frankly I blame Dr. House.\r\nUh there are many applications of AI in\r\nmedicine with the real potential to\r\nhelp, but the one that everyone tends to\r\nfocus on is diagnosis. And the idea that\r\nan immensely powerful algorithm with\r\naccess to the entire body of medical\r\nliterature and enough computing power to\r\npoison the water supply for half the\r\nstate of Virginia could perform better\r\nthan a single human being is not\r\nespecially surprising to me. But the\r\nthing is that making a diagnosis is I\r\ndon't know about 5% of my job. I did a\r\nward round today. It's Sunday and the\r\nhospital is just full of frail elderly\r\npatients with at least five separate\r\nproblems all contributing to their\r\nclinical state. This is something called\r\nmultimobbidity and it's rapidly on the\r\nrise the world over. For my ward, this\r\nwould look something like heart failure,\r\ndiabetes, high blood pressure,\r\ncholesterol, obesity, kidney disease,\r\nlung disease, and perhaps something\r\nthat's tipped them over the edge into\r\nhospital like an infection. And AI\r\nwouldn't help me on unifying a diagnosis\r\nhere, nor on deciding treatment either,\r\nbecause treatment for one condition\r\noften exacerbates another. So, you have\r\nto cautiously titrate things anyway, and\r\nevery patient responds differently in an\r\nunpredictable way. And it's a real shame\r\nthat the public perception of us sitting\r\naround with our thinking caps on um\r\ntrying to get to the bottom of some\r\ndiagnosis is inaccurate because many of\r\nus went into medicine because we love\r\nthat intellectual challenge of figuring\r\nout a puzzle. Dr. house who I mentioned\r\nwho was obviously based on Sherlock\r\nHolmes written by a doctor inspired by\r\nanother doctor but that was 150 years\r\nago today with an aging population and\r\nrising multimobility we don't see these\r\nelegant single explanations like you get\r\nin an episode of house we see a\r\nconstellation of overlapping diseases\r\ndrug interactions and social problems\r\nthat no one algorithm can ever capture\r\nso as I went around the extremely\r\ncomplex patients today uh doing what\r\nfeels more like spinning\r\nhundreds of plates. The idea that some\r\ndiagnostic AI will offer me uh much help\r\nfeels a bit like pie in the sky. And all\r\nright, you say I'm a specialist, but\r\nmaybe even if we take doctors on the\r\ndiagnostic front line, like a GP or an\r\nemergency doctor, the majority of their\r\njob is now managing chronic conditions\r\nand making decisions about care, not\r\npuzzling over new and mysterious\r\ndiagnosis. My group chats light up when\r\nwe have some interesting or challenging\r\ndiagnosis. The days when we can flex\r\nthat diagnostic mus muscle and ponder\r\nsomething and really feel like a doctor\r\nare highlights, but they are few and far\r\nbetween. Sadly, media stories where a\r\nmother spends years searching for her\r\nson's diagnosis and then discovers a\r\nrare amino acid malfunction are exactly\r\nthat, rare. That's why they make news\r\nstories. It's a million miles away from\r\nthe reality of medicine and where the\r\nbiggest pressures exist on health\r\nsystems around the world.\r\n\r\n\ud809\udc2b\r\n#ai #medicine #medlifecrisis\r\nhttps:\/\/m.youtube.com\/watch?v=hRv5KU6dFsU",
            "hashtags": "ai, medicine, medlifecrisis"
        }
    },
    {
        "20251110": {
            "value": "\ud809\udc2b@robertquigley8119\r\n Please leave my wallet alone, I'm only here for my weekly listen to Cosmo Canyon \ud83d\ude2d\ud83d\ude2d\ud809\udc2b \r\n\r\n#Yeah !\r\nOr MoonsOfJupiter for that matter\r\nhttps:\/\/m.youtube.com\/watch?v=7Y5G8qwKjkY",
            "hashtags": "Yeah"
        }
    },
    {
        "20251109": {
            "value": "Hmm no #Sonic4 yet\r\nhttps:\/\/m.youtube.com\/watch?v=SpUZeyKT8EM\r\n\r\n#CreamTheRabbit Mods\r\n\r\nGuess they missed cream 64\r\nhttps:\/\/m.youtube.com\/watch?v=9zKOkfkRzu8",
            "hashtags": "Sonic4, CreamTheRabbit"
        }
    },
    {
        "20251109": {
            "value": "#Dartz theme via AI made into #symphonic metal..\r\n\r\nI can imafine him rocking out to this via eguitar :awoo_grill: \r\n\r\nhttps:\/\/m.youtube.com\/watch?v=m4Hi7LQOa_w",
            "hashtags": "Dartz, symphonic"
        }
    },
    {
        "20251109": {
            "value": "\ud809\udc2bWhen did the things we use get sad? Like\r\nwhen did phones get so boring?\r\nA million options of the same fragile\r\nglass slab and all of this mass-produced\r\nby the millions for target audience of\r\nliterally the entire earth.\r\nBlah blah. Don't care. Sorry, I almost\r\nbecame one of those depressing\r\ndocumentary channels. Anyways,\r\nI just want a silly phone. Yeah, that's\r\nenough reasoning.\ud809\udc2b\r\n#build own #smartphone\r\nhttps:\/\/m.youtube.com\/watch?v=qy_9w_c2ub0\r\n#repost \u2022acws #acws",
            "hashtags": "build, smartphone, repost, acws"
        }
    },
    {
        "20251109": {
            "value": "#Yatzhee s #MarioKartWorld review\r\n:blobcatlaugh: \r\n\r\nhttps:\/\/ibb.co\/mCkqR9MK\r\nhttps:\/\/i.ibb.co\/6RzPyHfS\/joined-image.jpg\r\nhttps:\/\/m.youtube.com\/watch?v=9pca3Eqsrb8&list=PLUBKwq0XD0ueR3CXGUhGpsD1puLcYJPUp&index=21&pp=iAQB",
            "hashtags": "Yatzhee, MarioKartWorld"
        }
    },
    {
        "20251109": {
            "value": "#Lego #bouncing #DVD Logo\r\nhttps:\/\/m.youtube.com\/watch?v=1sPK42-fzqU&t=19m42s\r\n\r\n<a target=\"_blank\" href=\"\/404.html\" style=color:blue>Tango<\/a> also loves doing that",
            "hashtags": "Lego, bouncing, DVD"
        }
    },
    {
        "20251109": {
            "value": "#3dPrinting #repair #tools\r\nhttps:\/\/m.youtube.com\/watch?v=vLYK7JM9dkQ\r\n\r\nhttps:\/\/makerworld.com\/de\/models\/1384133-screen-repair-clamps?from=search#profileId-1433177 \r\nhttps:\/\/makerworld.com\/de\/models\/18331-phone-repair-lcd-holder-stand?from=search#profileId-17206\r\nhttps:\/\/makerworld.com\/de\/models\/18331-phone-repair-lcd-holder-stand?from=search#profileId-17206\r\nhttps:\/\/makerworld.com\/de\/models\/471477-black-stick-spudger-tech-repair-tool?from=search#profileId-381235\r\nhttps:\/\/makerworld.com\/de\/models\/597291-electronics-opening-tools?from=search#profileId-521502\r\nhttps:\/\/makerworld.com\/de\/models\/778562-4mm-bit-ifixit-nano-screwdriwer-handle?from=search#profileId-715435\r\nhttps:\/\/makerworld.com\/de\/models\/595627-phone-charge-port-dust-and-lint-cleaning-tool?from=search#profileId-517556",
            "hashtags": "3dPrinting, repair, tools, profileId, profileId, profileId, profileId, profileId, profileId, profileId"
        }
    },
    {
        "20251109": {
            "value": "#Link 6 ?!\r\nhttps:\/\/cardcluster.de\/card\/the-arrival-cyberse-ignister\r\nhttps:\/\/yugioh.fandom.com\/wiki\/The_Arrival_Cyberse_@Ignister\r\nhttps:\/\/yugioh.fandom.com\/wiki\/Firewall_Dragon_Singularity\r\n\r\nhttps:\/\/yugioh.fandom.com\/wiki\/Link_6_Monster_Cards\r\n\r\n#TheArrival @Ignister\r\n#yugioh",
            "hashtags": "Link, TheArrival, yugioh"
        }
    },
    {
        "20251109": {
            "value": "\ud809\udc2b5 Level 13 Winged Beast monsters\ud809\udc2b\r\n\r\nUhm Excuuuse me ?\r\nHow ?!\r\nhttps:\/\/yugioh.fandom.com\/wiki\/Raidraptor_-_Rising_Rebellion_Falcon\r\nhttps:\/\/yugioh.fandom.com\/wiki\/Rank_13_Monster_Cards\r\n#yugioh",
            "hashtags": "yugioh"
        }
    },
    {
        "20251109": {
            "value": "\ud809\udc2bSo sch\u00e4tzen Sie Ihren Stromverbrauch \u2013 einfach und direkt:\r\n\r\nNutzen Sie diese Faustformel:\r\n\r\nWohnfl\u00e4che \u00d7 9 kWh\r\nBeispiel: 80 m\u00b2 \u00d7 9 = 720 kWh\r\n\r\nPersonenzahl \u00d7 200 kWh\r\nBeispiel: 2 Personen \u00d7 200 = 400 kWh\r\n\r\nElektroger\u00e4te \u00d7 200 kWh\r\nZ\u00e4hlen Sie Ger\u00e4te wie Herd, Waschmaschine, Trockner, Mikrowelle, Computer.\r\nBeispiel: 9 Ger\u00e4te \u00d7 200 = 1.800 kWh\r\n\r\nGesamter Stromverbrauch:\r\nAddieren Sie die drei Werte.\r\nBeispiel: 720 + 400 + 1.800 = 2.920 kWh pro Jahr\ud809\udc2b\r\n#Strom \/ m\u00b2\r\n#Electricity\r\nhttps:\/\/www.eon.de\/de\/pk\/strom\/stromverbrauch\/stromverbrauch-berechnen.html",
            "hashtags": "Strom, Electricity"
        }
    },
    {
        "20251109": {
            "value": "#FullyRamblomatic #Yahtzee #ZeroPunctuation\r\nhttps:\/\/m.youtube.com\/playlist?list=PLUBKwq0XD0ueR3CXGUhGpsD1puLcYJPUp",
            "hashtags": "FullyRamblomatic, Yahtzee, ZeroPunctuation"
        }
    },
    {
        "20251109": {
            "value": "#jojo s poses\r\nhttps:\/\/www.reddit.com\/r\/JoJoMemes\/comments\/1ok8eli\/just_jojos_poses\/\r\nhttps:\/\/v.redd.it\/81dldwmmqayf1\/DASH_96.mp4",
            "hashtags": "jojo"
        }
    },
    {
        "20251109": {
            "value": "So even #duolingo charas have fanart ?\r\nhttps:\/\/i.redd.it\/9llqt713arzf1.png\r\nhttps:\/\/www.reddit.com\/r\/shitposting\/comments\/1oqk1us\/duolingo\/",
            "hashtags": "duolingo"
        }
    },
    {
        "20251108": {
            "value": "https:\/\/m.youtube.com\/watch?v=CJ6YeGCM1wo\r\nhttps:\/\/en.wikipedia.org\/wiki\/List_of_card_games_related_anime_and_manga\r\n#cardgame #anime #yugioh #vanguard #duelmasters",
            "hashtags": "cardgame, anime, yugioh, vanguard, duelmasters"
        }
    },
    {
        "20251108": {
            "value": "#CardfightVanguard #overDress is surprisingly cute.\r\n\r\nI hope it will be more story and less cards (I don't get that anyways :NekoOhNo: )\r\n\r\nBut..\r\nA boy that #crossdressed as girl (cause the sisters forced m) is hilarious.\r\nEvil.\r\nBut hilarious\r\n#AnimuAlcea \r\n#repost \u2022acws #acws\r\nhttps:\/\/ibb.co\/W4h3JRDs\r\nhttps:\/\/i.ibb.co\/PvLYHVTt\/joined-image.jpg\r\n",
            "hashtags": "CardfightVanguard, overDress, crossdressed, AnimuAlcea, repost, acws"
        }
    },
    {
        "20251108": {
            "value": "https:\/\/ibb.co\/wFfN4vpG\r\nhttps:\/\/i.ibb.co\/7dqJK9rM\/yugioh-has-references-to-other-media-but-what-media-you-v0-tnz6q98nwj4f1.jpg\r\n\r\n https:\/\/www.reddit.com\/media?url=https%3A%2F%2Fpreview.redd.it%2Fyugioh-has-references-to-other-media-but-what-media-you-v0-tnz6q98nwj4f1.jpeg%3Fwidth%3D640%26auto%3Dwebp%26s%3Deb75dc65d59b280ade6b60a485f3275279931ec4\r\n\r\n#Yugioh #references in other #media\r\nhttps:\/\/www.reddit.com\/r\/yugioh\/comments\/1l1i1zr\/yugioh_has_references_to_other_media_but_what\/\r\nhttps:\/\/m.youtube.com\/watch?v=mZml_Ayx2zA&pp=0gcJCR4Bo7VqN5tD",
            "hashtags": "Yugioh, references, media"
        }
    },
    {
        "20251108": {
            "value": "\ud809\udc2bThis thread was one of the first things I ran into while trying to do something similar (though for a different purpose), and since I ended up looking into the .yrp format quite extensively, I figured I'd drop my findings here to save some time for anyone else who might be in the same situation at some point. I can't guarantee that all the details are 100% correct, but I'm pretty sure of the overall conclusion at least.\r\n\r\nTL;DR: Reading basic duel configuration and decklists from the file can be done with just a little bit of code, but figuring out what actually happens in the duel requires the entire YGOPro simulation engine.\r\n\r\nDetails:\r\n\r\nThe first sizeof(ReplayHeader) (seems to be 32) bytes contain a plain serialization of the replay's header. After that follow up to 4096 bytes of LZMA-compressed replay data.\r\n\r\nUpon decompression of the data, we find that the first 80 bytes are reserved for Unicode (wchar_t) player names, in tag duels even the first 160 bytes (so 40 bytes per player). The following 16 bytes are split into groups of 4 containing basic duel configuration: Starting LP, starting hand size, draw count, and an opt field for additional configuration in that order. The 4 bytes after that contain the size of Player 1's main deck, and then each card id in the deck takes up its own 4 bytes. The same repeats for the extra deck, and then for both main and extra decks of Player 2.\r\n\r\nEverything after this point is just the user input to be replayed, stored in an alternating pattern of response lengths (of type int) and the appropriately sized responses that are passed to the core system for processing.\r\n\r\nHandling responses in general requires the full information on the duel state managed inside YGOPro, however some conclusions about the meaning of the response codes listed in the .yrp can be derived from browsing the source code a bit. Each response is written into game_field->returns.bvalue, where game_field->returns is a union that also contains game_field->returns.ivalue in 32-bit int format. When waiting for input in an idle state, the program computes uint32 t = returns.ivalue[0] & 0xffff and uint32 s = returns.ivalue[0] >> 16, and it appears that t is the type of action to be executed:\r\n\r\nt=0: Normal Summon\r\n\r\nt=1: Special Summon\r\n\r\nt=2: Change position\r\n\r\nt=3: Set monster\r\n\r\nt=4: Set spell\/trap\r\n\r\nt=5: Chain\/activate effect (?)\r\n\r\nt=6: Enter Battle Phase (?)\r\n\r\nt=7: Enter End Phase (?)\r\n\r\nt=8: Shuffle hand (?)\r\n\r\nAnd s, for those actions that affect a certain card, is the index of that card in the relevant collection of cards found in core. So unless you first compute the full list of cards that a player could normal summon at a given point (in the correct order as well), it's impossible to tell which card was actually normal summoned. Same for special summons, effect activations, etc.\r\n\r\nSources:\r\n\r\nThe ygopro and ygopro-core Github repositories, mostly these files:\r\n\r\nhttps:\/\/github.com\/Fluorohydride\/ygopro\/blob\/master\/gframe\/replay.cpp\r\n\r\nhttps:\/\/github.com\/Fluorohydride\/ygopro\/blob\/master\/gframe\/replay_mode.cpp\r\n\r\nhttps:\/\/github.com\/Fluorohydride\/ygopro-core\/blob\/master\/field.h\ud809\udc2b\r\n\r\nUff everything is defined in \"core\" ?\r\nNo way can I parse #yrp in web then !!\r\nhttps:\/\/www.reddit.com\/r\/yugioh\/comments\/dbb19e\/parsing_ygopro_replays\/\r\n#edopro #ygopro #replay",
            "hashtags": "yrp, edopro, ygopro, replay"
        }
    },
    {
        "20251108": {
            "value": "#CurrListeningAlcea\r\nBurn the #Evidence- #BillyTalent\r\nhttps:\/\/m.youtube.com\/watch?v=df9_tLXj-jc",
            "hashtags": "CurrListeningAlcea, Evidence, BillyTalent"
        }
    },
    {
        "20251108": {
            "value": "#Lol #yugioh doing the\r\n\r\n\"  This Suffering - BillyTalent\r\nhttps:\/\/m.youtube.com\/watch?v=ECo2XAGBWr4\r\n\"\r\n\r\nhttps:\/\/www.instagram.com\/ygomemes2.0\/p\/CwoEHYHPWbV\/\r\nhttps:\/\/ibb.co\/tT8PVgDM\r\nhttps:\/\/i.ibb.co\/wFMr5V4N\/Screenshot-20251108-215206-Brave.png\r\n",
            "hashtags": "Lol, yugioh"
        }
    },
    {
        "20251108": {
            "value": "* #yrp \/ #yrpx parser\r\nhttps:\/\/github.com\/orgs\/ygoreplay\/repositories?type=all\r\n\r\n#yugiohpro #edopro #replay",
            "hashtags": "yrp, yrpx, yugiohpro, edopro, replay"
        }
    },
    {
        "20251108": {
            "value": "\ud809\udc2b\r\n@digitalcourage @ZDF\r\n\r\nEine weniger erfreuliche Sendung aus der gleichen #WISO-Serie:\r\n\r\nhttps:\/\/www.zdf.de\/play\/reportagen\/deals-108\/deals-mit-kartenzahlung-100\r\n\r\nNur in einem Nebensatz wird erw\u00e4hnt, da\u00df #Kartenzahlung #Datenspur\ufeffen hinterl\u00e4\u00dft. #TabeaMirbach fragt, warum sie in manchen L\u00e4den nur mit #Bargeld zahlen kann, aber stellt sich nicht die Frage, inwieweit bargeldlose L\u00e4den Menschen ausgrenzen, die keine Karten haben, haben k\u00f6nnen oder haben wollen \u2014 z.B., weil es #Bank\ufeffen oder #FinTech\ufeffs nichts angeht, wann man wo wie viel bezahlt hat.\ud809\udc2b\r\nhttps:\/\/woof.tech\/@debacle@framapiaf.org\/114904424690772864\r\n#Bargeld\r\nhttps:\/\/www.zdf.de\/play\/reportagen\/deals-108\/deals-mit-kartenzahlung-100\r\nhttps:\/\/nrodlzdf-a.akamaihd.net\/none\/zdf\/25\/07\/250710_deals_kartenzahlung_wis\/2\/250710_deals_kartenzahlung_wis_4328k_p19v17.webm",
            "hashtags": "WISO, Kartenzahlung, Datenspur, TabeaMirbach, Bargeld, Bank, FinTech, Bargeld"
        }
    },
    {
        "20251108": {
            "value": "\ud809\udc2bWhat inspired you to work for Neuron?\" \"Your soundtrack.\" Yoseph writes \"Hired as Hell\" on his clipboard\r\n\ud809\udc2b\r\n#AstralChain\r\n https:\/\/m.youtube.com\/watch?v=GHEJAuUfTec&list=RDGHEJAuUfTec&start_radio=1&pp=oAcB",
            "hashtags": "AstralChain"
        }
    },
    {
        "20251108": {
            "value": "#SerialExperimentsLain https:\/\/m.youtube.com\/watch?v=UPmdzmoHz6s op",
            "hashtags": "SerialExperimentsLain"
        }
    },
    {
        "20251108": {
            "value": "Yes\r\n#KamikazeKaitouJeanne *did* have the most impressive OP n EDs\r\nAnd yet\r\n..\r\nNoone seems to remember\r\n\r\nhttps:\/\/www.reddit.com\/r\/anime\/comments\/19c413r\/kamikaze_kaito_jeanne_had_some_of_the_best_ops",
            "hashtags": "KamikazeKaitouJeanne"
        }
    },
    {
        "20251108": {
            "value": "Wenn #digitaler #Euro = kein #Bargeld hei\u00dft ..\r\n\r\nDann \"Gute Nacht\"\r\nhttps:\/\/www.bundesbank.de\/de\/aufgaben\/unbarer-zahlungsverkehr\/digitaler-euro\r\n#repost \u2022acws #acws",
            "hashtags": "digitaler, Euro, Bargeld, repost, acws"
        }
    },
    {
        "20251108": {
            "value": "\ud809\udc2bPlottwist, es gibt gar keine gro\u00dfe Weltverschw\u00f6rung, bei der die Menschen durch High Tech heimlich ausgesp\u00e4ht werden, weil die schon komplett freiwillig und von selbst alle ihre Daten hergeben.\ud809\udc2b\r\nDotwin (Doppelbedeutung von englisch dot \u201aPunkt\u2018 und to win \u201agewinnen\u2018 und Abk\u00fcrzung f\u00fcr \u201aDigital Optical Transmitter Wireless Intelligent Navigation\u2018) war eine kleine kreisf\u00f6rmige Pappscheibe, die die Zeitung Bild, T-D1, McDonald\u2019s, Deutsche Bank 24, Shell und der Fernsehsender ProSieben im Jahr 2001 f\u00fcr ein Gewinnspiel verteilten\r\nIn den Dotwins befand sich ein schwach empfindlicher fotografischer Film, aufgeteilt auf sechs Segmente, der durch ein helles, sendungsspezifisches Muster auf dieser Fl\u00e4che vom Fernseher langzeitbelichtet wurde. Am Ende war auf dem Film, der durch die L\u00f6cher auf der R\u00fcckseite sichtbar war, eine Ver\u00e4nderung zu erkennen, die best\u00e4tigen sollte, dass die Sendung verfolgt wurde. Somit wurde der Dotwin g\u00fcltig.\r\n#Dotwin #LongtimeExposure chromatic\r\n https:\/\/m.youtube.com\/watch?v=RaJWV1Zi0Yo\r\nhttps:\/\/de.wikipedia.org\/wiki\/Dotwin",
            "hashtags": "Dotwin, LongtimeExposure"
        }
    },
    {
        "20251108": {
            "value": "Lil Cleaning robo redkey r10\r\n+ finds way to base station itself..\r\n+ as it cartographs room\r\n- had trouble self emptying (base station red blinking) - had to remove clog from end of robby.\r\n0 will stop and blink red if cannot continue (stuck, obstacle etc)\r\n0 but now base station light is blue (which means self empty should work ?)\r\n=> robo is muuuch smarter than old one. And app is not needed past initial config\r\n[Altho app can be used to disable annoying voice and remote control, define nogo zones]\r\n(Can start cleaning with click on power. Self empty with click on house.\r\nWill return to station if batt low or bag full)\r\n==>> Froze SmartLife App after setup\r\n==>> blocked robby in router blacklist  \r\n\r\n#RedkeyR10",
            "hashtags": "RedkeyR10"
        }
    },
    {
        "20251108": {
            "value": "Oh gawd\r\n#Bluesky os getting worse n worse\r\n\r\nNo #search while logged out ?!\r\nhttps:\/\/ibb.co\/gZNVj746\r\nhttps:\/\/i.ibb.co\/QvLdbcDX\/Screenshot-20251108-121109-Brave.png",
            "hashtags": "Bluesky, search"
        }
    },
    {
        "20251108": {
            "value": "#Youtube #reaacts acc to klengan\r\nhttps:\/\/m.youtube.com\/watch?v=LabIMTTsvrU",
            "hashtags": "Youtube, reaacts"
        }
    },
    {
        "20251108": {
            "value": "\ud809\udc2bIch bin #Globuli unvertr\u00e4glich. Zum Gl\u00fcck hilft mir Placebo immer noch gegen meine Hypochonder.\ud809\udc2b https:\/\/m.youtube.com\/watch?v=pESqaCqce1U",
            "hashtags": "Globuli"
        }
    },
    {
        "20251108": {
            "value": "Contingency fees\r\n allow #lawyers to take on more cases. They do not have to worry about clients not being able to pay hourly rates upfront.\r\n\ud809\udc2b\r\nTo have a lawyer take your case on contingency means they will only be paid if they win your case, receiving a pre-agreed percentage of the settlement or verdict. This \"no win, no fee\" arrangement means you won't pay any upfront legal fees, and the lawyer will advance all case expenses, such as filing fees and expert witnesses, which are then deducted from the final award if you win. It is important to have a clear, written contingency fee agreement that details the percentage and how expenses are handled. \r\n\ud809\udc2b\r\nhttps:\/\/www.johnfoy.com\/faqs\/why-do-lawyers-take-cases-on-contingency\/\r\nhttps:\/\/m.youtube.com\/watch?v=5x5WO3xFkw8",
            "hashtags": "lawyers"
        }
    },
    {
        "20251107": {
            "value": "Wow <a href=\"https:\/\/media.infosec.exchange\/infosec.exchange\/cache\/media_attachments\/files\/115\/507\/538\/008\/612\/109\/original\/3394c3c1ea965d89.jpg\">AFD<\/a> is even #worse thn imaginable\r\n\r\nhttps:\/\/norden.social\/@hart\/115507537774684384\r\nhttps:\/\/www.foraum.de\/cAx\/abstimmungsverhalten-der-afd-im-bundestag-auszug",
            "hashtags": "worse"
        }
    },
    {
        "20251107": {
            "value": "\ud809\udc2b\r\n So, using this list, I have determined that I have to complete endless Odyssean Tasks (some are really just disguised Pandoran Tasks, tho) while living in a world focused on Narcissian Tasks led by people who *think* they are completing Promethean Tasks that are actually Medusan Tasks, making extremely difficult to believe anything other that Thesean Tasks will save us. \r\n\ud809\udc2b\r\n#task #greek\r\nhttps:\/\/infosec.exchange\/@masek\/115507451151625748",
            "hashtags": "task, greek"
        }
    },
    {
        "20251107": {
            "value": "Lol at #savespace in W\u00fc \/ \r\nhttps:\/\/savespace.eu\/de\/storageunits\/\r\n\r\n272\u20ac for transportation.\r\nI'd rather bring it then myself :blobcatlaugh:\r\n\r\n#selfstorage\r\nhttps:\/\/ibb.co\/cSH7X1Hg\r\nhttps:\/\/i.ibb.co\/rRS1fmS7\/Screenshot-20251107-110940-Brave.png\r\n:wuerzburg: \\ W\u00fcrzburg",
            "hashtags": "savespace, selfstorage"
        }
    },
    {
        "20251107": {
            "value": "Guess #germany really wants the adage to be true\r\n\ud809\udc2bArbeiten lohnt sich\ud809\udc2b\r\nhttps:\/\/www.suedkurier.de\/geld-leben\/finanzen\/buergergeld-buergergeld-trotz-arbeit-6-11-25-102590909\r\n#Buergergeld B\u00fcrgergeld",
            "hashtags": "germany, Buergergeld"
        }
    },
    {
        "20251106": {
            "value": "\ud809\udc2b It takes GTA 5 selling across not 1 but 3 console generations, on 7 different platforms to get the sales numbers it has. GTA individual platforms sales arent as high as Mario kart. Think what the sales numbers would if Nintendo had sold MK8 on 360\/PS3\/Wiiu, Xbox One\/PS4\/Switch, Series X\/S\/PS5\/Switch 2\/PC\u2026.\ud809\udc2b\r\n#Mariokart\r\nhttps:\/\/www.nintendolife.com\/news\/2025\/11\/shigeru-miyamoto-isnt-convinced-another-ip-will-surpass-mario-karts-sales",
            "hashtags": "Mariokart"
        }
    },
    {
        "20251106": {
            "value": "#Monaca & #KeiichiOkabe composing for #HyruleWarriorsAgeOfImprisonment ?\r\n\r\nI need it !\r\nhttps:\/\/www.nintendolife.com\/news\/2025\/11\/hyrule-warriors-age-of-imprisonments-ace-soundtrack-comes-courtesy-of-nier-composers",
            "hashtags": "Monaca, KeiichiOkabe, HyruleWarriorsAgeOfImprisonment"
        }
    },
    {
        "20251106": {
            "value": "#Goodbye #SquareEnix\r\nhttps:\/\/www.videogameschronicle.com\/news\/square-enix-says-it-wants-generative-ai-to-be-doing-70-of-its-qa-and-debugging-by-the-end-of-2027\/",
            "hashtags": "Goodbye, SquareEnix"
        }
    },
    {
        "20251106": {
            "value": "https:\/\/www.stefanjudis.com\/today-i-learned\/disabled-javascript-turns-off-native-lazy-loading\/\r\n#LazyLoading",
            "hashtags": "LazyLoading"
        }
    },
    {
        "20251106": {
            "value": "\r\n<ol ><li ><strong >She<\/strong>&nbsp;said she did not take his money. It was not someone else who said it.<\/li><li >She&nbsp;<strong >said<\/strong>&nbsp;she did not take his money. So I believe her.<\/li><li >She said&nbsp;<strong >she<\/strong>&nbsp;did not take his money. But someone else did.<\/li><li >She said she&nbsp;<strong >did<\/strong>&nbsp;not take his money. ?<\/li><li >She said she did&nbsp;<strong >not<\/strong>&nbsp;take his money. And thus she is still poor.<\/li><li >She said she did not&nbsp;<strong >take<\/strong>&nbsp;his money. But she won it gambling.<\/li><li >She said she did not take&nbsp;<strong >his<\/strong>&nbsp;money. But she took someone else's.<\/li><li >She said she did not take his&nbsp;<strong >money<\/strong>. But she did take something else of his.<\/li><\/ol>\r\n\r\n#context\r\nhttps:\/\/english.stackexchange.com\/questions\/258653\/8-in-1-sentence-depending-on-emphasis",
            "hashtags": "context"
        }
    },
    {
        "20251106": {
            "value": "Looks like #hikarinoakariost despite being down can still be used to <a target=\"_blank\" href=\"aHR0cHM6Ly9tZWdhLm56L2ZpbGUvTDhRa3hSakojUW9pMDU0TExRR1U4RWpuTERxcTNvZ1dxazZLa0QzdEZpQ3JnOHpnNlhLTQ==\" style=color:blue>find<\/a> some old links via #wayback...\r\nhttps:\/\/web.archive.org\/web\/20231108110417\/https:\/\/hikarinoakari.com\/86-eighty-six-original-soundtrack\/\r\n\r\nhttps:\/\/ibb.co\/F4mKmrKd\r\nhttps:\/\/i.ibb.co\/0ymcm7cz\/joined-image.png\r\n",
            "hashtags": "hikarinoakariost, wayback"
        }
    },
    {
        "20251106": {
            "value": "\ud809\udc2b\r\nThere's an old Russian joke, a man walks by the newstand every day. He looks at the newspapers but never buys anything. \r\nOne day the owner of the stand asks him if he's looking for something in particular. He says an obituary. The news seller says:  \"Ah those are on the back\"\r\n\r\n\"Not the one I'm #looking for\" the man replies\ud809\udc2b\r\nhttps:\/\/mastodon.xyz\/@Leeisme\/115498601187252099",
            "hashtags": "looking"
        }
    },
    {
        "20251106": {
            "value": "Absurdly Rich Sociopathic Entitlement Disorder (arsed)\r\n#Icd10\r\nhttps:\/\/codeberg.org\/alicewatson\/arsed",
            "hashtags": "Icd10"
        }
    },
    {
        "20251106": {
            "value": "\ud809\udc2b\r\nWhy reactive moderation isn't going to cut it, aka, \"The Sucker-punch Problem\".\r\n\r\nImagine you invite your friend\u2014let's call him Mark\u2014to a club with you. It's open-door, which is cool, because you like when a lot of folx show up. Sure, it might get a little rowdy, but they have a bouncer, and you've never seen things getting out of hand.\r\n\r\nSo, you're busy dancing when a new guy walks in wearing a \"I Hate Mark\" shirt and promptly sucker-punches Mark. You didn't see it happen, but Mark is upset and tells the bouncer, who kicks the guy out.\r\n\r\nA few minutes later, the same guy walks back in and sucker-punches Mark again. Same result. Some people in the club say they'll tell the bouncer if they see him come in again.\r\n\r\nMark wants to leave, but you tell him it's not that bad\u2014after all, you've never been punched, and you didn't see Mark get punched, so maybe he's just being sensitive.\r\n\r\nA different guy walks in wearing a \"I Plan On Punching Mark\" shirt. No one tells the bouncer, because they've never seen *this* guy punch Mark.\r\n\r\nHe sucker-punches Mark. At this point, Mark is pissed and yelling about being punched.\r\n\r\nThe club members talk about putting up a \"No Punching Mark\" sign, but the owner is worried it'll hurt his club's growth.\r\n\r\nAnother Mark in the club proposes they turn away anyone wearing an anti-Mark shirt or espousing anti-Mark rhetoric at the door, but this gets shot down for the same reason as the sign idea\u2014then someone sucker-punches him.\r\n\r\nBy the end of the night, your friend Mark is beat to fuck and says he'll never come to this club again. In fact, he's going to tell anyone named Mark to stay clear of this place.\r\n\r\nThe next time you go to the club, half the folx there are wearing \"I Kill Marks\" shirts, but there aren't any Marks there, so it doesn't come up.\r\n\r\nI've been sucker-punched every day, for the last three days in a row by some of the most vile hate-speech and imagery. The accounts are using open registration servers and signing up with variations \r\nAnd no, username pattern blocking alone won't fix this, it'll help a little, but mostly it'll just make them wear a different shirt while they sucker-punch us.\r\n\ud809\udc2b\r\n#ouch\r\nhttps:\/\/lgbtqia.space\/@alice\/115499829288185416",
            "hashtags": "ouch"
        }
    },
    {
        "20251106": {
            "value": "\ud809\udc2b\r\nEnd of Japanese community at Mozilla due to the introduction of AI-based translation.\r\n\r\nThe community members have expressed disappointment and  frustration that their long term volunteer efforts and local knowledge were being replaced by machine translation, which they felt did not match the quality of human provided support. \r\n\ud809\udc2b\r\n#mozilla\r\nhttps:\/\/mastodon.social\/@nixCraft\/115501880824995582",
            "hashtags": "mozilla"
        }
    },
    {
        "20251106": {
            "value": ":wuerzburg: 's #hertzstrasse has its own #website ?!\r\nhttps:\/\/www.hertzstrasse5.de\/wuebox\/\r\n\r\n:dragnaww: \r\n\r\n#wow !\r\nW\u00fcrzburg\r\n\r\n<hr>\r\nVideo at https:\/\/www.hertzstrasse5.de\/showroom\/ is gone",
            "hashtags": "hertzstrasse, website, wow"
        }
    },
    {
        "20251105": {
            "value": "\ud83d\udcachttps:\/\/woof.tech\/@dr_muesli\/115497008434689916#\ud83d\udcac \r\n\u2022acws #acws\r\n\r\nSadly yes \r\n:popukoUguu: \r\n\r\nI never cut the finger tip ever.\r\nNot sure how well that heals.\r\n\r\nStuped cans :blobcatnotlike: \r\nBeing a mew mew :text_is: hard. :blobcatlaugh: ",
            "hashtags": "acws"
        }
    },
    {
        "20251105": {
            "value": "Me: \"Oh no.. I cut my finger while opening a #can *\r\n\r\nAlso me:\r\n\" But I did not cut myself the last 1036 times..\r\nSo maybe I have no right to complain\"\r\n#Skillissue\r\n#repost \u2022acws #acws",
            "hashtags": "can, Skillissue, repost, acws"
        }
    },
    {
        "20251105": {
            "value": "Juggernaut - #SawanoHiroyuki\r\nhttps:\/\/m.youtube.com\/watch?v=E5f1_Yl0-jg\r\n#CurrListeningAlcea\r\n#repost \u2022acws #acws",
            "hashtags": "SawanoHiroyuki, CurrListeningAlcea, repost, acws"
        }
    },
    {
        "20251105": {
            "value": "How the world feels sometimes\r\nhttps:\/\/www.pixiv.net\/en\/artworks\/137127028\r\n\r\n(TL: https:\/\/ibb.co\/XQp33N7\r\nhttps:\/\/i.ibb.co\/DJk88s9\/ezgif-25bd1834228abd.gif )\r\n\r\nOhand,the pose tool works perfect now.\r\nThis is the first out of 1000 images where I could draw exactly the #pose I imagined.\r\nAmazing https:\/\/alceawis.de\/posesrefs.html )\r\n#DoodlesAlcea\r\n#repost \u2022acws #acws",
            "hashtags": "pose, DoodlesAlcea, repost, acws"
        }
    }
]