[
    {
        "20241031": {
            "value": "How to convert #pmx to #vrm and readd #blendshapesq :\r\nhttps:\/\/www.youtube.com\/watch?v=LR1_upD6gLM\r\n\r\n#mmd#mikumikudance #vroid #mmd",
            "hashtags": "pmx, vrm, blendshapesq, mmd, mikumikudance, vroid, mmd"
        }
    },
    {
        "20241031": {
            "value": "#vroid \/ #vrm #supporting #software\r\nhttps:\/\/vrm.dev\/en\/showcase\/",
            "hashtags": "vroid, vrm, supporting, software"
        }
    },
    {
        "20241031": {
            "value": "VRM0\u7cfb\u3068VRM1\u7cfb\u306e\u9593\u3067\u518d\u7de8\u96c6\u3092\u884c\u3046\u30a2\u30d7\u30ea\u300eVRMRemaker\u300f\u3067\u3059\u3002#vrm #upgrade #downgrade\r\nhttps:\/\/fujisunflower.fanbox.cc\/posts\/7313957",
            "hashtags": "vrm, upgrade, downgrade"
        }
    },
    {
        "20241031": {
            "value": "#VRMA, BVH\u3092\u30a2\u30c3\u30d7\u30ed\u30fc\u30c9\u3057\u3066 VRM\u3092\u52d5\u304b\u3059\u3084\u3064 https:\/\/tfuru.github.io\/vrma-loader-sample\/\r\n#vrm in #webbrowser #animation test",
            "hashtags": "VRMA, vrm, webbrowser, animation"
        }
    },
    {
        "20241031": {
            "value": "Converting an avatar to #VRM format https:\/\/gist.github.com\/emilianavt\/51d8399987d67544fdebfe2ebd9a5149?permalink_comment_id=4313136\r\n\r\nVRM Blend Shape Proxy: Double click on the #BlendShape (BlendShapeAvatar) and you will be taken to an overview of blend shape clips. For each you want to set up (probably A, I, U, E, O, BLINK, JOY, ANGRY, SORROW, FUN), select it, then open the mesh at the bottom to adjust the blend shape values. When they are adjusted appropriately, press apply and work on the next one. After setting everything up, you can play the scene and test your blendshape clips using the component on the avatar.",
            "hashtags": "VRM, BlendShape"
        }
    },
    {
        "20241030": {
            "value": "How to add #blendshapes to a #VRM Avatar file https:\/\/m.youtube.com\/watch?v=l2GMRP68v20",
            "hashtags": "blendshapes, VRM"
        }
    },
    {
        "20241030": {
            "value": "Another #day another #github #issue\r\nhttps:\/\/github.com\/hobosore\/PMX2VRMConverterEXE\/issues\/1\r\n\r\n#mikumikudance #mmd #vrm",
            "hashtags": "day, github, issue, mikumikudance, mmd, vrm"
        }
    },
    {
        "20241030": {
            "value": "Zero Punctuation moments https:\/\/m.youtube.com\/watch?v=4xueFchCtCQ"
        }
    },
    {
        "20241030": {
            "value": "#ZeroPunctuation s review of #XenobladeChroniclesX\r\nhttps:\/\/www.youtube.com\/watch?v=w-2hxgeMJrk",
            "hashtags": "ZeroPunctuation, XenobladeChroniclesX"
        }
    },
    {
        "20241029": {
            "value": "#CurrListeningAlcea\r\nFortress of Lies (No Vocals) [NieR: Automata] | 2B Bunker Bedroom Music and Ambience\r\nhttps:\/\/www.youtube.com\/watch?v=iOZGznJ9fZY",
            "hashtags": "CurrListeningAlcea"
        }
    },
    {
        "20241029": {
            "value": "You know you have finally succumbed to full #NierAutomata #Fandom , when\r\n\r\n\"Is this a curse? Or some kind of punishment? I often think about the [composers] who blessed us with this cryptic puzzle\u2026 and wonder if we\u2019ll ever get the chance to [fix their track fully].\"\r\n\r\nIs a reply you give to a #youtube comment\r\n\r\nOh d(n)ier...\r\n\r\nhttps:\/\/m.youtube.com\/watch?v=I00atvR_rFs",
            "hashtags": "NierAutomata, Fandom, youtube"
        }
    },
    {
        "20241029": {
            "value": "#Playing through your #own #game \r\nhttps:\/\/www.eurogamer.net\/stardew-valley-creator-finally-100s-own-game-completing-a-challenge-only-a-fraction-of-others-have-managed",
            "hashtags": "Playing, own, game"
        }
    },
    {
        "20241029": {
            "value": "What\r\nThe\r\nF--- ??\r\n\r\n#xenobladechroniclesX on #nintendoswitch ??!?!\r\nhttps:\/\/www.nintendolife.com\/news\/2024\/10\/xenoblade-chronicles-x-definitive-edition-confirmed-for-switch",
            "hashtags": "xenobladechroniclesX, nintendoswitch"
        }
    },
    {
        "20241029": {
            "value": "Guess I'm not the only one interested in pmx2vrm lol\r\n\r\n\"\u306a\u304a\u7d50\u5c40\u3001PMX2VRM\u306b\u3088\u308b\u5909\u63db\u306f\u3067\u304d\u306a\u3044\u307e\u307e\u306e\u6a21\u69d8\u3002\r\n\u306a\u3093\u304b\u306b\u3083\u3042\u3001\u3069\u3046\u3082\u30dc\u30fc\u30f3\u3067\u306f\u306a\u304f\u4ed6\u306e\u90e8\u4f4d\u3067\u30a8\u30e9\u30fc\u8d77\u3053\u3057\u3066\u308b\u6c17\u914d\u3060\u3068\u304b\u306a\u3093\u3068\u304b\u3002\u3002\"\r\n2024\/07\/28\r\nhttps:\/\/x.com\/s_zerer\/status\/1817569363844800624\r\n\r\nBlendshapes and out of boundary eyes are the main issue.\r\nHobisore's is the best sofar.\r\nEven better than #unity and #dssc even",
            "hashtags": "unity, dssc"
        }
    },
    {
        "20241029": {
            "value": "a #pmx to #vrm converter ?\r\nhttps:\/\/github.com\/hobosore\/PMX2VRMConverterEXE\/blob\/master\/PMX2VRMConverter.zip\r\n\r\n(Still won't rename the #blendshapes properly ...\r\nbut they.. seem to work maybe ?)\r\n#AweAlcea\r\n",
            "hashtags": "pmx, vrm, blendshapes, AweAlcea"
        }
    },
    {
        "20241029": {
            "value": "the #unitypackage for #xwear #packager is..\r\n\r\nnot here ?\r\nhttps:\/\/vroid.pixiv.help\/hc\/en-us\/articles\/38730429718041-How-do-I-convert-to-XWear%20https:\/\/vroid.notion.site\/XWear-Packager-8284c73c208e440ba8dd8033349d5978",
            "hashtags": "unitypackage, xwear, packager"
        }
    },
    {
        "20241029": {
            "value": "#Blendshapes converted from #pmx to #vrm (via #dssc ) have a different #naming #scheme it seems !\r\nhttps:\/\/ibb.co\/tsS8JrX\r\nhttps:\/\/i.ibb.co\/2twgk4N\/Screenshot-2024-10-29-12-09-14.jpg\r\n\r\n(Maybe rename em in the pmx prior to conversion via batch ?)",
            "hashtags": "Blendshapes, pmx, vrm, dssc, naming, scheme"
        }
    },
    {
        "20241028": {
            "value": "clone #blendshapes #unity\r\nBring both VRM models into unity and bring Model B into the scene\r\n\r\n-Click on Model B. Then in the 'Inspector' window, scroll down to 'VRM Blend Shape Proxy' and click on the circle next to 'Blend Shape Avatar'\r\n\r\n-From the pop-up window, select the blendshape from Model A. Model B should now be using the same blendshape clips from Model A\r\n\r\n-Assuming you've finished any other setup for Model B, go ahead and export it using UNIVRM!\r\nhttps:\/\/www.reddit.com\/r\/vtubertech\/comments\/sw0yhz\/a_simple_way_to_copy_blendshape_clips_from_one\/",
            "hashtags": "blendshapes, unity"
        }
    },
    {
        "20241028": {
            "value": "You could try importing by dragging in the .blend file into unity directly. I had a similar issue recently with corrupted #blendshapes and that fixed it for me. https:\/\/www.reddit.com\/r\/vtubertech\/comments\/zohy59\/blendshapes_breaks_after_exporting_fbx_with_univrm\/",
            "hashtags": "blendshapes"
        }
    },
    {
        "20241028": {
            "value": "convert to XWear? https:\/\/vroid.pixiv.help\/hc\/en-us\/articles\/38730429718041-How-do-I-convert-to-XWear"
        }
    },
    {
        "20241028": {
            "value": "Whadayaknow ?\r\n#Blendshapes from #pmx to #vrm (#vroid) are retained when going from #pmx through #dssc to #vrm\r\n?!\r\nhttps:\/\/ibb.co\/1XGKR5p\r\nhttps:\/\/i.ibb.co\/xgqGz0c\/Screenshot-2024-10-28-19-05-35.jpg\r\n\r\nBut they won't show in the vroid hub ?!\r\nhttps:\/\/120byte.booth.pm\/items\/2152326",
            "hashtags": "Blendshapes, pmx, vrm, vroid, pmx, dssc, vrm"
        }
    },
    {
        "20241027": {
            "value": "#Xavatar to #vrchat\r\nhttps:\/\/vroid.pixiv.help\/hc\/en-us\/articles\/38728373457561-How-do-I-upload-a-dressed-up-model-to-VRChat\r\n\r\n(Requires #unity 2022)",
            "hashtags": "Xavatar, vrchat, unity"
        }
    },
    {
        "20241027": {
            "value": "\" #Good #Vibrations \" ?\r\nFinally, brain tissue was collected for immunohistological purposes to evaluate hippocampal (neuro)inflammation. Animals with 20 min daily session of WBV showed a decrease in their anxiety-like behavior and improvement in their spatial memory. Muscle strength in the grip hanging test was only significantly improved by 5 min daily WBV treatments, whereas motor coordination in the balance beam test was not significantly altered. https:\/\/www.nature.com\/articles\/s41598-022-13178-1",
            "hashtags": "Good, Vibrations"
        }
    },
    {
        "20241027": {
            "value": "Altho, only \"made in vroid altogether\" or \"stable\" models work with the xavatar export.\r\nMy gimped together Akira Howard one will error out \r\nhttps:\/\/postimg.cc\/tszvrxym\r\nhttps:\/\/i.postimg.cc\/5tcc2Br1\/Screenshot-2024-10-27-19-13-34.jpg\r\n\r\n#vroid #xavatar #conversion",
            "hashtags": "vroid, xavatar, conversion"
        }
    },
    {
        "20241027": {
            "value": "Interesting.\r\nThe lastest #VroidStudio 1.29.55 #beta\r\ncan be used to convert #vrm to #xavatar (via the new #dressup feature) ...\r\n\r\n(You have to use #steam to download the beta, but nothing keeps you from making a portable version, as it resides in: C:\\Program Files (x86)\\Steam\\steamapps\\common\\VRoid Studio )\r\n#vrm #conversion (maybe #mmd ?)\r\nhttps:\/\/postimg.cc\/341qd0fv\r\nhttps:\/\/i.postimg.cc\/D033pqqB\/Screenshot-2024-10-27-19-09-04.jpg",
            "hashtags": "VroidStudio, beta, vrm, xavatar, dressup, steam, vrm, conversion, mmd"
        }
    },
    {
        "20241027": {
            "value": "Downloading #vroid from #steam\r\nhttps:\/\/vroid.com\/en\/news\/4hjpwDhhIj8nqPwDf9IM4%20https:\/\/vroid.pixiv.help\/hc\/en-us\/articles\/38666195084697--Open-beta-Added-a-new-feature-that-makes-it-easier-to-dress-made-from-scratch-avatars-like-VRChat-avatars-in-3D-costumes-Oct-17th-2024\r\n...\r\n\r\nOfc !\r\nWith features like that !\r\nhttps:\/\/ibb.co\/DbxDyrh\r\nhttps:\/\/i.ibb.co\/cvGcHY0\/Screenshot-2024-10-27-18-41-54.jpg",
            "hashtags": "vroid, steam"
        }
    },
    {
        "20241027": {
            "value": "#vrm #posing \/ #poser tools\r\nhttps:\/\/ambadev.itch.io\/vrm-pose-transmitter%20https:\/\/store.steampowered.com\/app\/1895630\/VRM_Posing_Desktop\/",
            "hashtags": "vrm, posing, poser"
        }
    },
    {
        "20241027": {
            "value": "BEST WAY TO CONVERT #VRM TO #FBX (from VRoid to Blender)\r\n https:\/\/m.youtube.com\/watch?v=bvu2CsL4Eoo\r\nhttps:\/\/ibb.co\/VYjdzMS\r\nhttps:\/\/i.ibb.co\/PGmRP1h\/Screenshot-20241027-050915-Brave.png",
            "hashtags": "VRM, FBX"
        }
    },
    {
        "20241027": {
            "value": "Apply Mixamo Animation to VRoid 3D models in Blender. (rqs AutoRigPro) https:\/\/m.youtube.com\/watch?v=VXariZjSX18&pp=ygUZVnJtIGFkZCBhbmltYXRpb24gYmxlbmRlcg%3D%3D\r\n#vroid #animation #rig #blender",
            "hashtags": "vroid, animation, rig, blender"
        }
    },
    {
        "20241027": {
            "value": "How to Use Mixamo Animations to #VRoid Models in Unity in 7 Minutes https:\/\/m.youtube.com\/watch?v=4iQIqB5ewOw",
            "hashtags": "VRoid"
        }
    },
    {
        "20241027": {
            "value": "#vrm #ReWriter ?\r\nhttps:\/\/finekit.co.jp\/base\/vrmrewrite121.zip",
            "hashtags": "vrm, ReWriter"
        }
    },
    {
        "20241027": {
            "value": "So thats where @koyu went\r\nhttps:\/\/leonie.lgbt\/@koyu\r\n\r\nHuh\r\n#koyu",
            "hashtags": "koyu"
        }
    },
    {
        "20241026": {
            "value": "Wait\r\nWat ??\r\n\r\nPlaying #OcarinOfTime is a #copyright issue on #youtube ???\r\n\r\nhttps:\/\/ibb.co\/kmmDsYX\r\nhttps:\/\/i.ibb.co\/nPP1Nhj\/Screenshot-20241027-010719-Brave.png",
            "hashtags": "OcarinOfTime, copyright, youtube"
        }
    },
    {
        "20241026": {
            "value": "When you #finally finish the #model in #mmd ! https:\/\/www.youtube.com\/watch?v=EIHswVn7zfg https:\/\/learnmmd.com\/Make-Your-First-Model-Using-Blender-by-Mae-Blythe\/Make-a-Model-Part-26\/index.html I can totally relate #mikumikkudsnce and #pmxe are the hardest #hobby I have",
            "hashtags": "finally, model, mmd, mikumikkudsnce, pmxe, hobby"
        }
    },
    {
        "20241026": {
            "value": "Fudjdjdjdnd"
        }
    },
    {
        "20241026": {
            "value": "#StoryOfMyLife\r\n\r\nAnother thing to note is just that I hate installing new programs on my computer because I\u2019m paranoid about messing up settings. If there\u2019s a #portable version, I\u2019m all over it. https:\/\/learnmmd.com\/Make-Your-First-Model-Using-Blender-by-Mae-Blythe\/Make-a-Model-Part-24\/index.html",
            "hashtags": "StoryOfMyLife, portable"
        }
    },
    {
        "20241026": {
            "value": "#Mmd \/ #mikumikudance in a #nutshell\r\n\r\nEven in 2024\r\n(Altho #mixamo #pmxdressup #vroid and #dssc make ot WAY more #usable )\r\nWith MMD and PMX, Google isn\u2019t the most help. It\u2019s not a very widely used software, and most people just use other people\u2019s parts. I couldn\u2019t find a tutorial on what I needed . . . because no one else needed it enough to ask someone who knows to make a tutorial https:\/\/learnmmd.com\/Make-Your-First-Model-Using-Blender-by-Mae-Blythe\/Make-a-Model-Part-22\/index.html\r\n\r\n#mikumikudance",
            "hashtags": "Mmd, mikumikudance, nutshell, mixamo, pmxdressup, vroid, dssc, usable, mikumikudance"
        }
    },
    {
        "20241026": {
            "value": "#mmd #morph list\r\nhttps:\/\/learnmmd.com\/Make-Your-First-Model-Using-Blender-by-Mae-Blythe\/Make-a-Model-Part-21\/index.html\r\n\r\n#mikiumikudance #pmxe",
            "hashtags": "mmd, morph, mikiumikudance, pmxe"
        }
    },
    {
        "20241026": {
            "value": "#Apple Explains How They Make Money https:\/\/m.youtube.com\/watch?v=SqA8h0IBRmY\r\n#pricing",
            "hashtags": "Apple, pricing"
        }
    },
    {
        "20241026": {
            "value": "5 Gum: How to Completely Annihilate Your Brand Image https:\/\/m.youtube.com\/watch?v=yoCPV3f1xDQ\r\n#ChewingGum",
            "hashtags": "ChewingGum"
        }
    },
    {
        "20241026": {
            "value": "more #info on #facial #modelling ( #mmd )\r\nhttps:\/\/learnmmd.com\/Make-Your-First-Model-Using-Blender-by-Mae-Blythe\/Make-a-Model-Part-11\/index.html",
            "hashtags": "info, facial, modelling, mmd"
        }
    },
    {
        "20241026": {
            "value": "how to fix #transparency #issues in #mmd \/ #pmx files\r\nhttps:\/\/www.youtube.com\/watch?v=G7vnFxhkR6k\r\n\r\n(Especially useful for vrm to pmx conversion)\r\n\r\n1.) Move the affected elements to the bottom of the material list",
            "hashtags": "transparency, issues, mmd, pmx"
        }
    },
    {
        "20241026": {
            "value": "Lol #huawei thinks they are \"far ahead\"\r\nYet they #prohibit #bootloader #unlock\r\nhttps:\/\/m.youtube.com\/watch?v=YX8ks42Azn8\r\n\r\n#wtf",
            "hashtags": "huawei, prohibit, bootloader, unlock, wtf"
        }
    },
    {
        "20241026": {
            "value": "#Ozlo #Sleep phones\r\nhttps:\/\/m.youtube.com\/watch?v=k9W9BTMJjYk",
            "hashtags": "Ozlo, Sleep"
        }
    },
    {
        "20241026": {
            "value": "#Morph edit #pmxe #mmd\r\nhttps:\/\/m.youtube.com\/watch?v=4ZUN080rV9Q\r\n\r\n#mikumikudance",
            "hashtags": "Morph, pmxe, mmd, mikumikudance"
        }
    },
    {
        "20241026": {
            "value": "Well.\r\nhttps:\/\/github.com\/Perfare\/AssetStudio\/releases\r\n\r\nat least is able to #extract *some* 3d #models from #deadlypremonition2\r\n\r\noh well\r\nhttps:\/\/www.reddit.com\/r\/gamedev\/comments\/yygdlz\/i_cant_find_a_unity_asset_extractor_program\/\r\n\r\n\r\nhttps:\/\/ibb.co\/RNcFrYC\r\nhttps:\/\/i.ibb.co\/hcV6QLK\/Screenshot-2024-10-26-05-11-25.jpg\r\n\r\nAll I wanted was the #PatriciaWoods Model",
            "hashtags": "extract, models, deadlypremonition2, PatriciaWoods"
        }
    },
    {
        "20241026": {
            "value": "https:\/\/github.com\/SeriousCache\/UABE\/releases\r\ncan extract #NintendoSwitch resource.asset files form #DeadlyPremonition2 it seems !\r\nhttps:\/\/ibb.co\/JzcPry2\r\nhttps:\/\/i.ibb.co\/190xRdK\/Screenshot-2024-10-26-04-45-36.jpg",
            "hashtags": "NintendoSwitch, DeadlyPremonition2"
        }
    },
    {
        "20241026": {
            "value": "#BadApple!! (Shadow-Art vs. 3D Models) Side-By-Side Comparison\r\nhttps:\/\/m.youtube.com\/watch?v=XXQqJDHzcHg&pp=ygURQmFkIGFwcGxlIGNvbG9yZXM%3D \r\n\r\nyoutube com\/watch?v=uOyaCOViAPA&pp=ygURQmFkIGFwcGxlIGNvbG9yZXM%3D",
            "hashtags": "BadApple"
        }
    },
    {
        "20241026": {
            "value": "#BadApple but its VIDEO is ported to #Famitracker https:\/\/m.youtube.com\/watch?v=jm-kJlawmnk",
            "hashtags": "BadApple, Famitracker"
        }
    },
    {
        "20241026": {
            "value": "#Castlevania: Order of #Ecclesia Training Hall Guide https:\/\/m.youtube.com\/watch?v=lvrj8W5u0J0",
            "hashtags": "Castlevania, Ecclesia"
        }
    },
    {
        "20241025": {
            "value": "#Toast of #Tardiness !\r\nhttps:\/\/knowyourmeme.com\/photos\/386964-shit-im-late-for-school-toast-of-tardiness",
            "hashtags": "Toast, Tardiness"
        }
    },
    {
        "20241025": {
            "value": "Extract #unity #asset files\r\nhttps:\/\/github.com\/mafaca\/UtinyRipper",
            "hashtags": "unity, asset"
        }
    },
    {
        "20241025": {
            "value": "Hmm why is there a #ps5 and #ps4 folder in the #Reynatis #NintendoSwitch #RomFS folder ?!\r\nhttps:\/\/postimg.cc\/Z0HJZmHk\r\nhttps:\/\/i.postimg.cc\/ncbr4cQL\/Screenshot-20241026-011256-FX.png",
            "hashtags": "ps5, ps4, Reynatis, NintendoSwitch, RomFS"
        }
    },
    {
        "20241025": {
            "value": "#Dump #NintendoSwitch Game #RomFS (2024)\r\n\r\nincase you haven't found out how to do it yet: 1.goto user titles menu 2. select the game you want to dump it from and press a 3. select \"nca \/ nca fs dump options\" and press a 4. select what you want to dump it from (base, update, dlc) and press a 5. select \"Program #0\" and press a 6. goto the option that has RomFS in it and press a 7. select \"start nca fs section dump\" and press a 8. wait for the dump to finishhttps:\/\/m.youtube.com\/watch?v=YST5Y1gEi0k",
            "hashtags": "Dump, NintendoSwitch, RomFS, 0"
        }
    },
    {
        "20241025": {
            "value": ":BunnyHeart: "
        }
    },
    {
        "20241025": {
            "value": "#CurrListeningAlcea\r\n#FinalFantasy 16 OST - Eikonoklasm (Omega Boss Theme) https:\/\/m.youtube.com\/watch?v=gCI_3KGlquM&pp=ygURRVNjYXBlIGZmIHh2aSBtaXg%3D",
            "hashtags": "CurrListeningAlcea, FinalFantasy"
        }
    },
    {
        "20241025": {
            "value": "Android versions don't matter anymore. https:\/\/m.youtube.com\/watch?v=h7adb69CYoM"
        }
    },
    {
        "20241024": {
            "value": "https:\/\/www.pixiv.net\/en\/tags\/\u3053\u3053\u306b\u6559\u4f1a\u3092\u5efa\u3066\u3088\u3046\r\n#\u3053\u3053\u306b\u6559\u4f1a\u3092\u5efa\u3066\u3088\u3046\r\n\r\n#pixiv s weird #tags",
            "hashtags": "pixiv, tags"
        }
    },
    {
        "20241024": {
            "value": "#YESYESYES #WORMS World Party - Game Boy Advance https:\/\/www.nintendolife.com\/news\/2024\/10\/three-more-worms-games-are-joining-digital-eclipses-armageddon-remaster-next-year",
            "hashtags": "YESYESYES, WORMS"
        }
    },
    {
        "20241024": {
            "value": "#CurrListeningAlcea\r\nUnstable - The irregular at magic high school: Double Seven Arc & Steeplechase\r\n#TakuIwasaki\r\nhttps:\/\/www.youtube.com\/watch?v=rNGcxUqmYbc&list=OLAK5uy_nswAuSOxj8kKPYm7NZjOJEghSAU6vZGlE&index=15",
            "hashtags": "CurrListeningAlcea, TakuIwasaki"
        }
    }
]