[
    {
        "20250503": {
            "value": "\ud809\udc2bSo far, I believe its only accessible by the user themselves. It could be a way to encourage people to follow artists more for their works than their following. It's probably similar to Instagram removing the ability to see likes to encourage liking content that you enjoy rather than just popular ones.\ud809\udc2b\r\n#pixiv\r\nhttps:\/\/www.reddit.com\/r\/Pixiv\/comments\/hqbn3v\/is_it_possible_to_view_follower_count_of_a_user\/?rdt=39669",
            "hashtags": "pixiv"
        }
    },
    {
        "20250503": {
            "value": "\ud809\udc2bMost #News is negatively focused, causenit gets the most views and viewers #attention\ud809\udc2b\r\nhttps:\/\/m.youtube.com\/watch?v=OvRhehU_AIU&pp=0gcJCYQJAYcqIYzv",
            "hashtags": "News, attention"
        }
    },
    {
        "20250503": {
            "value": "\ud809\udc2bStolen, stolen STOLEN !\r\nMy. God. #stolen !\r\nBut who was doing the stolling ?\r\n-TheInternetHistorian on DankMemes\ud809\udc2b\r\nhttps:\/\/m.youtube.com\/watch?v=9XN57BhyZwk&t=41s&pp=2AEpkAIB",
            "hashtags": "stolen"
        }
    },
    {
        "20250503": {
            "value": "\ud809\udc2bEine Fotomontage zeigt das Smartphone LG Wing mit seinen zwei Displays. Den R\u00fcckzug aus dem Smartphone-Gesch\u00e4ft hatte LG im Jahr 2021 mit der zu starken Konkurrenz durch andere Hersteller begr\u00fcndet. Man wolle sich stattdessen auf Haushaltsger\u00e4te, Smart Home, Roboter und andere\ud809\udc2b\r\n#LG #Smartphone\r\n\r\nI miss em.\r\nReally liked my #LGG3 #LGV10 and finally #LGVelvet\r\n\r\nThey always were a bit behind in UI, but always #rootable and very :Birdy_Aww: \r\nhttps:\/\/de.nachrichten.yahoo.com\/smartphone-hersteller-macht-endg\u00fcltig-schluss-132600080.html",
            "hashtags": "LG, Smartphone, LGG3, LGV10, LGVelvet, rootable"
        }
    },
    {
        "20250503": {
            "value": "\ud809\udc2bDas hat sich inzwischen ge\u00e4ndert. Die \u00d6l-Scheichs zahlen kein Geld mehr f\u00fcr die Spiele, sondern die haben einfach die Spielefirmen gekauft und kassieren jetzt die Kohle. Der Saudi Arabische Staatsfond hat z.B. vor ein paar Jahren Scopely gekauft. Die haben Marvel, Monopoly (wie passend!), Star  Trek und \u00e4hnliches im Sortiment. K\u00fcrzlich haben die Pokemon Go dazu gekauft. In deren Star Trek Spiel gibt es Wale die nach eigenen Angaben schon mehr als 100.000$ f\u00fcr das Spiel ausgegeben haben. #InApp K\u00e4ufe kosten dort 99\u20ac. Davon gibt es hunderte im Spiel. Jeden Monat kommen neue dazu.\ud809\udc2b\r\nhttps:\/\/m.youtube.com\/watch?v=U35qyKaG2c8&t=6m10s",
            "hashtags": "InApp"
        }
    },
    {
        "20250503": {
            "value": "When your #game #character is completly #overlevel ed\r\nhttps:\/\/m.youtube.com\/watch?v=c4t7JnCW-48&pp=0gcJCYQJAYcqIYzv",
            "hashtags": "game, character, overlevel"
        }
    },
    {
        "20250502": {
            "value": "#kununu being weak !\r\nhttps:\/\/www.reddit.com\/r\/arbeitsleben\/comments\/1kaitwg\/kununu_bewertung_angezweifelt\/\r\n#job #rating #germany",
            "hashtags": "kununu, job, rating, germany"
        }
    },
    {
        "20250502": {
            "value": " \ud809\udc2bJoy_hex2A- Mir hat mal jemand schlicht gar keine Fragen gestellt und sich stattdessen eine halbe Stunde dar\u00fcber ausgelassen, wie furchtbar das ist, Frauen einzustellen, weil die immer schwanger werden. Dann wurde ich gefragt, ob ich die Pille nehme und ob das okay w\u00e4r, wenn er (Kettenrauchend im B\u00fcro, anno 2017), das kontrollieren w\u00fcrde jeden Tag.\ud809\udc2b \r\n\r\n#Blergh ! :XionSob: :NekoWhat:\r\n\r\nWas f\u00fcrn ein furchtbarer Typ ! \r\nAufstehen und gehen !\r\nhttps:\/\/www.reddit.com\/r\/arbeitsleben\/comments\/1ka3go0\/die_skurrilsten_und_nervigsten_fragen_im\/",
            "hashtags": "Blergh"
        }
    },
    {
        "20250502": {
            "value": "\ud809\udc2bHere's a fun fact: This is literally what every single creation is. DnD literally ripped it's entire universe from Tolkien, and Tolkien took his universe from older tales. There is nothing new under the sun. The only reason something looks original to you is because you haven't seen what inspired it.\ud809\udc2b\r\n\r\nCriticising #Fanart ?\r\n\ud83d\ude3f\r\nhttps:\/\/www.reddit.com\/r\/unpopularopinion\/comments\/a7m1fu\/99_of_fanart_sucks_even_if_the_artist_is_skilled\/?rdt=56000\r\n#Reddit is evil",
            "hashtags": "Fanart, Reddit"
        }
    },
    {
        "20250502": {
            "value": "#CurrListeningAlcea\r\n\"Stronger\" - #ShadyVox\r\nhttps:\/\/m.youtube.com\/watch?v=Vv0y8Bgk0Lg\r\n#YGOTAS #GX #Abridged",
            "hashtags": "CurrListeningAlcea, ShadyVox, YGOTAS, GX, Abridged"
        }
    },
    {
        "20250502": {
            "value": "Most common #passwords\r\nhttps:\/\/en.m.wikipedia.org\/wiki\/Wikipedia:10,000_most_common_passwords",
            "hashtags": "passwords"
        }
    },
    {
        "20250502": {
            "value": "#CurrListeningAlcea\r\nJust The Way You Are (Bruno Mars Cover) - #ShadyVox https:\/\/m.youtube.com\/watch?v=dHZtOHgpFUo",
            "hashtags": "CurrListeningAlcea, ShadyVox"
        }
    },
    {
        "20250502": {
            "value": "Still very impressed by #SkyBrown\r\n\r\nMy fav #Skater hero !\r\nhttps:\/\/m.youtube.com\/watch?v=AkXK9ieCrYE&list=PLK4C8g4vpj7Uk3B3SAF692B68XNH9Y_vt&index=14&pp=iAQB",
            "hashtags": "SkyBrown, Skater"
        }
    },
    {
        "20250502": {
            "value": "#FutureInMotion\r\n\r\n*This* is why you want an #Icon #OneWheel\r\n\r\nOr a #Surfwheel.\r\n\r\nI'd even get a #MoBo (refular eBoard) before a #FutureInMotion one..\r\n\r\n#Pushback is terrible.\r\nIt raises nose, then sents you flying.\r\n\r\nIconOneWheel beeps when overheatingy, giving you ample time to slow down\r\n\r\n\r\n\ud809\udc2bwhen you do the interview, make sure you ask about error 23. Error 23 was one of future motions attempts to remove charging while riding. Why is this important? If a completely stock board is going downhill, it starts to regenerate. The controller then thinks you have incompatible hardware and raises the nose of the board. When you're going downhill, that causes the back of the board to scrape leaving you no ability to slow down and your board speeds off with you on it uncontrollably. Still think they care about your safety?\ud809\udc2b\r\nhttps:\/\/m.youtube.com\/watch?v=6G3ddOMvBws&list=PLK4C8g4vpj7Uk3B3SAF692B68XNH9Y_vt&index=4&pp=iAQB",
            "hashtags": "FutureInMotion, Icon, OneWheel, Surfwheel, MoBo, FutureInMotion, Pushback"
        }
    },
    {
        "20250502": {
            "value": "#iBisPaint s #Reference #window is so :RedCrystalHeart: !\r\n\r\n(Why is #drawing like .. an #addiction ?!\r\nhttps:\/\/ibb.co\/mF9WnsFL\r\nhttps:\/\/i.ibb.co\/yB6jzTBw\/Screenshot-20250502-200518-ibis-Paint-X.png\r\n\r\n",
            "hashtags": "iBisPaint, Reference, window, drawing, addiction"
        }
    },
    {
        "20250502": {
            "value": "Transforming Illustration\u3010 #ibisPaint \u3011 https:\/\/m.youtube.com\/watch?v=0NdfcK_yPy0",
            "hashtags": "ibisPaint"
        }
    },
    {
        "20250502": {
            "value": "\ud809\udc2bClip Studio Paint for Galaxy\/Android is only offered on a monthly usage plan, and no perpetual license is available.\r\n\r\n\ud809\udc2b\r\n\r\nWell though @\u20ac+@ #CSP then thats 0bucks from me !\r\n\r\n#CantBUuyEvenIfYouWantTo #ClipStudioPaint #clipstudiopaint\r\nhttps:\/\/support.clip-studio.com\/en-us\/faq\/articles\/20200097\r\n",
            "hashtags": "CSP, CantBUuyEvenIfYouWantTo, ClipStudioPaint, clipstudiopaint"
        }
    },
    {
        "20250502": {
            "value": "#OpenToonz huh ?\r\n\r\nSo that can be used for #animating on #PC !\r\n\r\n#Animation\r\n(I just use #iBisPaint lol)\r\nhttps:\/\/ibb.co\/KtGtZx8\r\nhttps:\/\/i.ibb.co\/TQTQXMN\/Screenshot-20250502-181908-Brave.png\r\n#Ghibli\r\n",
            "hashtags": "OpenToonz, animating, PC, Animation, iBisPaint, Ghibli"
        }
    },
    {
        "20250502": {
            "value": "#Positivity #UTAU\r\nhttps:\/\/m.youtube.com\/watch?v=OHR-co1a0IE",
            "hashtags": "Positivity, UTAU"
        }
    },
    {
        "20250502": {
            "value": "#SEGA AAAA !\r\nhttps:\/\/m.youtube.com\/watch?v=4XpcW3otVa4",
            "hashtags": "SEGA"
        }
    },
    {
        "20250502": {
            "value": "Uhm..\r\nWhat in the #MikuMikuDance is this ?!\r\nhttps:\/\/m.youtube.com\/watch?v=Y3MrwYH3hCY&embeds_referring_euri=https%3A%2F%2Fgbatemp.net%2F",
            "hashtags": "MikuMikuDance"
        }
    },
    {
        "20250502": {
            "value": "\ud809\udc2bWhen I start to #color my drawings everything just falls apart and it sucks. When I draw a black and white sketch everything looks great to me, the moment I add colors to it, it just goes from 8\/10 to 2\/10 in my eyes. So what do I do? I'm stuck with this problem for a few weeks already.\ud809\udc2b I know the #pain .. :ShotaCry: Why is #coloring destroying my images :Wah: My #lineworks are so much prettier *sob* https:\/\/www.reddit.com\/r\/learntodraw\/comments\/10kv39a\/where_do_i_go_from_here_i_suck_at_coloring_stuff",
            "hashtags": "color, pain, coloring, lineworks"
        }
    },
    {
        "20250502": {
            "value": "\ud809\udc2bDie Ursachen f\u00fcr verst\u00e4rkte #Migr\u00e4ne im #Sommer sind noch nicht vollst\u00e4ndig gekl\u00e4rt. Studien haben allerdings gezeigt, dass vor allem Hitze bei hoher Luftfeuchtigkeit sowie pl\u00f6tzliche Wetterwechsel problematisch sein k\u00f6nnen. Aber auch Dehydrierung oder grelles Licht sind m\u00f6gliche Trigger f\u00fcr einen Migr\u00e4neanfall.\ud809\udc2b\r\nhttps:\/\/www.hausarzt-bs.de\/gesundheitstipp-alt\/261-sommermigraene-vorbeugen.html",
            "hashtags": "Migr, Sommer"
        }
    },
    {
        "20250502": {
            "value": "\ud809\udc2bThere is nothing wrong with IC\u2019s that look like this. There are a number of manufacturing and acquisition processes that can lead to how these look. They are just as reliable and safe as any other.\r\n-SailSez\ud809\udc2b\r\n#Really ?  :blobcatthinkowo: Wonderous !\r\nhttps:\/\/www.videogameschronicle.com\/news\/retro-bit-denies-claims-that-its-shantae-gba-carts-for-limited-run-are-unsafe-due-to-dirty-chips\/",
            "hashtags": "Really"
        }
    },
    {
        "20250502": {
            "value": "#Beautiful !\r\nhttps:\/\/www.pixiv.net\/en\/artworks\/129941637 https:\/\/www.pixiv.net\/en\/artworks\/129911022\r\n#AtelierYumiaTheAlchemistOfMemoriesAndTheEnvisionedLand",
            "hashtags": "Beautiful, AtelierYumiaTheAlchemistOfMemoriesAndTheEnvisionedLand"
        }
    },
    {
        "20250502": {
            "value": "#CurrListeningAlcea\r\nThe Reluctant #Heroes - #HiroyukiSawano\r\nhttps:\/\/www.youtube.com\/watch?v=nDXQ4lR0Les",
            "hashtags": "CurrListeningAlcea, Heroes, HiroyukiSawano"
        }
    },
    {
        "20250502": {
            "value": "\"Be #Gandalf not #Frodo !\"\r\nhttps:\/\/bloomerang.co\/blog\/fundraisers-be-like-gandalf-not-frodo\/\r\n\r\n#lotr",
            "hashtags": "Gandalf, Frodo, lotr"
        }
    },
    {
        "20250502": {
            "value": "#LOTW has a #wikipedia entry ? :crazylaugh: \r\nhttps:\/\/de.m.wikipedia.org\/wiki\/Lord_of_the_Weed_\u2013_Sinnlos_in_Mittelerde\r\n\r\n#lotr #Wikipedia",
            "hashtags": "LOTW, wikipedia, lotr, Wikipedia"
        }
    },
    {
        "20250501": {
            "value": "#Codeberg s #mascot is :blobaww: \r\nhttps:\/\/codeberg.org\/.within.website\/x\/cmd\/anubis\/static\/img\/happy.webp?cacheBuster=1.17.0",
            "hashtags": "Codeberg, mascot"
        }
    },
    {
        "20250501": {
            "value": "#Limewire \"You are a #pirate song\"\r\nhttps:\/\/m.youtube.com\/watch?v=SAp0xO-LwFs",
            "hashtags": "Limewire, pirate"
        }
    },
    {
        "20250501": {
            "value": "Wow\r\n#Legoland is not paying their #logistic and #resellers much\r\nhttps:\/\/www.kununu.com\/de\/legoland-deutschland\/gehalt\r\n\r\n#Disneyland isnt mich better\r\nhttps:\/\/www.glassdoor.de\/Gehalt\/Disneyland-Paris-Paris-Geh\u00e4lter-EI_IE894374.0,16_IL.17,22_IM1080.htm\r\n\r\nAnd they kinda ask for #weekend work too !",
            "hashtags": "Legoland, logistic, resellers, Disneyland, weekend"
        }
    },
    {
        "20250501": {
            "value": "*FINALLY* got around to write a proper parser for #Deviantart stats...\r\n\r\nhttps:\/\/codeberg.org\/alceawisteria\/DeviantArt_Data_Fetch\/src\/branch\/main\r\n\r\nWith this #pixiv , #vroid and #deviantart are done (Sure I have one for #poipiku too, but who cares ? :ablobcatrave: \r\n\r\n\r\nThis DA Parser directly calls from the <span> tags on page and their respective values than to use messy JSON parse from the uggo source code the ppl at DA made.. UHH\r\n\r\n#CodeAlcea",
            "hashtags": "Deviantart, pixiv, vroid, deviantart, poipiku, CodeAlcea"
        }
    },
    {
        "20250501": {
            "value": "He's right ! https:\/\/www.nintendolife.com\/news\/2025\/04\/we-must-resist-buying-these-game-key-releases-says-gamesmaster-host #GameKeyCards https:\/\/ibb.co\/nsTKFP6B https:\/\/i.ibb.co\/Fb9dFHmX\/Screenshot-20250501-100904-Brave.png",
            "hashtags": "GameKeyCards"
        }
    },
    {
        "20250501": {
            "value": "Gee I wonder :blobcatthinkowo: \r\nhttps:\/\/i.pinimg.com\/736x\/bb\/74\/91\/bb7491dc5af6358ec0cd60abf93c96b2.jpg\r\n#Anime #real #Undertale",
            "hashtags": "Anime, real, Undertale"
        }
    },
    {
        "20250501": {
            "value": "When you are forced reveal game you are in but don't really feel like it :ablobjoy: \r\nhttps:\/\/m.youtube.com\/watch?v=VnHW6wzW3AI\r\n#Undertale",
            "hashtags": "Undertale"
        }
    },
    {
        "20250501": {
            "value": "#NintendoSwitch 20.0 #update\r\n\r\nAt least it has #Gameshare now..\r\n\r\nhttps:\/\/ibb.co\/39rMqhfD\r\nhttps:\/\/i.ibb.co\/FLx0M7sS\/joined-image.png\r\n\r\n",
            "hashtags": "NintendoSwitch, update, Gameshare"
        }
    },
    {
        "20250501": {
            "value": "\ud809\udc2bLooking up more comments, now people saying the old way is gone gone, and the setting is only so instead of choosing 11 games to play with no internet connection, is to have all games require a internet check without using the, choose only 11 games, thing.\ud809\udc2b\r\nhttps:\/\/m.youtube.com\/watch?v=4UdE6xd0yHc\r\n#NintendoSwitch #NintendoSwitch2 #VirtualGameCards",
            "hashtags": "NintendoSwitch, NintendoSwitch2, VirtualGameCards"
        }
    },
    {
        "20250501": {
            "value": "\ud809\udc2bUsing your visuals, the way #music is programmed in video games is akin to sheet music notations such as #repeat signs and coda\u2019s. There\u2019s certain points where you\u2019re met with a repeat, or jump to the next section after repeating once. Pretty cool stuff and I loved the video!\ud809\udc2b\r\nhttps:\/\/m.youtube.com\/watch?v=CThc-Nnc91Q&pp=0gcJCYQJAYcqIYzv",
            "hashtags": "music, repeat"
        }
    },
    {
        "20250501": {
            "value": "Weird.\r\nThe #pixiv #parser nolonger spits out #values for the #newest #drawing ??\r\nalcea-wisteria.de\/PHP\/\/0demo\/2023-12-30-PixivFetchAllUserArtwork\/fetchall.php?userId=75406576\r\nhttps:\/\/ibb.co\/VWzHjH8P\r\nhttps:\/\/i.ibb.co\/fYy8187P\/Screenshot-20250501-083935-Brave.png\r\n\r\nGood thing I mostly quit pixiv for poipiku tbh.\r\n\r\nPixiv has been getting more broken as the time moves on\r\n",
            "hashtags": "pixiv, parser, values, newest, drawing"
        }
    },
    {
        "20250501": {
            "value": "That looks #cool !\r\nhttps:\/\/www.pixiv.net\/en\/artworks\/108332551\r\n#JackCarly",
            "hashtags": "cool, JackCarly"
        }
    },
    {
        "20250430": {
            "value": "#cute #sonaze \r\nhttps:\/\/www.pixiv.net\/en\/artworks\/43481756",
            "hashtags": "cute, sonaze"
        }
    },
    {
        "20250430": {
            "value": "\ud809\udc2bMore Espresso less depresso !\ud809\udc2b\r\nhttps:\/\/www.deviantart.com\/tc-96\/art\/Espresso-Depresso-1184517045\r\n\r\n:ablobjoy: \r\n#Coffee jokes",
            "hashtags": "Coffee"
        }
    },
    {
        "20250430": {
            "value": "Google collects 20 times more telemetry from Android than from iOS\r\n\ud809\udc2b\r\n\" Modern cars regularly send basic data about vehicle components, their safety status and service schedules to car manufacturers, and mobile phones work in very similar ways.\" -Google\ud809\udc2b\r\nhttps:\/\/news.ycombinator.com\/item?id=26639261"
        }
    },
    {
        "20250430": {
            "value": "#Thunderbird for #Android\r\nhttps:\/\/github.com\/thunderbird\/thunderbird-android\/releases\r\n#Email",
            "hashtags": "Thunderbird, Android, Email"
        }
    },
    {
        "20250430": {
            "value": "#Google .. Are you drunk ?\r\n\r\n(Why would I want this ???!)\r\n#Gmail #wtf\r\nhttps:\/\/ibb.co\/bgc0YsRH\r\nhttps:\/\/i.ibb.co\/3yg3VpYf\/Screenshot-20250430-151726-Brave.png\r\n",
            "hashtags": "Google, Gmail, wtf"
        }
    },
    {
        "20250429": {
            "value": "#CurrListeningAlcea\r\n#WitchWatch OP\r\nhttps:\/\/m.youtube.com\/watch?v=J9umgYNmmEc",
            "hashtags": "CurrListeningAlcea, WitchWatch"
        }
    },
    {
        "20250429": {
            "value": "Suuure !\r\n#yugioh #WitchWatch (ep4 21:20)\r\nhttps:\/\/ibb.co\/sJ1MRkZ7\r\nhttps:\/\/i.ibb.co\/4gS5t9Hk\/Screenshot-20250429-183916-FX.png\r\n\r\n\r\n",
            "hashtags": "yugioh, WitchWatch"
        }
    },
    {
        "20250429": {
            "value": "Those two sure have it rough\r\nhttps:\/\/ibb.co\/rfTRHY2f\r\nhttps:\/\/i.ibb.co\/Hp1fq6Tp\/Screenshot-20250429-183432-FX.png\r\n#WitchWatch",
            "hashtags": "WitchWatch"
        }
    },
    {
        "20250429": {
            "value": "Well that dad is a #slacker !\r\n#WitchWatch\r\nhttps:\/\/ibb.co\/9kGzYy47\r\nhttps:\/\/i.ibb.co\/7db8yrpq\/Screenshot-20250429-182440-FX.png",
            "hashtags": "slacker, WitchWatch"
        }
    },
    {
        "20250429": {
            "value": "Now *those* are some #Pokemon !\r\nhttps:\/\/i.redd.it\/t13iw50dtpxe1.jpeg",
            "hashtags": "Pokemon"
        }
    },
    {
        "20250429": {
            "value": "Wait.. #Amazon has #AI #Reviews now ?\r\n\r\nWhaaaat ?:NekoOhNo:\r\nhttps:\/\/ibb.co\/Q2Z0F1s\r\nhttps:\/\/i.ibb.co\/zy1dh0K\/Screenshot-20250429-180117-Brave.png",
            "hashtags": "Amazon, AI, Reviews"
        }
    },
    {
        "20250429": {
            "value": "#GameKeyCart \/#GameKeyCarts still so disgusting of a concept\r\nhttps:\/\/m.youtube.com\/watch?v=I9gBL_1_R8E\r\n\r\nSure 16 n 32 gig cartsare nolonger in production as not viable..\r\n\r\nStill.\r\nDon't expect any purchase from me.\r\n\r\nI'd rather buy #Switch 1 versions than shoddy #Switch2 ones",
            "hashtags": "GameKeyCart, GameKeyCarts, Switch, Switch2"
        }
    },
    {
        "20250429": {
            "value": "#CurrListeningAlcea \r\n#MegaMan Star Force OST - T19: Space!? \r\nhttps:\/\/m.youtube.com\/watch?v=sQ8ywOBUd7Y&pp=ygUcU3BhY2UgbWVnbWFuIHN0YXJmb3JjZSB0aGVtZQ%3D%3D",
            "hashtags": "CurrListeningAlcea, MegaMan"
        }
    },
    {
        "20250429": {
            "value": "#CurrListeningAlcea\r\nStraight Ahead - Mythos Version | Remastered Tracks Rockman Zero\r\nhttps:\/\/m.youtube.com\/watch?v=pugLqifRn9w",
            "hashtags": "CurrListeningAlcea"
        }
    },
    {
        "20250429": {
            "value": "Wow\r\n#Himbo is quite the slang huh ?\r\nhttps:\/\/en.m.wikipedia.org\/wiki\/Himbo",
            "hashtags": "Himbo"
        }
    },
    {
        "20250429": {
            "value": "Hmm the \"MECHEN M30\" #audioplayer looks suspiciously similar to my now nolonger produced #Renkforce one ...\r\nhttps:\/\/www.amazon.de\/MECHEN-Verlustfreier-Hochaufl\u00f6sender-Speicherkarte-Unterst\u00fctzt-Gold\/dp\/B0DB1QTQ5M\/ref=asc_df_B0DB1QTQ5M\r\n\r\nhttps:\/\/www.ebay.de\/itm\/326346650547",
            "hashtags": "audioplayer, Renkforce"
        }
    },
    {
        "20250429": {
            "value": "And you thought #Cowon #audioplayery were expensive ....\r\n\r\nOnix Waltz XM10 Ltd\r\nIf it at least was able to run #Poweramp ...\r\nhttps:\/\/ibb.co\/xdvnKc4\r\nhttps:\/\/i.ibb.co\/QtBW7q5\/Screenshot-20250429-103142-Brave.png\r\n\r\n\r\nEven a SurfansF20 or FiiO mpe player are cheaper !\r\n",
            "hashtags": "Cowon, audioplayery, Poweramp"
        }
    },
    {
        "20250429": {
            "value": "136 for black And 95 for white ?\r\nThese are some #racist prices ! (#racism)\r\nhttps:\/\/ibb.co\/sdfqv5hx\r\nhttps:\/i.ibb.co\/4nqpZscv\/joined-image.png",
            "hashtags": "racist, racism"
        }
    },
    {
        "20250429": {
            "value": "Hi"
        }
    },
    {
        "20250429": {
            "value": "Even #CDPlayer s are affected by #color #racism ???!\r\n\"FiiO DM13 BT Tragbarer CD-Player mit Bluetooth&\r\nhttps:\/\/ibb.co\/Jjsb5zM9\r\nhttps:\/\/i.ibb.co\/23kLgjfT\/joined-image.png\r\n(Asif coloring it white amounts to extra 20 bucks cost !?)",
            "hashtags": "CDPlayer, color, racism"
        }
    }
]