[
    {
        "20250819": {
            "value": "And <del>#HTML<\/del> ?\r\n<a target=\"_blank\" href=\"thisisnktawebsiteyouknewthat.com\" style=color:blue>yes<\/a>\r\n#repost \u2022acws #acws",
            "hashtags": "HTML, repost, acws"
        }
    },
    {
        "20250819": {
            "value": "Is #MFM still  working ?\r\n$[bounce Yes]!\r\n#repost \u2022acws #acws",
            "hashtags": "MFM, repost, acws"
        }
    },
    {
        "20250819": {
            "value": "\ud809\udc2b&lt;!DOCTYPE html&gt;\r\n&lt;html lang=\"en\"&gt;\r\n&lt;head&gt;\r\n  &lt;meta charset=\"UTF-8\"&gt;\r\n  &lt;meta name=\"viewport\" content=\"width=device-width, initial-scale=1.0\"&gt;\r\n  &lt;title&gt;Extract User Handle from Post URL&lt;\/title&gt;\r\n&lt;\/head&gt;\r\n&lt;body&gt;\r\n  &lt;div id=\"handleDisplay\"&gt;&lt;\/div&gt;\r\n  &lt;div id=\"errorDisplay\" style=\"color&#58; red;\"&gt;&lt;\/div&gt;\r\n\r\n  &lt;script&gt;\r\n    window.addEventListener('load', async () =&gt; {\r\n      const postUrl = 'https&#58;\/\/alceawis.com\/notice\/AxIn1WYHT8eqMSQPcu';\r\n      const url = new URL(postUrl);\r\n      const domain = url.hostname;\r\n      const postId = postUrl.substring(postUrl.lastIndexOf('\/') + 1);\r\n      const apiUrl = `https&#58;\/\/${domain}\/api\/v1\/statuses\/${postId}`;\r\n\r\n      try {\r\n        const response = await fetch(apiUrl, {\r\n          method&#58; 'GET',\r\n          headers&#58; { 'Accept'&#58; 'application\/json' }\r\n        });\r\n\r\n        if (!response.ok) {\r\n          throw new Error(`HTTP error! Status&#58; ${response.status}`);\r\n        }\r\n\r\n        const postData = await response.json();\r\n        const fqn = postData.account.fqn;\r\n        const account = postData.account;\r\n        let fullHandle = fqn;\r\n        if (!fullHandle) {\r\n          fullHandle = `${account.acct}@${domain}`;\r\n        }\r\n\r\n        document.getElementById('handleDisplay').textContent = `User Handle&#58; ${fullHandle}`;\r\n      } catch (error) {\r\n        console.error('Error fetching post data&#58;', error);\r\n        document.getElementById('handleDisplay').textContent = 'Error fetching user handle.';\r\n        document.getElementById('errorDisplay').textContent = `Failed to fetch data from&#58; ${apiUrl}`;\r\n      }\r\n    });\r\n  &lt;\/script&gt;\r\n&lt;\/body&gt;\r\n&lt;\/html&gt;\r\n\ud809\udc2b\r\n\r\nResolve #user handle from #fediverse #post url\r\n#akkoma #mastodon",
            "hashtags": "58, 58, 58, 58, 58, 58, 58, 58, 58, 58, user, fediverse, post, akkoma, mastodon"
        }
    },
    {
        "20250819": {
            "value": "\ud83d\udcachttps:\/\/mas.to\/@alcea\/114972554873259774#\ud83d\udcac \r\n\r\nHi, test\r\n\r\n\u2022acws #acws\r\n",
            "hashtags": "acws"
        }
    },
    {
        "20250818": {
            "value": "Oh look\r\nIt's <a target=\"_blank\" href=\"https:\/\/www.after-eight.de\/\" style=color:blue>After Eight<\/a>\r\n\r\nMy least liked kind of #chocolate :hacker_m: :hacker_e: :hacker_h: !\r\n#repost \u2022acws #acws",
            "hashtags": "chocolate, repost, acws"
        }
    },
    {
        "20250818": {
            "value": "A #network #BlackHole ?\r\n\r\nWow :NekoWhat: \r\nhttps:\/\/en.m.wikipedia.org\/wiki\/Black_hole_(networking)\r\n#repost \u2022acws #acws",
            "hashtags": "network, BlackHole, repost, acws"
        }
    },
    {
        "20250818": {
            "value": "#CurrListeningAlcea\r\n#Freestyler - Bomfunk MC's \r\nhttps:\/\/m.youtube.com\/watch?v=ymNFyxvIdaM",
            "hashtags": "CurrListeningAlcea, Freestyler"
        }
    },
    {
        "20250818": {
            "value": "#CurrListeningAlcea\r\nThe Path of Wind - My Neigbor Totoro \r\n#Ghibli\r\nhttps:\/\/www.youtube.com\/watch?v=k9OZ2dtQ2B4\r\n#repost \u2022acws #acws",
            "hashtags": "CurrListeningAlcea, Ghibli, repost, acws"
        }
    },
    {
        "20250818": {
            "value": "#CurrListeningAlcea\r\nHeartbeat - Sped-O (ver)  https:\/\/m.youtube.com\/watch?v=-7wyM3MFs3A",
            "hashtags": "CurrListeningAlcea"
        }
    },
    {
        "20250818": {
            "value": "#CurrListeningAlcea\r\n~Shatter Me~ - #Nightstep https:\/\/m.youtube.com\/watch?v=WkLO8llyN64",
            "hashtags": "CurrListeningAlcea, Nightstep"
        }
    },
    {
        "20250818": {
            "value": "#CurrListeningAlcea\r\nAquarium Park (Act 3) - #Sonic Colors https:\/\/m.youtube.com\/watch?v=slH9CGBK6Gw&pp=2AEAkAIB\r\n#repost \u2022acws #acws",
            "hashtags": "CurrListeningAlcea, Sonic, repost, acws"
        }
    },
    {
        "20250818": {
            "value": "#CurrListeningAlcea\r\nCulture Beat - Mr. Vain (Official Video) https:\/\/m.youtube.com\/watch?v=ZMtf_ouMTHw\r\n#classic",
            "hashtags": "CurrListeningAlcea, classic"
        }
    },
    {
        "20250818": {
            "value": "https:\/\/blog.benjojo.co.uk\/post\/who-hosts-the-fediverse-instances\r\n\r\nMine isn't even on the list :ablobjoy: \r\n#HostingProvider #vps #strato <del>#hetzner<\/del> #ionos\r\nhttps:\/\/blog.benjojo.co.uk\/asset\/FXw4HeccSk\r\n \r\n#repost \u2022acws #acws",
            "hashtags": "HostingProvider, vps, strato, hetzner, ionos, repost, acws"
        }
    },
    {
        "20250818": {
            "value": "\ud809\udc2b&lt;a href=\"javascript&#58;var spoiler = document.getElementById('pastplaying'); spoiler.open = !spoiler.open;\"&gt;&lt;img src=\"data&#58;image\/png;base64,iVBORw0KGgoAAAANSUhEUgAAAAEAAAABCAYAAAAfFcSJAAAADUlEQVR42mNk+Ph4DwADCAH6LH6x7QAAAABJRU5ErkJggg==\" alt=\"Empty PNG\" height=25px width=150px&gt;&lt;\/a&gt;\ud809\udc2b\r\n\r\nStrange how this displsys lightblue #transparent now.\r\n#base64",
            "hashtags": "58, 58, transparent, base64"
        }
    },
    {
        "20250818": {
            "value": "Strange ..\r\nSomehow the img placeholder #base64 string in Hobbies.html got corrupted..\r\n\r\nLets use an empty.png ...\r\n\r\nhttps:\/\/ibb.co\/fdNwXSsp\r\nhttps:\/\/i.ibb.co\/SwmC6xzn\/joined-image-1.png",
            "hashtags": "base64"
        }
    },
    {
        "20250818": {
            "value": "Wow\r\n@puniko@mk.absturztau.be did a really good job on this one\r\nhttps:\/\/www.pixiv.net\/en\/artworks\/90705096\r\n#Copics\r\n#repost \u2022acws #acws",
            "hashtags": "Copics, repost, acws"
        }
    },
    {
        "20250818": {
            "value": "\ud809\udc2bDie Bahn ist \u00fcbrigens das sicherste Verkehrsmittel - also mit Sicherheit versp\u00e4tet\ud809\udc2b\r\n#DB #DeutscheBahn #train\r\nhttps:\/\/m.youtube.com\/watch?v=5oUQcH_YPbg",
            "hashtags": "DB, DeutscheBahn, train"
        }
    },
    {
        "20250818": {
            "value": "GQ8 #eScooter (no ABE) https:\/\/m.youtube.com\/watch?v=gWGaFoCUbx0",
            "hashtags": "eScooter"
        }
    },
    {
        "20250817": {
            "value": ":hacker_h: :hacker_a: :hacker_c: :hacker_k: :hacker_e: :hacker_r: :hacker_g: :hacker_i: :hacker_r: :hacker_l: \r\n\r\n:AlceaCatDealWithIt: \r\n#cool",
            "hashtags": "cool"
        }
    },
    {
        "20250817": {
            "value": "#absturztaube #pixiv\r\nhttps:\/\/www.pixiv.net\/en\/users\/31776636\r\n\r\nI better follow it !\r\n#repost \u2022acws #acws",
            "hashtags": "absturztaube, pixiv, repost, acws"
        }
    },
    {
        "20250817": {
            "value": "Let's see if \"\u15e9\u2113\u1455\u0190\u15e9\" crashes #Fedi \ud83e\udee0\r\n\r\nOr maybe \u2740\ud835\udcea\ud835\udcf5\ud835\udcec\ud835\udcee\ud835\udcea\ud81a\udd10",
            "hashtags": "Fedi"
        }
    },
    {
        "20250817": {
            "value": "Whoops took a #wrong turn here (what even are those ?)\r\n\ud809\udc2b\r\nI've seen that some of the alternate symbols look better in Notepad on Windows 10.\r\nTo avoid any confusion about what does and doesn't represent a rune, I excluded Latin characters.\r\nTo keep a consistent look, I excluded emojis.\r\nThere are some astrological symbols such as \u2649\ufe0e that look good in some renderings (in Chrome), but bad in others - including the way this forum renders them on the final page that you read.  So I've excluded those.\r\nI'm open to proposals and might revise this post.\r\n\r\n\u2b24  Darkness ....... \u25cf\r\n\u224b   Water ....... \u2248 \r\n\u25fb  Earth ....... \u25a1 \u2b1c\r\n\u2a00  Fire ....... \u2299\r\n\ud835\udd16  Storm ....... \u20aa \u2601 \u26c8 @\r\nhttps:\/\/basicroleplaying.org\/topic\/12798-unicode-symbols-for-glorantha-runes\/\r\n\ud809\udc2b\r\n\r\n*Beep Beep Shift to reverse*\r\nShift to \"I'm not a #Wicca \" gear !\r\n\r\n#repost \u2022acws #acws",
            "hashtags": "wrong, Wicca, repost, acws"
        }
    },
    {
        "20250817": {
            "value": "\ud809\udc2bCerts work on a vouching system. The root authority is guaranteeing who they signed the cert for.\ud809\udc2b\r\nhttps:\/\/www.reddit.com\/r\/sysadmin\/comments\/1kvztot\/i_dont_understand_exactly_why_selfsigned_ssl\/\r\n\r\n#root authority signifiying real #problems ...\r\n\r\nWhy can't things be transparent for once ?\r\nAnd don't get me started on other <a target=\"_blank\" href=\"https:\/\/js-confuser.com\/\" style=color:blue>things<\/a> ..\r\n#SSL #Cert #LetsEncrypt\r\n#repost \u2022acws #acws",
            "hashtags": "root, problems, SSL, Cert, LetsEncrypt, repost, acws"
        }
    },
    {
        "20250817": {
            "value": "A #mastodon based pseudo #bot listing \"\"\" #instance\"\"\" ?\r\n\r\nOh my :nothehe: \r\nhttps:\/\/channel.org\/public\r\n#repost \u2022acws #acws",
            "hashtags": "mastodon, bot, instance, repost, acws"
        }
    },
    {
        "20250817": {
            "value": "#CurrListeningAlcea\r\n#Agitation - #NieR Re[in]carnation\r\nhttps:\/\/www.youtube.com\/watch?v=UOqrjKAXaCA&pp=ygUaU2jFq3NoxY0gKEFnaXRhdGlvbikgbmlvZXI%3D\r\nhttps:\/\/vgmdb.net\/album\/147169\r\n#NieRReincarnation\r\n\r\n\r\n#repost \u2022acws #acws",
            "hashtags": "CurrListeningAlcea, Agitation, NieR, NieRReincarnation, repost, acws"
        }
    },
    {
        "20250817": {
            "value": "\ud809\udc2b@Purple@woof.tech \r\nIt seems rough for sure, especially to those who try to do things properly.<br>\r\n<br>\r\nGuess most people live by<br>\r\n<blockquote> Better to ask for forgiveness inpost, than for admissal in advance<\/blockquote><br>\r\n<br>\r\nIt's weird.\r\n\r\nThen again the #bible kinda also promotes one person <a target=\"_blank\" href=\"https:\/\/m.youtube.com\/watch?v=ZVcy0V34DVY&t=646s&pp=2AGFBZACAdIHCQn_AKO1ajebQw%3D%3D\" style=color:blue>d-d-dying<\/a> for the rest's sins, no wonder many think they get away scot free easily...\r\n<br><hr>\r\nPersonally I think you needn't remove this.<br>\r\nA spoiler is more than sufficient.<br>\r\nAnd life isn't only rainbows after all...<br>\ud809\udc2b\r\n<=> https:\/\/woof.tech\/@Purple\/115043943113593409",
            "hashtags": "bible"
        }
    },
    {
        "20250817": {
            "value": "That was .. #quick\r\nAnd I can see if I #GotEmAll\r\n:genshin_venti_yay: \r\n#GenshinImpact\r\n\r\n(Good thing they never ported it to #Switch .. My #FreeTime 'd be so :genshin_qiqi_rip: !)\r\n<=>>https:\/\/alceawis.com\/notice\/AxGji0SRsiGV8tmM40\r\nhttps:\/\/ibb.co\/GQrNWJD2\r\nhttps:\/\/i.ibb.co\/SwZGtxgn\/joined-image.png\r\n\r\n\r\n#repost \u2022acws #acws",
            "hashtags": "quick, GotEmAll, GenshinImpact, Switch, FreeTime, repost, acws"
        }
    },
    {
        "20250817": {
            "value": "Hmm that #PonyMa of #Tencent might just be exceedingly cool ..\r\n\ud809\udc2bIn the pitch, Pony used an unusual tactic. Brutal honesty. He told IDG, if you don\u2019t fund us right now, Tencent will probably die. And even if you do give us the money, the future is still uncertain. Pony also admitted they weren\u2019t fully sure how they would even monetize their chat software\ud809\udc2b\r\n\r\nScary company ... But their #CEO .. Seems very. Very. Capable ...\r\nhttps:\/\/www.summitrecruitment-search.com\/10-things-you-didnt-know-about-tencent-ceo-pony-ma\/\r\n\r\n#repost \u2022acws #acws",
            "hashtags": "PonyMa, Tencent, CEO, repost, acws"
        }
    },
    {
        "20250817": {
            "value": "@irfan@sakurajima.social \r\nYep.<br>\r\n#Google cannot be trusted ( :FUGoogle: )<br>\r\n<br>\r\nI learned thast lesson long ago.<br>\r\n#GoogleDrive ? Not really safe<br>\r\n#GoogleMail ? They can <a target=\"_blank\" href=\"https:\/\/www.preveil.com\/blog\/does-google-read-your-email\/\" style=color:blue>read your mail<\/a><br>\r\n#Youtube ? They can #shadowban your comments, adhere to false #claims etc<br>\r\n<br>\r\nSo TL;DR<br>\r\n<br>\r\nAvoid all #Google services like a plague.<br>\r\n<br>\r\nThere is a reason I made '<a target=\"_blank\" href=\"https:\/\/codeberg.org\/alceawisteria\/YoutubeArchiveSuite\" style=color:blue>this<\/a> ....\r\n\r\n\ud809\udc2b\r\nI can't even think of one single #company that crossed me so often in my life<br>\r\n<br>\r\nOh and thast time where I used a \"https:\/\/primary.link#fallback.link\" on my yt bio ?\r\n<br>\r\nYielded me a nice lil #SafeBrowsing ranking barring my own #website on ALL browsers for several hours ..<br>\r\nJust.<br>\r\nLike.<br>\r\n<a target=\"_blank\" href=\"https:\/\/paper.wf\/alcea\/bye-bye-website-byebye-youtube\" style=color:blue>this<\/a><br>\r\n\r\nIts insane how much power Google holds. (Not asmuch as <a target=\"_blank\" href=\"https:\/\/m.youtube.com\/watch?v=51fWzJ-A5w4\" style=color:blue>Tencent<\/a>, but very much still ...) #Tencent is the real endboss....\r\n\ud809\udc2b\r\n<=> https:\/\/alceawis.com\/notice\/AxGd0uvfxflNopWIZE",
            "hashtags": "Google, GoogleDrive, GoogleMail, Youtube, shadowban, claims, Google"
        }
    },
    {
        "20250817": {
            "value": "Oh I hate it when the world stops #loading\r\n\r\n\ud809\udc2bjust like in real life :neocat_think: \ud809\udc2b\r\n\r\nMaybe my #NintendoSwitch hates this game ?\r\n(I only do parkour anymore anyways. Finished it years ago)\r\n#NieRAutomata\r\nhttps:\/\/www.youtube.com\/watch?v=_aVQ169L7Uo\r\n#repost \u2022acws #acws",
            "hashtags": "loading, NintendoSwitch, NieRAutomata, repost, acws"
        }
    },
    {
        "20250817": {
            "value": ":SylveonCoffeePush:"
        }
    },
    {
        "20250817": {
            "value": "#DHL \/ #German post disposing :steamdeck: s for being unmarked ?\r\nhttps:\/\/www.reddit.com\/r\/SteamDeck\/comments\/1msq3f8\/steam_deck_got_disposed_by_german_post\/",
            "hashtags": "DHL, German"
        }
    },
    {
        "20250817": {
            "value": "\ud809\udc2bPersonally, my biggest gripe with the show is that #Kogoro never gets better. Some of my favourite cases were the ones where he solves the case (with minor assistance from Conan) without getting knocked out. I get that he\u2019s more suited to on-the-ground work than the armchair theorizing that the show tends to cover, but it\u2019s getting old seeing him get zero respect from the author.\ud809\udc2b\r\n#DetectiveConan\r\nTrue.\r\nhttps:\/\/www.reddit.com\/r\/anime\/comments\/1e7v58h\/why_hasnt_detective_conan_ended_yet\/",
            "hashtags": "Kogoro, DetectiveConan"
        }
    },
    {
        "20250817": {
            "value": "#VoiceChanger ? :blobcatnotlike: \r\n<del>https:\/\/github.com\/w-okada\/voice-change<\/del>\r\nhttps:\/\/github.com\/Plachtaa\/seed-vc\r\nhttps:\/\/github.com\/Tiger14n\/RVC-GUI\/releases\/tag\/Windows-pkg\r\nhttps:\/\/www.reddit.com\/r\/vtubertech\/comments\/1ml52ib\/voice_changer\/\r\n\r\nWhy ?\r\n\r\nIs #DetectiveConan becoming #reality ?\r\nhttps:\/\/detective-konan.fandom.com\/wiki\/Voice-Changing_Bowtie\r\nCan people impersonate us ???",
            "hashtags": "VoiceChanger, DetectiveConan, reality"
        }
    },
    {
        "20250817": {
            "value": "#Cyberelves ! \r\nhttps:\/\/www.pixiv.net\/en\/artworks\/62643460\r\n#MMZ #RockmanZero \u2205:birdheart: \r\n#repost \u2022acws #acws",
            "hashtags": "Cyberelves, MMZ, RockmanZero, repost, acws"
        }
    },
    {
        "20250817": {
            "value": "#Beautiful\r\n#TalesOTheTempest #TalesOfTempest\r\nhttps:\/\/www.pixiv.net\/en\/artworks\/125946566",
            "hashtags": "Beautiful, TalesOTheTempest, TalesOfTempest"
        }
    },
    {
        "20250817": {
            "value": "Why would you want to convert a #vroid \/ #vrm into #Live2D ?\r\n\r\n#Veoid is clearly superior\r\n(Live2d only shines if you use insanely high res tex)\r\nhttps:\/\/www.reddit.com\/r\/vtubertech\/comments\/pepp0c\/does_anyone_know_if_you_can_convert_a_vrm_model\/",
            "hashtags": "vroid, vrm, Live2D, Veoid"
        }
    },
    {
        "20250817": {
            "value": "Waaait\r\n#PhoenixWright has #TEPPEN cards ?!\r\nWow !\r\nhttps:\/\/ibb.co\/svNYdtpp\r\nhttps:\/\/i.ibb.co\/5WSHg2XX\/joined-image.png\r\nhttps:\/\/www.reddit.com\/r\/AceAttorney\/comments\/1mqvogq\/ace_attorney_x_teppen_official_character_art\/\r\n\r\nThey look as cool as the <a target=\"_blank\" href=\"https:\/\/teppenthegame.com\/en\/news\/195\" style=color:blue>MMZ<\/a> onesy if not cooler :blobcatthinkowo: \r\n#GyakutenSaiban #RockmanZero #Capcom\r\n#repost \u2022acws #acws",
            "hashtags": "PhoenixWright, TEPPEN, GyakutenSaiban, RockmanZero, Capcom, repost, acws"
        }
    },
    {
        "20250817": {
            "value": "#CurrListeningAlcea\r\n#Message - #GyakutenSaiban\r\n\r\n https:\/\/m.youtube.com\/watch?v=N0GVSDRpw-8\r\n#PhoenixWright\r\n#repost \u2022acws #acws",
            "hashtags": "CurrListeningAlcea, Message, GyakutenSaiban, PhoenixWright, repost, acws"
        }
    },
    {
        "20250817": {
            "value": "\ud809\udc2bi played a lot during the early years since playing online didnt require NSO. im also surprised by what an underground success this apparently was. not only surviving as a switch exclusive, but collabing with several popular anime, having +180 episodes of an ACTUAL anime, and aforementioned merchandise\r\n\r\ni eventually stopped playing just cause one ftp game cant hold my attention forever. story chapters took forever to come out too, by the time they did i lost interest lol\ud809\udc2b\r\n#Ninjala\r\nhttps:\/\/www.nintendolife.com\/news\/2025\/08\/gunghos-switch-free-to-play-ninjala-looks-to-be-winding-down-major-support",
            "hashtags": "Ninjala"
        }
    },
    {
        "20250817": {
            "value": "View #image \\ #photo #EXIF INFO\r\nhttps:\/\/jimpl.com\r\n\ud809\udc2bA Note to Unix Power-Users\r\nIf you feel the need to use \"find\" or \"awk\" in conjunction with ExifTool, then you probably haven't discovered the full power of ExifTool. Read about the -ext, -if, -p and -tagsFromFile options in the application documentation. (This is common mistake number 3.)\r\nhttps:\/\/exiftool.org\/\ud809\udc2b\r\n\r\n\r\n#repost \u2022acws #acws",
            "hashtags": "image, photo, EXIF, repost, acws"
        }
    },
    {
        "20250817": {
            "value": "#Fake Choco vs #real choco\r\n#WhoWillWin ? :chocoomnomnom: \r\nhttps:\/\/ibb.co\/SX5tFBPS\r\nhttps:\/\/i.ibb.co\/WWGkmf6C\/Screenshot-20250817-141726-Gallery.jpg\r\n\r\n#repost \u2022acws #acws",
            "hashtags": "Fake, real, WhoWillWin, repost, acws"
        }
    },
    {
        "20250817": {
            "value": "Thanks #AI :aishadows: \r\n...\r\nhttps:\/\/ibb.co\/1t4jmV1g\r\nhttps:\/\/i.ibb.co\/JwSgsLV1\/Screenshot-20250817-104455-Brave.png\r\nhttps:\/\/store.steampowered.com\/app\/1954200\/Kena_Bridge_of_Spirits\/\r\n\r\nThis #Kena game looks fun.\r\n\r\nGood thing the :steamdeck: is in my closet.\r\nMaybe I shall undusty it :dragnaww: \r\n#repost \u2022acws #acws #KenaBridgeOfSpirits",
            "hashtags": "AI, Kena, repost, acws, KenaBridgeOfSpirits"
        }
    },
    {
        "20250817": {
            "value": "Finally\r\nMy #emoji s\u0336t\u0336e\u0336a\u0336l\u0336i\u0336n\u0336g\u0336 downloading plans are taking shape \r\nhttps:\/\/ibb.co\/Dg6jCSmG\r\nhttps:\/\/i.ibb.co\/TqnN8FJK\/Screenshot-20250817-102131-Brave.png\r\n\r\nhttps:\/\/codeberg.org\/alceawisteria\/emoji-downloader-php\/src\/branch\/main\/2025-08-17-DLDRewrite.php\r\nhttps:\/\/codepen.io\/ryedai1\/pen\/VYvQYBj\r\n\r\n*Mwahaha* (thats a :blahaj: laughing )\r\n#CodeAlcea\r\n#repost \u2022acws #acws",
            "hashtags": "emoji, CodeAlcea, repost, acws"
        }
    },
    {
        "20250817": {
            "value": "Well they are not called the #blahaj zone for nothing\r\nhttps:\/\/ibb.co\/0jK9k6bP\r\nhttps:\/\/i.ibb.co\/kgJDpwCY\/Screenshot-20250817-084804-Brave.png\r\n\r\nhttps:\/\/emojos.in\/blahaj.zone\r\n#repost \u2022acws #acws",
            "hashtags": "blahaj, repost, acws"
        }
    },
    {
        "20250816": {
            "value": "\ud809\udc2bKenne ich aus der IT. Du kannst so viel Sicherheit einbauen. Wenn das Passwort 12345678 ist, ist das alles egal. \ud809\udc2b\r\n#security\r\nhttps:\/\/www.reddit.com\/r\/de\/comments\/yjzqw7\/hochsicherheitswohnblock\/",
            "hashtags": "security"
        }
    },
    {
        "20250816": {
            "value": "#TDIL :\r\nThere are people who \"#narrate\" \/ synchronize online posts\r\n\r\nI .. Find it hilarious\r\nhttps:\/\/soundgasm.net\/u\/Taiquann\r\n:ablobcatbongo: ",
            "hashtags": "TDIL, narrate"
        }
    },
    {
        "20250816": {
            "value": "\ud809\udc2b\"Ihr s\u20ach@#\u20ac% E-Scooter\" ruft mir der erste der zwanzig sp\u00e4tabendlichen Sport-Radfahrer entgegen, als er mit guten 500 Sachen aus der blinden Kurve an mir vorbeischie\u00dft und den Sicherheitsabstand nicht einhalten kann, weil er vor lauter Aufregung aus der Kurve fliegt. Ich, der brav am rechten Rand des schmalen Radweges meinen E Scooter gerade noch so zum Stillstand bringen kann, bevor die Gruppe mitf\u00fcnfziger hobby-tour-de-france-boomer an mir vorbei radeln, kann nur noch perplex hinterherschauen. Klar, meine Schuld, wieso fahr ich dummer Hurensohn mit meinem 300 Watt starken Aluspielzeug auch auf dem Radweg statt auf der Tempo 100 Landstra\u00dfe nebenan? Die Autofahrer da finden das bestimmt cooler, wenn ich Ihre Rennstrecke mitbenutze statt eurer, du steuerzahlender Mid-Life-Crisis-#+#+##.\ud809\udc2b\r\nhttps:\/\/www.reddit.com\/r\/de\/comments\/pjt4rl\/ihr_schei%C3%9F_escooter\/?tl=de\r\nhttps:\/\/soundgasm.net\/u\/Taiquann\/Ihr-schei-E-Scooter-vertont\r\n\r\n#WhatAJoke #eScooter",
            "hashtags": "WhatAJoke, eScooter"
        }
    },
    {
        "20250816": {
            "value": "Yees\r\nCause #cars are soo much #cheaper than #eScooters\r\n\r\nAnd if scooters don't last..\r\nMhmm I dunno.\r\nMaybe build em sturdier mhhkay ?? :PikachuFacePalm: \r\nhttps:\/\/www.stern.de\/auto\/news\/studie--e-scooter-sind-nicht-so-umweltschonend-wie-gedacht-8877194.html",
            "hashtags": "cars, cheaper, eScooters"
        }
    },
    {
        "20250816": {
            "value": "#CurrListeningAlcea\r\n\u521d\u604b (TV\u30a2\u30cb\u30e1\u300c\u6708\u304c\u304d\u308c\u3044\u300dEDIT ver.) - #TsukiGaKirei https:\/\/www.youtube.com\/watch?v=oaW8JyMmoKk &list=OLAK5uy_lUeY6cN7a3ix0hCnBkTKcE6EYtlOeCIJc&index=30&pp=8AUB\r\n#repost \u2022acws #acws",
            "hashtags": "CurrListeningAlcea, TsukiGaKirei, repost, acws"
        }
    },
    {
        "20250816": {
            "value": "Im haz #friend at #MAL \r\n:blobcatthinkowo: \r\n\r\nhttps:\/\/ibb.co\/TxFRYjVg\r\nhttps:\/\/i.ibb.co\/9kC2cKFr\/Screenshot-20250816-204218-Brave.png",
            "hashtags": "friend, MAL"
        }
    },
    {
        "20250816": {
            "value": "Wow this show has a stubborn way of adding #hair highlights\r\n\r\nJust a white bar esque region.\r\nWe'll see\r\nhttps:\/\/ibb.co\/fGny4GYp\r\nhttps:\/\/i.ibb.co\/QjCTrjFN\/joined-image.png\r\n#Tsukigakirei #AnimeAlcea\r\n#repost \u2022acws #acws",
            "hashtags": "hair, Tsukigakirei, AnimeAlcea, repost, acws"
        }
    },
    {
        "20250816": {
            "value": "When the most #depressing shows have the #happiest openings\r\n\r\nI can dance n sing to this. \r\n:ablobcatrave: \r\nhttps:\/\/m.youtube.com\/watch?v=ftJ50snuJSQ\r\n#CurrListeningAlcea\r\n#repost \u2022acws #acws",
            "hashtags": "depressing, happiest, CurrListeningAlcea, repost, acws"
        }
    },
    {
        "20250816": {
            "value": "Let's add a #duplicate post protection\r\n\r\nCause I'm dumb dumb\r\nhttps:\/\/ibb.co\/ccLs05cy\r\nhttps:\/\/i.ibb.co\/3yzP2XyT\/Screenshot-20250816-174447-Brave.png\r\n\r\n(I hope I did it right \ud83d\ude3a)\r\n#repost \u2022acws #acws #Akkoma",
            "hashtags": "duplicate, repost, acws, Akkoma"
        }
    },
    {
        "20250816": {
            "value": "And a $[flip.v MFM] $[spin.y test]\r\n#repost \u2022acws #acws",
            "hashtags": "repost, acws"
        }
    },
    {
        "20250816": {
            "value": "Test\r\n\r\n#repost \u2022acws #acws",
            "hashtags": "repost, acws"
        }
    },
    {
        "20250816": {
            "value": "#eScooter vs #passerby s\r\nhttps:\/\/www.youtube.com\/watch?v=z2-7cRimafE\r\n\r\n(I like #Skateboards ,\r\nbit since electric ones are #banned inmost #EU and bicycles cost extra each time you board a train..)\r\n\r\nBut #cars are ok.\r\nSafe and never cause accidents.?\r\nEver.\r\nRight ? \r\n(I agree on youth leaving eScooters stranded etc.\r\nIrresponsible)\r\n#repost \u2022acws #acws",
            "hashtags": "eScooter, passerby, Skateboards, banned, EU, cars, repost, acws"
        }
    },
    {
        "20250816": {
            "value": "\ud809\udc2bDaher muss derjenige, der heute schuldlos durch einen E-Scooter zu Schaden kommt, dem E-Scooter-Fahrer ein pers\u00f6nliches Verschulden nachweisen, um von der Versicherung Schadenersatz zu erhalten. Kann er das nicht, geht er leer aus. Das muss im Rahmen der Reform umgehend ge\u00e4ndert werden.\ud809\udc2b\r\n#escooter\r\nhttps:\/\/www.adac.de\/rund-ums-fahrzeug\/elektromobilitaet\/e-kleinstfahrzeuge\/e-scooter\/",
            "hashtags": "escooter"
        }
    },
    {
        "20250816": {
            "value": "\ud809\udc2bdu stehst \"falsch\" auf dem ding... stellt euch bitte beim fahren zwecks (in eurem eigenen interesse) erh\u00f6hter stand- & fahrsicherheit, wie beim boarden, seitlich auf's brett;\r\nlinker fu\u00df vorne (regular) bei rechtsf\u00fc\u00dfern , rechter fu\u00df vorne (goofy) bei linksf\u00fc\u00dfern. viel spa\u00df!\ud809\udc2b\r\n\r\nAgree'd ! I also use my Scootie like a eboard.\r\nhttps:\/\/m.youtube.com\/watch?v=OHC6SEF30zU\r\n#Viron",
            "hashtags": "Viron"
        }
    },
    {
        "20250816": {
            "value": "*Buy new #scooter with #air wheels*\r\n\r\nGet send *this*\r\nhttps:\/\/ibb.co\/Y4frDkT0\r\nhttps:\/\/i.ibb.co\/V0MKHSpw\/Screenshot-20250816-133348-Brave.jpg\r\n\r\nWhats this cable ?\r\nWhy is it so big ?? (I wanted a smol one !! :ablobcatcry: )\r\nYou expect me to #assemble this mYsElF ?\r\n\r\n:Wah:\r\n\r\nI'll sit here in the corner and wait till it selfassembles :AshNotAmused:\r\n#Cea s #TerribleLifeChoices \r\n#Viron XI-1200-S",
            "hashtags": "scooter, air, assemble, Cea, TerribleLifeChoices, Viron"
        }
    }
]