[
    {
        "20241224": {
            "value": "And another #fix for #vrm2pmx.\r\nThis one involves ONLY #vroidplaypark.\r\n\r\nSet opacity to (0.9) for VroidPlayPark Model to fix transparency issues in webrenderer:\r\n* 4000_N00_000_00_FaceBrow_00_FACE (Instance)\r\n* 3000_N00_000_00_FaceEyeline_00_FACE (Instance)\r\n\r\nand done.\r\n(the combination of vrm2pmx and vroidplaypark-blendshapes is obviously still superior, but I'll take another way !)\r\n#mmd #modelsao",
            "hashtags": "fix, vrm2pmx, vroidplaypark, mmd, modelsao"
        }
    },
    {
        "20241224": {
            "value": "When katy had enough\r\nhttps:\/\/m.youtube.com\/watch?v=UGk7OskpOgg&feature=youtu.be\r\n\r\n#ProfessorLayton #Katrielle",
            "hashtags": "ProfessorLayton, Katrielle"
        }
    },
    {
        "20241224": {
            "value": "#anime #streaming sites\r\nhttps:\/\/theindex.moe\/collection\/english-streaming-sites",
            "hashtags": "anime, streaming"
        }
    },
    {
        "20241224": {
            "value": "#Sonic being a mood for four minutes https:\/\/m.youtube.com\/watch?v=BG9PWxT714U",
            "hashtags": "Sonic"
        }
    },
    {
        "20241224": {
            "value": "I'm a genius !\r\n\r\n* vrm2pmx = has perfect textures but terribad blendshapes (f.e. eyebrows going over eyes)\r\n\r\n* vroidplaypark = sucky textures (transparency err) but PERFECT #blendshapes\r\n\r\n=>\r\n\r\nexport twice,\r\ncopy blendshapes from vroid model\r\ndelete blendshapes in vrm2pmx and then paste vroidplaypark ones from clipboard.\r\n\r\nDONE.\r\nperfect #vrm to #pmx conversion !\r\n\r\nI'M impressed\r\n#awealcea",
            "hashtags": "blendshapes, vrm, pmx, awealcea"
        }
    },
    {
        "20241224": {
            "value": "Guess\r\nVRM -> Blender -> CATS (FIX MODEL) -> Better fbx xport (embed media) kinda works\r\nhttps:\/\/sketchfab.com\/3d-models\/ergoproxy-rel-mayer-20c64e3267b9440e8eef052157410ee0\r\n\r\nShame #sketchfab is bad with 3d textures.\r\nWorse than my #webrenderer\r\nAnd that one loads instantly..\r\n\r\n#mmd #mikumikudance",
            "hashtags": "sketchfab, webrenderer, mmd, mikumikudance"
        }
    },
    {
        "20241224": {
            "value": "#wtf\r\n\r\nHow #scummy\r\nhttps:\/\/www.reddit.com\/r\/pinkfloyd\/comments\/1bwnqh2\/an_aigenerated_video_won_pink_floyds_dsotm\/",
            "hashtags": "wtf, scummy"
        }
    },
    {
        "20241224": {
            "value": "#ErgoProxy\r\nhttps:\/\/amandairani.artstation.com\/projects\/1n4q1e",
            "hashtags": "ErgoProxy"
        }
    },
    {
        "20241224": {
            "value": "Yet another #mmd blog\r\nhttps:\/\/moyonote.tumblr.com\/post\/756434626017361920\/converting-non-humanoid-unity-animations-to-mmd-is",
            "hashtags": "mmd"
        }
    },
    {
        "20241224": {
            "value": "#TheStraightDope is .. Ending ?\r\nhttps:\/\/www.straightdope.com\/21374450\/a-note-from-cecil-adams-about-the-straight-dope\r\n\r\n\ud83e\udee3\ud83d\ude40",
            "hashtags": "TheStraightDope"
        }
    },
    {
        "20241224": {
            "value": "How strange... \r\nAdding a \"eye control\" bone to \"tloz_hw_link\" kinda scuffed his right hand index and pinky fingers ?\r\n\r\nhuh.. weird.\r\n\r\nThat never happened."
        }
    },
    {
        "20241223": {
            "value": "\"Unlimited is dying, as soon as people flock to a new one, they kill it.\" https:\/\/www.reddit.com\/r\/hetzner\/comments\/18qgxat\/hetzner_sucks\/?rdt=38105 #ThisIsWhyWeCantHhaveNiceThings",
            "hashtags": "ThisIsWhyWeCantHhaveNiceThings"
        }
    },
    {
        "20241223": {
            "value": "Heh\r\n#hetzner wanting my perso data was enough for me to avoid em \ud83d\ude02\r\nhttps:\/\/community.torproject.org\/de\/relay\/community-resources\/good-bad-isps\/\r\nhttps:\/\/ibb.co\/wp1DxDF\r\nhttps:\/\/i.ibb.co\/2cBXfX1\/Screenshot-20241223-120455-Brave.png\r\n#isp s to #avoid",
            "hashtags": "hetzner, isp, avoid"
        }
    },
    {
        "20241223": {
            "value": "Aww yea !\r\n\r\n#Wii #Homebrew Channel music !\r\nhttps:\/\/downloads.khinsider.com\/game-soundtracks\/album\/wii-homebrew-channel",
            "hashtags": "Wii, Homebrew"
        }
    },
    {
        "20241223": {
            "value": "#Wii #Shop music be like\r\nhttps:\/\/downloads.khinsider.com\/game-soundtracks\/album\/wii-music-collection",
            "hashtags": "Wii, Shop"
        }
    },
    {
        "20241223": {
            "value": "So turns out #mmd \/ #mikumikudance is faaar superior to #vrm #vroid:\r\n\r\n\u2022 #keyshapes \/ #blendshapes \r\n\u2022 #bone morph #blendshapes (bs that need bones) (ry3yr.github.io\/SampleWebMMD\/unsupported-facial-features.gif)\r\n\u2022 #texture #morphs ( https:\/\/github.com\/Ry3yr\/SampleWebMMD\/tree\/main\/pmx\/pronama\/pl_katrielle_blendshapes_new )\r\n\r\nOf all of these #vroid can only do the first.\r\nAnd while you can easily convert vonemorpohs to vertex morphs in pmxe, tdexture morphs will not. work. on vroid.\r\n\r\nMy #webrenderer funnily enough shares all those weaknesses,\r\nbut youcan create fake texture morphs, move materials and reorder em via vertexmorph to make em appeaer.\r\n\r\nIf going #pmx2vrm that is lost.\r\n\r\nGuess vroid is a poor format.\r\n#glb with extras.\r\n\r\nPeh !",
            "hashtags": "mmd, mikumikudance, vrm, vroid, keyshapes, blendshapes, bone, blendshapes, texture, morphs, vroid, webrenderer, pmx2vrm, glb"
        }
    },
    {
        "20241223": {
            "value": "Guess #vroid \/ #vrm cannot handle #texture #morphs ?!\r\n\r\nhttps:\/\/ibb.co\/17m0BX4\r\nhttps:\/\/i.ibb.co\/MZCgK1J\/Screenshot-2024-12-23-07-15-03.jpg\r\n\r\nWell too bad Katrielle..\r\nI tried everything.\r\nGuess at least you have my (horridly) modeled version. right ?\r\n\r\n(My webrenderer won't render em either....)\r\nThe tutorial made sense however. \r\nyoutube.com\/watch?v=FFGWPAlcIT4\r\nNot that it helped)\r\n\r\n#mikumikudance #mmd #blendshape #textures",
            "hashtags": "vroid, vrm, texture, morphs, mikumikudance, mmd, blendshape, textures"
        }
    },
    {
        "20241223": {
            "value": "This is a first\r\nhttps:\/\/ibb.co\/8bxtW9m\r\nhttps:\/\/i.ibb.co\/QkHt2MJ\/dit3tsg-f96218a6-6469-4bf5-b809-e989fb63daca.png\r\n\r\n\r\nHad to keep two #versions of #katrielle ..\r\n\r\n\u2022Full modeled\r\n\u2022TextureBlendshapes for eyes n Mouth (as ingame)\r\n\r\nShame that vroid seemingly hates texture eswue blendshapes and ugnores em..\r\n\r\nSigh\r\n#ModelsAo",
            "hashtags": "versions, katrielle, ModelsAo"
        }
    },
    {
        "20241223": {
            "value": "Yes.\r\nUpload #LP\r\n\r\nGet #copyright claim\r\n\r\nGood job #youtube !\r\nhttps:\/\/ibb.co\/P9qRBW6\r\nhttps:\/\/i.ibb.co\/VQfdXCq\/Screenshot-20241223-030301-Brave.png\r\n\r\n\r\nMaybe I should've hummed the music ????",
            "hashtags": "LP, copyright, youtube"
        }
    },
    {
        "20241222": {
            "value": "LAYTON'S MYSTERY JOURNEY: Katrielle und die Verschw\u00f6rung der Million\u00e4re \u2013 Deluxe. Jetzt f\u00fcr Nintendo Switch! \r\nhttps:\/\/m.youtube.com\/watch?v=YGnb6ZD-Y-A\r\n#layton #katrielle ",
            "hashtags": "layton, katrielle"
        }
    },
    {
        "20241222": {
            "value": "#Katrielle goes brrrr\r\nhttps:\/\/steamuserimages-a.akamaihd.net\/ugc\/783001864313746180\/F66AA5DFDE5D9DE6ABCD826848AC774F72A50813\/?imw=637&imh=358&ima=fit&impolicy=Letterbox&imcolor=%23000000&letterbox=true https:\/\/steamcommunity.com\/sharedfiles\/filedetails\/?id=1946706153",
            "hashtags": "Katrielle"
        }
    },
    {
        "20241222": {
            "value": "#HelloKittyIslandAdventure\r\nhttps:\/\/m.youtube.com\/watch?v=ho5br73xj1w",
            "hashtags": "HelloKittyIslandAdventure"
        }
    },
    {
        "20241222": {
            "value": "#CloudStrife\r\nhttps:\/\/www.reddit.com\/r\/FinalFantasyVII\/comments\/ienjng\/nomura_cloud_vs_nomura_cloud\/\r\nhttps:\/\/ibb.co\/tJkM20q\r\nhttps:\/\/i.ibb.co\/W2qWzrk\/sz9vgrm6jli51.jpg\r\n\r\n",
            "hashtags": "CloudStrife"
        }
    },
    {
        "20241222": {
            "value": "25 jan 2025\r\n#FinalFantasy #Rebirth releases on #Steam\r\n\r\nYaay\r\nhttps:\/\/store.steampowered.com\/app\/2909400\/FINAL_FANTASY_VII_REBIRTH\/\r\n\r\nMaybe #StellarBlade will too ?",
            "hashtags": "FinalFantasy, Rebirth, Steam, StellarBlade"
        }
    },
    {
        "20241222": {
            "value": "#CurrListeningAlcea \r\n* Bleeps - David Cuttner https:\/\/www.youtube.com\/watch?v=DfXD_jernsM",
            "hashtags": "CurrListeningAlcea"
        }
    },
    {
        "20241222": {
            "value": "#Impossible #ports\r\nhttps:\/\/m.youtube.com\/watch?v=Cda-tw7TV_c\r\n\r\n#mvgn being atop !",
            "hashtags": "Impossible, ports, mvgn"
        }
    },
    {
        "20241222": {
            "value": "This is \"#aging with #grace\"\r\n\r\n#extreme #sports\r\nhttps:\/\/m.youtube.com\/watch?v=hGfWZVMJqps&pp=ygUZUmVudG5lciBleHRyZW0gY29sZG1pcnJvcg%3D%3D",
            "hashtags": "aging, grace, extreme, sports"
        }
    },
    {
        "20241221": {
            "value": "#CurrListeningAlcea \r\n#nuYasha - Flieg durch die Zeit (Extended Mix)\r\n https:\/\/m.youtube.com\/watch?v=zJz4MGn_TeA",
            "hashtags": "CurrListeningAlcea, nuYasha"
        }
    },
    {
        "20241221": {
            "value": "Cool looking #AoNoExorcist figurine\r\nhttps:\/\/pbs.twimg.com\/media\/GfR9vi1aQAAEYrK?format=jpg&name=medium https:\/\/www.reddit.com\/r\/AoNoExorcist\/comments\/1hj8az6\/new_rin_fuigure_prototype\/",
            "hashtags": "AoNoExorcist"
        }
    },
    {
        "20241221": {
            "value": "Fix #blender #texture export when no #textures export\r\nI think you just need to go through each of objects numbered 37 to 69, go into the Materials tab, switch from Object to Data linked view, and assign the desired material(s). After this, the VRM AddOn shouldn't see None as a material on these objects any longer. https:\/\/blender.stackexchange.com\/questions\/248291\/exporting-as-vrm-getting-error-codes-relating-to-materials\r\n\r\n#vroid #mmd",
            "hashtags": "blender, texture, textures, vroid, mmd"
        }
    },
    {
        "20241221": {
            "value": "#unity fix #missing #textures\r\nhttps:\/\/m.youtube.com\/watch?v=88jZAArOI30",
            "hashtags": "unity, missing, textures"
        }
    },
    {
        "20241221": {
            "value": "#ps2\r\nhttps:\/\/atrociousgameplay.miraheze.org\/wiki\/Memory_Card_Corruption_(Viewtiful_Joe_2_Demo)#:~:text=The%20Viewtiful%20Joe%202%20memory,and%20lose%20all%20saved%20data.",
            "hashtags": "ps2"
        }
    },
    {
        "20241221": {
            "value": "Ah yes #Spiderman 3\r\n\r\nI mean..\r\nWhy #youtube s\u00fccks\r\nhttps:\/\/m.youtube.com\/watch?v=EwObaC1geR8",
            "hashtags": "Spiderman, youtube"
        }
    },
    {
        "20241221": {
            "value": "Welp yeah\r\nI didn' play much this year #Nintendo\r\n\r\nhttps:\/\/year-in-review.nintendo.com\/de-de\/\r\nhttps:\/\/ibb.co\/kDwh1tB\r\n\r\nhttps:\/\/i.ibb.co\/096ftx2\/result-1.png\r\n\r\n\r\n",
            "hashtags": "Nintendo"
        }
    },
    {
        "20241220": {
            "value": "Yeah right\r\nhttps:\/\/www.deviantart.com\/xgunbladeknightx\/art\/Those-desings-feel-like-outdated-1056596466\r\n\r\nHaha #ffxiii",
            "hashtags": "ffxiii"
        }
    },
    {
        "20241220": {
            "value": "Input Typer https:\/\/github.com\/ShiinaManatsu\/PowerToys\/blob\/main\/doc\/thirdPartyRunPlugins.md"
        }
    },
    {
        "20241220": {
            "value": "#mmd shell extensions\r\npreview #pmx in #windowsexplorer\r\nhttps:\/\/github.com\/ShiinaManatsu\/PMXWindowsShellExtensions",
            "hashtags": "mmd, pmx, windowsexplorer"
        }
    },
    {
        "20241220": {
            "value": "MMD4UnityTools https:\/\/github.com\/ShiinaManatsu\/MMD4UnityTools\/releases \r\nhttps:\/\/github.com\/ShiinaRinne\/MMD4UnityTools\r\n\r\nhttps:\/\/github.com\/ShiinaRinne\/MMD6UnityTool\r\n#mmd to #unity (#pmx)",
            "hashtags": "mmd, unity, pmx"
        }
    },
    {
        "20241220": {
            "value": "Todo:\r\n\u25cf Virtualize pmxe 2.0 eng (see if works now w.o. dd err)\r\n\u25cf use hibikimisora pmx2fbx (mmd4mecanim) in unity2020 => vrm (see if it works?)"
        }
    },
    {
        "20241219": {
            "value": "How To Fix DirectDraw Error In Windows10 || Method To Fix DirectDraw Error In Windows10|| https:\/\/m.youtube.com\/watch?v=BiAXmWlYqG0"
        }
    },
    {
        "20241219": {
            "value": "https:\/\/www.mediafire.com\/file\/8wv46gnpzzbq3wv\/PmxEditor_0273_EN_1.0.0.zip\/file%20https:\/\/www.deviantart.com\/luciing\/art\/Pmx-editor-0273-English-for-Windows-11-download-1086234980\r\n\r\nfixed the issue (and is english)\r\n\r\nBetter *not* flip around with any mmd plugins anymore\r\n(EsPeCially that fbx export one..\r\nit takes forever, produces a fbx and bricks pmxe forever nononono)\r\n\r\n#mikumikudance #mmd #pmxe",
            "hashtags": "mikumikudance, mmd, pmxe"
        }
    },
    {
        "20241219": {
            "value": "hmm...\r\n#pmxe started throwing direct 3d call errors \/AFTER\/ I added the fbx export plugin.\r\n\r\nhttps:\/\/archive.org\/details\/pmx-editor-english-v.20\r\nis still throwing em.\r\nWHYYY ?",
            "hashtags": "pmxe"
        }
    },
    {
        "20241219": {
            "value": "ways to use #vroid \/ #vrm & #mmd \/ #pmx #avas\r\nhttps:\/\/hackmd.io\/@XR\/avatars",
            "hashtags": "vroid, vrm, mmd, pmx, avas"
        }
    },
    {
        "20241219": {
            "value": "When u read thru stupid #MMD4Mecanim #references , cause #unity won't let you go from #pmx to #vrm just like that (at least not with texutures that is)\r\n\r\n#blender ?\r\nnah.\r\n\r\nhttps:\/\/stereoarts.jp\/MMD4Mecanim%20%E3%83%81%E3%83%A5%E3%83%BC%E3%83%88%E3%83%AA%E3%82%A2%E3%83%AB%EF%BC%88%E5%9F%BA%E6%9C%AC%E7%B7%A8%EF%BC%89.pdf\r\n\r\nhttps:\/\/ibb.co\/Nj5rBK0\r\nhttps:\/\/i.ibb.co\/KqdDvWt\/Screenshot-2024-12-19-13-47-19.jpg\r\n",
            "hashtags": "MMD4Mecanim, references, unity, pmx, vrm, blender"
        }
    },
    {
        "20241219": {
            "value": "Manual #pmx to #vrm \/ #vroid #convert (via mmd4mecanim ) \r\n\r\nhttps:\/\/steamcommunity.com\/sharedfiles\/filedetails\/?id=2088018876%20https:\/\/www.mediafire.com\/file\/7dev519ak1emq0d\/DMMD_Convert.zip\/file",
            "hashtags": "pmx, vrm, vroid, convert"
        }
    },
    {
        "20241218": {
            "value": "ust look at the model and vertex groups. You have to fix weights manually. It's as simple as assigning vertices to the correct group and removing the weights from the wrong group. https:\/\/www.reddit.com\/r\/blender\/comments\/1gp62a2\/how_can_i_fix_this_armature_so_that_the_toes\/?rdt=59186"
        }
    },
    {
        "20241217": {
            "value": "Huh.\r\nWhen exporting #accurig to #vrm (via fbx200k plugin script), you need to fix those \"orange\" bones from the legs, so they are well !\r\n\r\nJust change them from \"bone\" to \"offset\" etc.\r\n\r\nhttps:\/\/ibb.co\/7JQRg4n\r\nhttps:\/\/i.ibb.co\/0jKFBtC\/Screenshot-2024-12-17-16-05-33.jpg",
            "hashtags": "accurig, vrm"
        }
    },
    {
        "20241217": {
            "value": "#AI in a #nutshell \"Remember that episode of SpongeBob where he was in a duel with Poseidon? And in the time it took SpongeBob to make a single Krabby Patty, Poseido had already made a mountain of them? And then all of his patties tasted horrible, only for SpongeBob's one patty to be truly amazing?\" https:\/\/m.youtube.com\/watch?v=Tj_RphBpwiw",
            "hashtags": "AI, nutshell"
        }
    },
    {
        "20241217": {
            "value": "ohno\r\n#platinumgames\r\nhttps:\/\/www.nintendolife.com\/news\/2024\/12\/several-platinumgames-veterans-have-seemingly-left-the-studio",
            "hashtags": "platinumgames"
        }
    },
    {
        "20241217": {
            "value": "#programming #truth\r\nThat being said, the only reason i haven't open sourced sphaira is because the code is pretty bad :rofl: you have to understand that the base for the entire codebase was written in early 2020, by that point i had only been coding for ~5 months. It was all in C, i didn't know what i was doing and it had memory leaks everywhere. https:\/\/gbatemp.net\/threads\/sphaira-hbmenu-replacement.664523\/#post-10559222",
            "hashtags": "programming, truth, post"
        }
    },
    {
        "20241215": {
            "value": "turns out you can toss #accurig s #fbx directly into unity, extract as #humanoid #vrm.\r\n(just make sure you recopy the paths to each material \/ texture step by step from a non rigged, but textured fbx of the same kind)\r\n\r\n=> relatively good bones.\r\nMaybe better than the fbx200k #blender plugin\r\n\r\ncool !\r\n\r\n\r\n#mmd #mikumikudance",
            "hashtags": "accurig, fbx, humanoid, vrm, blender, mmd, mikumikudance"
        }
    },
    {
        "20241215": {
            "value": "#SteamDeck #Backpack\r\nhttps:\/\/www.reddit.com\/r\/SteamDeck\/comments\/1hdyeau\/weekend_is_here\/",
            "hashtags": "SteamDeck, Backpack"
        }
    },
    {
        "20241215": {
            "value": "The -Pok\u00e9rap- I mean #Palworld #rap\r\nhttps:\/\/m.youtube.com\/watch?v=zNev_-Kjn5E&t=6m31s",
            "hashtags": "Palworld, rap"
        }
    },
    {
        "20241215": {
            "value": "#Mirage s Most Hilarious Voice Lines in #ApexLegends https:\/\/m.youtube.com\/watch?v=5dufNRnHfso",
            "hashtags": "Mirage, ApexLegends"
        }
    },
    {
        "20241215": {
            "value": "#CurrListeningAlcea\r\n#ApexLegends Season 7 - Ascension Music Pack [High Quality]\r\nhttps:\/\/www.youtube.com\/watch?v=4BBpSLEFigY",
            "hashtags": "CurrListeningAlcea, ApexLegends"
        }
    },
    {
        "20241215": {
            "value": "#mmd #face skin can be made #toon by setting\r\n          [R] [G] [B]\r\nDiffuse:    1   1  1\r\nSpecular:  0   0   0\r\nAmbient:  0.5 0.5 0.5\r\n_____________________\r\n\r\nNice !\r\n\r\nhttps:\/\/ibb.co\/RgVMNnq\r\nhttps:\/\/i.ibb.co\/FhjfXvF\/Screenshot-2024-12-15-05-26-52.jpg\r\n#mikumikudance #vrm #vroid #export #shader",
            "hashtags": "mmd, face, toon, mikumikudance, vrm, vroid, export, shader"
        }
    },
    {
        "20241215": {
            "value": "#pkemon platinum in #silly\r\nhttps:\/\/m.youtube.com\/watch?v=SfMSR9K4FwA",
            "hashtags": "pkemon, silly"
        }
    },
    {
        "20241214": {
            "value": "Using BetterFBX Export ( https:\/\/blendermarket.com\/products\/better-fbx-importer--exporter ) helps enourmously with baking fbx textures, so accurig reads em properly\r\n\r\nhttps:\/\/ibb.co\/rbh7XwF\r\nhttps:\/\/i.ibb.co\/JxTBSsm\/Screenshot-2024-12-14-16-25-38.jpg\r\n\r\n#ModelsAo",
            "hashtags": "ModelsAo"
        }
    },
    {
        "20241214": {
            "value": "#CurrListeningAlcea\r\nYu-Gi-Oh! VRAINS SOUND DUEL 2 - #20 What Destiny Shows\r\nhttps:\/\/www.youtube.com\/watch?v=8nWbHRx38ds",
            "hashtags": "CurrListeningAlcea, 20"
        }
    },
    {
        "20241214": {
            "value": "#CurrListeningAlcea Official Trailer #3 Music - The Legend of Zelda: Tears of the Kingdom OST https:\/\/m.youtube.com\/watch?v=y0s04yJYqro",
            "hashtags": "CurrListeningAlcea, 3"
        }
    }
]