[
    {
        "20250709": {
            "value": "Good: the federation of my json tool works now. And I can actually follow yusaao@yusaao.com remotely\r\n\r\nBad: My Server hoster keeps deleting my files (hi index.php) presumably to lower workload\r\n\r\nThx..\r\n\r\nGuess a bot for fed is unsustainable after all\r\nhttps:\/\/ibb.co\/97JYPWS\r\nhttps:\/\/i.ibb.co\/hSk80Vw\/joined-image.png\r\n\r\nhttps:\/\/codeberg.org\/alceawisteria\/JsonActiPubFederate_landrok-rewrite\r\n\r\nSo much for \"#freedom\"\r\n\r\nSigh.\r\n#CodeAlcea",
            "hashtags": "freedom, CodeAlcea"
        }
    },
    {
        "20250709": {
            "value": "\ud809\udc2bDas Leergut quer durch Europa zu transportieren ist f\u00fcr die Erzeuger viel teurer als neue Glasflaschen zu kaufen.  \ud809\udc2bhttps:\/\/mstdn.animexx.de\/@KarlE\/114822654424247847\r\n#wine",
            "hashtags": "wine"
        }
    },
    {
        "20250709": {
            "value": "A hombrew made #SuperFX 3 chip for #SNES \ud83d\ude05\r\nhttps:\/\/www.timeextension.com\/news\/2025\/07\/developer-of-snes-doom-defends-the-tech-behind-limited-runs-2025-update\r\n\r\n#GBA could handle all that with no need for extra chips\r\nTake that SuperFamicom !\r\n",
            "hashtags": "SuperFX, SNES, GBA"
        }
    },
    {
        "20250709": {
            "value": "#CurrListeningAlcea\r\nRever's Edge - #FLCL\r\nhttps:\/\/m.youtube.com\/watch?v=zoPLJK1OCGY\r\n#FoolyCooly",
            "hashtags": "CurrListeningAlcea, FLCL, FoolyCooly"
        }
    },
    {
        "20250709": {
            "value": "The #CFS for #3DPrinter s being almost as expensive as the printer itself ?!\r\nhttps:\/\/ibb.co\/4qCZfv2\r\nhttps:\/\/i.ibb.co\/29R76VS\/Screenshot-20250709-191142-Brave.png\r\n\r\n:blobcatgoogly: ",
            "hashtags": "CFS, 3DPrinter"
        }
    },
    {
        "20250709": {
            "value": "\ud809\udc2bDone is better than perfect\ud809\udc2b\r\n#Shaper3d\r\n\r\nhttps:\/\/m.youtube.com\/watch?v=s-WCwNPWmi8#",
            "hashtags": "Shaper3d"
        }
    },
    {
        "20250709": {
            "value": "\ud809\udc2bAPC Back-UPS is not good for computers ... it is producing square wave, not sine wave ... this is causing significant interference and messing with active power factor correction in modern PSU for computers ... If you are lucky, then it may work, but if not then it will kill your computer or set house on fire ... not all cheap things are good things. For valuable computer definitely use UPS with pure sine wave ouptut ...\ud809\udc2b\r\n#Amazon\r\n https:\/\/m.youtube.com\/watch?v=YgoNSL75jYw",
            "hashtags": "Amazon"
        }
    },
    {
        "20250709": {
            "value": "\ud809\udc2bstrike protesting the sentence and seeking relocation closer to home. Her lawyer Lan Zhixue and her fiance have appealed the sentence.[7] (Under #China \u2019s legal system, police can send people to re-education through labor for up to four years without trial. Few appeals are successful).\ud809\udc2bhttps:\/\/en.m.wikipedia.org\/wiki\/Cheng_Jianping",
            "hashtags": "China"
        }
    },
    {
        "20250708": {
            "value": "Oh well #wayback archive ...\r\nThings are coming apart:blobcatfrowningbig: \r\nhttps:\/\/ibb.co\/PZm71rNX\r\nhttps:\/\/i.ibb.co\/5WMNs16p\/Screenshot-20250708-225229-Brave.png\r\n\r\n(https:\/\/archive.org\/details\/ryuusei-no-rockman-part-2 )",
            "hashtags": "wayback"
        }
    },
    {
        "20250708": {
            "value": "I suck at audio editing \/ splicing..\r\n\r\nCan't even get a simple leadover from Zuko to Flying to work\r\nhttps:\/\/m.youtube.com\/watch?v=WJK1z9StyRc\r\n\r\nOhwell.\r\n#KamikazeKaitouJeanne s Soundtrack is fully released.\r\n#HoshiNoSamidare also..\r\n\r\n5DS had SynchroSummon from a DuelTerminal.\r\n\r\nAside JackBattle2 there is lil incentive.\r\n\r\nYgoS0 nothx.\r\n\r\n#RyuuseiNoRockman ?\r\nMaybe if tools get better.\r\n\r\nAnd @Atmilu is handling \/ has done most Arc-V and will do GX too..\r\n\r\nNothing left 2do fpr me.\r\nI prefer #drawing fanart, #programming even making #AMV s...",
            "hashtags": "KamikazeKaitouJeanne, HoshiNoSamidare, RyuuseiNoRockman, drawing, programming, AMV"
        }
    },
    {
        "20250708": {
            "value": "#CurrListeningAlcea\r\nZuko - The Irregular at Magic High School https:\/\/m.youtube.com\/watch?v=WKdCSy0qtkk&pp=ygUnWnVrbyBUaGUgSXJyZWd1bGFyIGF0IE1hZ2ljIEhpZ2ggU2Nob29s",
            "hashtags": "CurrListeningAlcea"
        }
    },
    {
        "20250708": {
            "value": "Tried a rewrite of my Json #ActivityPub federator\r\nhttps:\/\/codeberg.org\/alceawisteria\/JsonActiPubFederate_landrok-rewrite\r\n\r\nVia landrok lib\r\n\r\nBut alas..\r\nNot much better than the old version",
            "hashtags": "ActivityPub"
        }
    },
    {
        "20250708": {
            "value": "\ud809\udc2bQuote Posts (part one)\r\nEarlier in the year, we shared our thought process about bringing the much-requested Quote Posts feature to Mastodon. We\u2019ve worked hard on bringing this capability to the platform while maintaining the strong safety principles that Mastodon is known for. Since Mastodon runs on over 8,000 independent servers that together form the platform you know, releasing features like this requires a two-pronged approach: first we release code that supports processing and displaying this new format, and then release code that allows our users to actively use the feature. This ensures all of our users can see this new type of content before anyone can create it. As part of our 4.4 release, you will be able to see quotes from compatible Fediverse platforms (including future Mastodon releases), but you will not yet be able to quote posts yourself. That capability will come in 4.5.\ud809\udc2b\r\n\r\nSo #mastodon renders #quote posts from other instances ( f.e. #Akkoma ) but you can not quote from a mtd instance yet.\r\n\r\nOh well\r\nhttps:\/\/blog.joinmastodon.org\/2025\/07\/mastodon-4.4\/",
            "hashtags": "mastodon, quote, Akkoma"
        }
    },
    {
        "20250708": {
            "value": "\ud809\udc2b18 months of R&D, just as many failed revisions, and more than $200K in costs. SUPER5 OLED HDMI is finally done. \ud809\udc2b\r\n\r\n#HDMI for #SwitchLite\r\n\r\nhttps:\/\/www.nintendolife.com\/news\/2025\/07\/18-months-and-usd200000-later-modder-gives-switch-lite-oled-and-hdmi-out-and-a-switch-2-oled-mod-is-next",
            "hashtags": "HDMI, SwitchLite"
        }
    },
    {
        "20250708": {
            "value": "Ok.\r\nThat one is so #stupid its funny :ablobcatbongo: \r\nhttps:\/\/www.reddit.com\/r\/AreTheStraightsOK\/comments\/1ksdx6l\/family_bad\/\r\nhttps:\/\/i.redd.it\/9svheevtc82f1.jpeg",
            "hashtags": "stupid"
        }
    },
    {
        "20250708": {
            "value": "\ud809\udc2bIt's a conversation starter. Like asking what you do for a living. The assumption is that most people will have\/want a significant other in the same way it's assumed most people are employed.\ud809\udc2b \r\n#instrusive\r\nhttps:\/\/www.reddit.com\/r\/asexuality\/comments\/l88owq\/why_do_people_ask_if_you_have_a\/",
            "hashtags": "instrusive"
        }
    },
    {
        "20250708": {
            "value": "\ud809\udc2bBut I think unless you also hear the other side, you can\u2019t really understand or judge what actually happened. And honestly, even judging other people in the first place \u2013 is that really our place? \ud809\udc2b\r\n#Truth !\r\nhttps:\/\/nintendoeverything.com\/bayonetta-3-voice-actor-change-hideki-kamiya\/",
            "hashtags": "Truth"
        }
    },
    {
        "20250708": {
            "value": "\ud809\udc2bOh no they might not be able to make full priced online only games that can become unplayable whenever they decide to stop supporting them anymore? What a terrible world that would be! \ud809\udc2b\r\n#StopKillingGames #preservation\r\nhttps:\/\/www.nintendolife.com\/news\/2025\/07\/it-will-have-a-chilling-effect-on-game-design-eu-group-responds-to-stop-killing-games",
            "hashtags": "StopKillingGames, preservation"
        }
    },
    {
        "20250707": {
            "value": "Fixing some missing #emojis \r\n( https:\/\/alcea-wisteria.de\/z_files\/emoji\/ )\r\nhttps:\/\/ibb.co\/xtLN12zw\r\nhttps:\/\/i.ibb.co\/Pvjdcr1J\/joined-image.png\r\n\r\nMost made the jump from yusaao.com..\r\nBut they weigh like 11 meg :ablobcatsweatsipzoom: ",
            "hashtags": "emojis"
        }
    },
    {
        "20250707": {
            "value": ":kirbyno: \r\n#Kirby says :blobcatno: ",
            "hashtags": "Kirby"
        }
    },
    {
        "20250707": {
            "value": "#Blobcat emojis\r\nhttps:\/\/github.com\/garfieldairlines\/blobcat\/blob\/main\r\n:blobcatfluffhappy: ",
            "hashtags": "Blobcat"
        }
    },
    {
        "20250707": {
            "value": "PewDiePie #De #Google ing ?\r\n\r\nWait .. But like #youtube is google too ?!\r\nhttps:\/\/www.pcgamer.com\/hardware\/handheld-gaming-pcs\/youtuber-pewdiepie-is-going-all-in-on-degoogling-and-the-steam-deck-is-one-of-the-surprising-tools-thats-helping-him-to-escape\/\r\n\r\n:confused_dog:",
            "hashtags": "De, Google, youtube"
        }
    },
    {
        "20250707": {
            "value": "\ud809\udc2bIf at all possible, I do what I can to get games physically. Not nessisarily everything, but for games I really like\/anticipating, if I can, i'd like to.\r\n\r\nThe options are for the Third AI Game are:\r\n\r\nSwitch - Physical\r\n\r\nSwitch 2 - Key Card\r\n\r\nSteam - Digital\r\n\r\nAnd as angry and frustrated as I am about Nintendo's business practices, I was willing to go to a midnight release to get a Switch 2, so I could play the game in the best physical quality possible.\r\n\r\n...and of course it was a Key Card.\r\n\r\nThis Key Card nonsense is really going to make true physical games of smaller games like this just about extinct.\r\n\r\nWhile I am grateful that it's going to be on Switch in a true physical fashion (at least from what I can tell) I know it's going to look\/run pretty rough, the Switch is truly showing it's age....\r\n\r\nI know this rant is silly, I just wanted to put this out there hoping someone else felt the same.\r\n\r\nI really wish they would have released it for the PS5 as well...\ud809\udc2b\r\n#GameKeyCard\r\nhttps:\/\/www.reddit.com\/r\/aithesomniumfiles\/comments\/1kv91z0\/frustration_with_no_sleep_for_kaname_date\/",
            "hashtags": "GameKeyCard"
        }
    },
    {
        "20250707": {
            "value": "#CurrListeningAlcea\r\nThe Hours - Ali In The Jungle Official Video \r\nhttps:\/\/m.youtube.com\/watch?v=d6nRGEXPEIw\r\n\r\n(Such a happy song :blobcatlaugh: )",
            "hashtags": "CurrListeningAlcea"
        }
    },
    {
        "20250707": {
            "value": "\ud809\udc2bThe author of the quoted post has requested their posts not be displayed on external sites.\ud809\udc2b\r\n\r\nLooks like #bluesky has optout for quotes.\r\n\r\nTake that #mastodon !\r\nhttps:\/\/ibb.co\/yJDSVBD\r\nhttps:\/\/i.ibb.co\/W1QtspQ\/Screenshot-20250707-205233-Brave.png\r\n\r\n",
            "hashtags": "bluesky, mastodon"
        }
    },
    {
        "20250707": {
            "value": "\ud809\udc2b@AlceasGamingBouquet:\r\nI have some files I #cannot delete in my Downloads folder\r\n\r\nMaybe a partTable thing\r\n\r\n\r\n\r\n\r\n@ThioJoe\r\nvor 1 Minute\r\nYou can try using the Sysinternals \"MoveFile\" tool, there's an example for how to schedule a deletion on the download page: https:\/\/learn.microsoft.com\/en-us\/sysinternals\/downloads\/pendmoves\ud809\udc2b\r\n@ https:\/\/m youtube com\/watch?v=ikcDqUoZQIA\r\n\r\n\r\nhttps:\/\/learn.microsoft.com\/en-us\/sysinternals\/downloads\/pendmoves\r\n",
            "hashtags": "cannot"
        }
    },
    {
        "20250707": {
            "value": "\r\nThe \"Pending File Rename Operations\" registry key in Windows is\u00a0used to manage file renames or deletions that cannot be completed immediately because the files are in use.\u00a0These operations are queued to be processed upon the next system reboot.\u00a0If this registry key isn't cleared after a reboot, it can cause issues with software installations, patching, and other processes that rely on it.\u00a0\r\nhttps:\/\/answers.microsoft.com\/en-us\/windows\/forum\/all\/pendingfilerenameoperations\/fe17bf75-dfcd-4989-a8c6-654896493f71\r\n\r\n#WindowsVista introduced \"RestartManager\" API to lower reboot prompts\r\n(RMLogoTest can be used to check)\r\n\r\nhttps:\/\/m.youtube.com\/watch?v=ikcDqUoZQIA",
            "hashtags": "WindowsVista"
        }
    },
    {
        "20250707": {
            "value": "Physical Video Games are Dying... https:\/\/m.youtube.com\/watch?v=PeQ2ukszcq8\r\n#GameKeyCards #GKC",
            "hashtags": "GameKeyCars, GKC"
        }
    },
    {
        "20250707": {
            "value": "Easy #theme maker\r\n( #3ds #switch #nds )\r\nhttps:\/\/gbatemp.net\/threads\/themes-using-aseprite.669463\/",
            "hashtags": "theme, 3ds, switch, nds"
        }
    },
    {
        "20250706": {
            "value": "\ud809\udc2bwith a design like that \r\n..\r\nIt might also have order cancellation\ud809\udc2b\r\n:crazylaugh: \r\nhttps:\/\/m.youtube.com\/watch?v=OfXlmGcfFTw\r\n\r\n#GoodOne ! #nothingphone",
            "hashtags": "GoodOne, nothingphone"
        }
    },
    {
        "20250706": {
            "value": "Finally updated the #steam library fetch (now fetches system specs via API endpoint too)\r\nhttps:\/\/codepen.io\/ryedai1\/pen\/WNPyLRj\r\n\r\nAlso brushed the renderer to now also show them\r\nhttps:\/\/alceawis.de\/steam_library_render.html\r\n#CodeAlcea",
            "hashtags": "steam, CodeAlcea"
        }
    },
    {
        "20250706": {
            "value": "https:\/\/vikingfusion.com\/2023\/09\/07\/fanny-packs-are-a-crime-against-fashion\/\r\n#fannypack #bauchtasche",
            "hashtags": "fannypack, bauchtasche"
        }
    },
    {
        "20250706": {
            "value": "#CurrListeningAlcea\r\nSilent Hill 2 (2024) - Theme of Laura's Emotions https:\/\/m.youtube.com\/watch?v=SnNEFTmOAgU",
            "hashtags": "CurrListeningAlcea"
        }
    },
    {
        "20250706": {
            "value": "Sunday afternoon and I already ate all my #sweets\r\n\r\nSigh\r\n\r\n:blobreachsob: ",
            "hashtags": "sweets"
        }
    },
    {
        "20250706": {
            "value": "#ChatGPT \/ #LLM addiction :blobcatthinkowo: \r\nhttps:\/\/m.youtube.com\/watch?v=LrXIRgi4LiE\r\nPhilLaude haha",
            "hashtags": "ChatGPT, LLM"
        }
    },
    {
        "20250706": {
            "value": "#CurrListeningAlcea\r\nGTA San Andreas Theme Song\r\n https:\/\/m.youtube.com\/watch?v=W4VTq0sa9yg&pp=ygUJR3RhIG11c2lj0gcJCcEJAYcqIYzv",
            "hashtags": "CurrListeningAlcea"
        }
    },
    {
        "20250706": {
            "value": "\ud809\udc2bThere's one thing I really liked doing in GTA IV, I was hitting a taxi with a baseball bat and ran to the cops and let him punch me, so the cops would arrest him :D \ud809\udc2b\r\n\r\n#Gta IV vs GTA V \r\nhttps:\/\/m.youtube.com\/watch?v=GWVtZJo-HqI&t=618s&pp=2AHqBJACAQ%3D%3D",
            "hashtags": "Gta"
        }
    },
    {
        "20250706": {
            "value": "#Mindseye (2025) vs #GTA IV (2013)\r\n\r\nHmm...\r\nhttps:\/\/m.youtube.com\/watch?v=fjOEtreylKc&embeds_referring_euri=https%3A%2F%2Fwww.reddit.com%2F\r\n\r\n:ablobthinkingeyes: ",
            "hashtags": "Mindseye, GTA"
        }
    },
    {
        "20250706": {
            "value": "#1fichir changed their #download site appearance slightly ?\r\nhttps:\/\/ibb.co\/V0chXTHF\r\nhttps:\/\/i.ibb.co\/0pRWPrB0\/Screenshot-20250706-123430-Brave.png\r\n\r\n",
            "hashtags": "1fichir, download"
        }
    },
    {
        "20250706": {
            "value": "Uh oh\r\nSomeone has some issues with #HarryPotter\r\nhttps:\/\/www.reddit.com\/r\/KotakuInAction\/comments\/1lsp1vs\/that_time_when_john_linneman_from_digital_foundry\/\r\n\r\n#DigitalFoundry",
            "hashtags": "HarryPotter, DigitalFoundry"
        }
    },
    {
        "20250706": {
            "value": "\ud809\udc2bDa freuen sich manche Japaner, dass weniger chinesische Touristen ins Land kommen - sie sind im Land relativ unbeliebt. \ud809\udc2b\r\n#japan\r\n\r\nhttps:\/\/www.tagesschau.de\/ausland\/asien\/japan-manga-erdbeben-100.html",
            "hashtags": "japan"
        }
    },
    {
        "20250706": {
            "value": "Best Comebacks | House M.D.. https:\/\/m.youtube.com\/watch?v=Xvv4JB3rXsA\r\n#drhouse\r\n\ud809\udc2b\r\nHello sick people\r\n- House @ 3:50 \ud809\udc2b",
            "hashtags": "drhouse"
        }
    },
    {
        "20250706": {
            "value": "House M.D. out of #context\r\nhttps:\/\/m.youtube.com\/watch?v=y8_osVidvK\r\n#drhouse",
            "hashtags": "context, drhouse"
        }
    },
    {
        "20250706": {
            "value": "\ud809\udc2bthis would be impossible for regular humans but touhou players actually have smaller hit boxes\ud809\udc2b \r\n#touhou \r\nhttps:\/\/m.youtube.com\/watch?v=A8kGxcBdXYs",
            "hashtags": "touhou"
        }
    },
    {
        "20250705": {
            "value": "https:\/\/www.reddit.com\/r\/gaming\/comments\/1lqbuvh\/some_of_the_most_graphically_impressive_games_on\/\r\n#gba",
            "hashtags": "gba"
        }
    },
    {
        "20250705": {
            "value": "#layoffs\r\n\ud809\udc2bI left the game industry in 2008 cause I got tired of the instability. Didn't matter where you worked or how good you were, it just happened.\ud809\udc2b \r\nhttps:\/\/www.reddit.com\/r\/gaming\/comments\/1lrjacs\/20_foolproof_ways_to_get_laid_off_in_the\/",
            "hashtags": "layoffs"
        }
    },
    {
        "20250705": {
            "value": "https:\/\/gbatemp.net\/threads\/ea-is-shutting-down-the-servers-for-anthem-next-year.672950\/\r\n#GaaSmodern Gaming",
            "hashtags": "GaaSmodern"
        }
    },
    {
        "20250704": {
            "value": "\ud809\udc2blike a play tablet\r\n- Barrack Obama\ud809\udc2b\r\nSecurity of President devices\r\nhttps:\/\/m.youtube.com\/watch?v=iyUR6PANjJk\r\n"
        }
    },
    {
        "20250704": {
            "value": "Wohin Gehen Menschen, Wenn Sie Dich #Hacken Wollen? \r\nhttps:\/\/m.youtube com\/watch?v=OrvOiYdOy_Y\r\nhttps:\/\/m.youtube.com\/watch?v=TLPHmHPaCiQ&pp=0gcJCcEJAYcqIYzv\r\n\r\nZeroDay Exploits",
            "hashtags": "Hacken"
        }
    },
    {
        "20250704": {
            "value": "\ud809\udc2bTipp Nummer 4: besitze keine Kreditkarte Tipp Nummer 5:  zahle deine Miete \/ Kredite und behalte niemals mehr als du brauchst auf deinem Konto. Sichere alles was du dir sparst Zuhause iwo. Nicht nur wegen hacmini sondern auch wegen den Banken. Falls es mal Stromausf\u00e4lle geben sollte wie in Spanien oder Portugal f\u00fcr eine l\u00e4ngere Zeit oder im schlimmsten Fall ein Krieg bricht aus, ist dein Erspartes futsch. Ja h\u00f6rt sich extrem an aber gehe auf Nummer sicher. Man weis nie \ud83d\ude05\ud809\udc2b #simswapping https:\/\/m.youtube.com\/watch?v=-V75SujMTzg&pp=0gcJCfwAo7VqN5tD",
            "hashtags": "simswapping"
        }
    },
    {
        "20250704": {
            "value": "\ud809\udc2bAccording to some folks in Japan, however (thanks, Nintendo Soup), their consoles are actually overheating. Multiple users have taken to X to relay instances in which their games have crashed, the consoles' fans have gone into overdrive, or, in one case, their system simply became too hot to hold. \ud809\udc2b\r\n#Switch2\r\nhttps:\/\/www.nintendolife.com\/news\/2025\/07\/switch-2-users-are-reporting-instances-of-their-consoles-overheating",
            "hashtags": "Switch2"
        }
    },
    {
        "20250704": {
            "value": "\ud809\udc2bHow do other consoles utilize something that your own console can't?! Ridiculous \ud809\udc2b\r\n#Switch2\r\nhttps:\/\/www.nintendolife.com\/news\/2025\/07\/switch-2-dock-supports-vrr-after-all-but-it-doesnt-actually-work-with-console",
            "hashtags": "Switch2"
        }
    },
    {
        "20250704": {
            "value": ":NekoWhat: \r\n#WTF Nintendo ?\r\nhttps:\/\/www.eurogamer.net\/nintendo-president-says-children-should-engage-with-its-characters-elsewhere-if-they-cant-afford-a-switch-2?view=comments\r\n\r\nChildren not affording Nintendo\r\n\r\nIs this hell",
            "hashtags": "WTF"
        }
    },
    {
        "20250704": {
            "value": "https:\/\/de.m.wikipedia.org\/wiki\/Rauchfetischismus https:\/\/www.sexualtherapie.online\/blog\/rauchen-als-fetisch\/\r\n#Smoking is not very sexy",
            "hashtags": "Smoking"
        }
    },
    {
        "20250704": {
            "value": "Daddy ZARC s #vrains synopses still cracking me up \r\n:crazylaugh: \r\n\r\nhttps:\/\/daddyzarc.tumblr.com\/tagged\/vrains",
            "hashtags": "vrains"
        }
    },
    {
        "20250704": {
            "value": "hmmm ... :ablobcatbongo: #whoops forgot hashtags, silly me.",
            "hashtags": "whoops"
        }
    },
    {
        "20250704": {
            "value": "Ah yes\r\n\r\nhttps:\/\/www.reddit.com\/r\/Finanzen\/comments\/1lpvvwh\/comment\/n0zfouq\/?context=3\r\n\r\n\ud809\udc2b\r\nFachkr\u00e4ftemangel ist in einigen Berufsgruppen einfach nur ein Synonym f\u00fcr \"es fehlt an billig-lohn-sklaven\"\r\n\r\nWir haben keinen generellen Fachkr\u00e4ftemangel. Wir haben einen billiglohnarbeiter Mangel in einigen Fachbereichen.\r\n\r\nDer klassische \"25 Jahre alt, bitte top Referenzen, 30 Jahre Berufserfahrung und wir zahlen Mindestlohn + Obstkorb (Wasser in der Firmeneigenen Teek\u00fcche UMSONST!!!)\"\r\n\r\n______________\r\nKokolores.\r\n\r\nNa sicher wei\u00df man, wie ein gutes Einstellungverfahren aussehen m\u00fcsste. Will aber keiner.\r\n- Der Chef will Kosten sparen\r\n- der Personaler muss seine Existenz rechtfertigen und darf keine nachweisbaren Fehler machen. Dem ist es egal ob er gute oder schlechte Leute einstellt, es darf nur nicht zu lange dauern, zu teuer sein, und vor allem darf nichts schriftliches Existieren, auf das man hinweisen kann falls sich ein Neueingestellter als Pfeife erweist um zu sagen: Da, das war doch ganz klar ein Warnhinweis, haben Sie das denn nicht gesehen?!\r\nAlso ein l\u00e4ngerer Zeitraum der Arbeitslosigkeit, zu hohes Alter, eine Selbstst\u00e4ndigkeit, lange Studiendauer, schlechte Noten, komisch klingende Namen, weiblich, jung und frisch verheiratet...\r\n\r\n- Und die Fachvorgesetzten sind in der Regelganz froh, wenn sie mit dem Bewerbungszirkus nicht allzu viel zu tun haben m\u00fcssen\ud809\udc2b\r\n#Bewerbung",
            "hashtags": "Bewerbung"
        }
    },
    {
        "20250704": {
            "value": "\ud809\udc2bDas 20-25 fache der Nettokaltmiete sollte der Kaufpreis sein. \ud809\udc2b\r\n#Immobilie\r\nhttps:\/\/www.reddit.com\/r\/Finanzen\/comments\/1lqmfxm\/mit_24_jahren_2raum_eigentumswohnung_f\u00fcr_120k_5k\/",
            "hashtags": "Immobilie"
        }
    },
    {
        "20250704": {
            "value": "\ud809\udc2bDie Liste deiner Mutter ist nichts wert und hat beim Erbe keinerlei Bestand. Es gibt unz\u00e4hlige F\u00e4lle in der die Mutter einen Sohn sein \"Erbe ausgezahlt\" hat und nachdem Tod bestand der Sohn auf seinen Anteil. Diese haben immer Recht bekommen. \ud809\udc2bhttps:\/\/www.reddit.com\/r\/Finanzen\/comments\/1lqqopf\/die_atombombe_namens_erbe\/\r\n\r\nTelling your children to \"handle leftovers\" emselves is the most irresponsible ahole thing you could ever. so."
        }
    },
    {
        "20250704": {
            "value": "Sus #DKB being lame\r\nhttps:\/\/www.reddit.com\/r\/Finanzen\/comments\/1lqqsjk\/was_rauchen_die_denn_bei_der_dkb_frage_unsere_ki\/",
            "hashtags": "DKB"
        }
    }
]