[
    {
        "20250728": {
            "value": "\ud809\udc2bI changed     {\r\n        \"id\": \"y4bgiMlEYbU\",\r\n        \"title\": \"The Simple Plot of Final Fantasy 7 - ANIMATED MUSIC VIDEO by Starbomb Collab\",\r\n        \"uploader\": \"David Toons\",\r\n        \"file\": \"y4bgiMlEYbU.mp4\",\r\n        \"uploaded\": \"2025-07-28T09:27:01+00:00\",\r\n        \"url\": \"https:\\\/\\\/alcea-wisteria.de\\\/ytarchive\\\/y4bgiMlEYbU.mp4\",\r\n        \"waybackurl\": \"https:\\\/\\\/web.archive.org\\\/web\\\/20250728092655\\\/https:\\\/\\\/alcea-wisteria.de\\\/ytarchive\\\/y4bgiMlEYbU.mp4\"\r\n    },\r\n    {\r\n        \"id\": \"yAioZzuhOQg\",\r\n        \"title\": \"The Simple Plot of Metal Gear Solid - ANIMATED MUSIC VIDEO by Studio Yotta - Starbomb\",\r\n        \"uploader\": \"Egoraptor\",\r\n        \"file\": \"yAioZzuhOQg.mp4\",\r\n        \"uploaded\": \"2025-07-28T09:33:15+00:00\",\r\n        \"url\": \"https:\\\/\\\/alcea-wisteria.de\\\/ytarchive\\\/yAioZzuhOQg.mp4\",\r\n        \"waybackurl\": \"https:\\\/\\\/web.archive.org\\\/web\\\/20250728093303\\\/https:\\\/\\\/alcea-wisteria.de\\\/ytarchive\\\/yAioZzuhOQg.mp4\"\r\n    },\r\n    {\r\n        \"id\": \"Ndgto6h4z9w\",\r\n        \"title\": \"The Simple Plot of Kingdom Hearts (Reupload) by Starbomb\",\r\n        \"uploader\": \"Egoraptor\",\r\n        \"file\": \"Ndgto6h4z9w.mp4\",\r\n        \"uploaded\": \"2025-07-28T09:40:08+00:00\",\r\n        \"url\": \"https:\\\/\\\/alcea-wisteria.de\\\/ytarchive\\\/Ndgto6h4z9w.mp4\",\r\n        \"waybackurl\": \"https:\\\/\\\/web.archive.org\\\/web\\\/20250728093957\\\/https:\\\/\\\/alcea-wisteria.de\\\/ytarchive\\\/Ndgto6h4z9w.mp4\"\r\n    }\r\n]\r\n to  },\r\n    {\r\n        \"id\": \"y4bgiMlEYbU\",\r\n        \"title\": \"The Simple Plot of Final Fantasy 7\",\r\n        \"uploader\": \"David Toons\",\r\n        \"file\": \"y4bgiMlEYbU.mp4\",\r\n        \"uploaded\": \"2025-07-28T09:27:01+00:00\",\r\n        \"url\": \"https:\\\/\\\/alcea-wisteria.de\\\/ytarchive\\\/y4bgiMlEYbU.mp4\",\r\n        \"waybackurl\": \"https:\\\/\\\/web.archive.org\\\/web\\\/20250728092655\\\/https:\\\/\\\/alcea-wisteria.de\\\/ytarchive\\\/y4bgiMlEYbU.mp4\"\r\n    },\r\n    {\r\n        \"id\": \"yAioZzuhOQg\",\r\n        \"title\": \"The Simple Plot of Metal Gear Solid - Starbomb\",\r\n        \"uploader\": \"Egoraptor\",\r\n        \"file\": \"yAioZzuhOQg.mp4\",\r\n        \"uploaded\": \"2025-07-28T09:33:15+00:00\",\r\n        \"url\": \"https:\\\/\\\/alcea-wisteria.de\\\/ytarchive\\\/yAioZzuhOQg.mp4\",\r\n        \"waybackurl\": \"https:\\\/\\\/web.archive.org\\\/web\\\/20250728093303\\\/https:\\\/\\\/alcea-wisteria.de\\\/ytarchive\\\/yAioZzuhOQg.mp4\"\r\n    },\r\n    {\r\n        \"id\": \"Ndgto6h4z9w\",\r\n        \"title\": \"The Simple Plot of Kingdom Hearts Starbomb\",\r\n        \"uploader\": \"Egoraptor\",\r\n        \"file\": \"Ndgto6h4z9w.mp4\",\r\n        \"uploaded\": \"2025-07-28T09:40:08+00:00\",\r\n        \"url\": \"https:\\\/\\\/alcea-wisteria.de\\\/ytarchive\\\/Ndgto6h4z9w.mp4\",\r\n        \"waybackurl\": \"https:\\\/\\\/web.archive.org\\\/web\\\/20250728093957\\\/https:\\\/\\\/alcea-wisteria.de\\\/ytarchive\\\/Ndgto6h4z9w.mp4\"\r\n    }\r\n]\ud809\udc2b\r\nand it fixes https:\/\/alcea-wisteria.de\/ytarchive\/?limit=8&extendedsearch=true rendering ..\r\nWhy ? #ytarchive",
            "hashtags": "ytarchive"
        }
    },
    {
        "20250728": {
            "value": "\ud809\udc2b\r\nDenn am 22. August teilte Jules auf Twitter, wie viel Geld er mit dem Video verdient hat: 1.587 \u20ac. Das entspreche einem Stundenlohn von 5,29 \u20ac, so der YouTuber. Rechnerisch bedeutet das, dass er ungef\u00e4hr 300 Stunden in die Produktion des Videos gesteckt hat.\r\nWarum ist das so wenig? Jules ver\u00f6ffentlicht im Vergleich zu anderen YouTubern eher wenige Videos, die daf\u00fcr recht lang und aufwendig produziert sind. Es scheint, als w\u00fcrde sich diese Art Inhalt kaum noch lohnen: \u201eHeutzutage ist YouTube einfach nicht mehr daf\u00fcr gemacht\u201c, vermutet #Jules.\r\n\r\n\r\n\r\nBesonders \u00e4rgerlich: Twitch-Streamer zeigen solche Videos gerne in ihren eigenen Streams, reagieren darauf und posten einen Mitschnitt davon auf YouTube. Damit nehmen sie teilweise mehr ein, als der urspr\u00fcngliche Sch\u00f6pfer des Videos.\ud809\udc2b\r\n\r\n#Youtube #issues #reacts\r\nhttps:\/\/mein-mmo.de\/jules-youtube-einnahmen-geringer-stundenlohn\/#:~:text=Denn%20am%2022.,Produktion%20des%20Videos%20gesteckt%20hat.\r\n",
            "hashtags": "Jules, Youtube, issues, reacts"
        }
    },
    {
        "20250728": {
            "value": "Hmmm using #LLM for #music suggestions\r\n\r\nI thought it'd be a total disaster..\r\nBut some are ok \r\nhttps:\/\/ibb.co\/Z1NGGrV3\r\nhttps:\/\/i.ibb.co\/R47YYK91\/aerochord-shadows-neeve.png\r\n\r\n:PopClutz: \r\n#repost \u2022acws #acws #ChatGPT",
            "hashtags": "LLM, music, repost, acws, ChatGPT"
        }
    },
    {
        "20250728": {
            "value": "\ud809\udc2bDerek appears to be less involved in these productions nowadays.  His subordinates do the work, and he sets up a Zoom call to ask some provocative questions (also used for footage), just enough to record an introduction.  I believe he still gets a lot of credit, though, because we associate his face with the #Veritasium trademark.\ud809\udc2b\r\nhttps:\/\/m.youtube.com\/watch?v=KZeIEiBrT_w&pp=0gcJCfwAo7VqN5tD\r\n",
            "hashtags": "Veritasium"
        }
    },
    {
        "20250727": {
            "value": "\"And now summons #Exodia\"\r\n\r\nhttps:\/\/m.youtube.com\/watch?v=XQbYRt0gxwY&t=672s&pp=2AGgBZACAQ%3D%3D\r\n:ablobjoy: ",
            "hashtags": "Exodia"
        }
    },
    {
        "20250727": {
            "value": "#CurrListeningAlcea\r\nNever Cry Again - Dash Berlin\r\nhttps:\/\/m.youtube.com\/watch?v=WLcn3lIK6uc&list=PLOq0BiMkx-F1x5Ia92uTFbInqg7AsD_HD&index=22&pp=iAQB8AUB",
            "hashtags": "CurrListeningAlcea"
        }
    },
    {
        "20250727": {
            "value": "#CurrListeningAlcea\r\nAtb - Move On ft. JanSoon\r\n\r\nGod I :baba_l: :baba_o: :baba_v: :baba_e: this song !\r\n\r\nhttps:\/\/www.youtube.com\/watch?v=08GmlD6WWRw\r\n#repost \u2022acws #acws\r\n(I even made a #AMV matching it some time ago \ud83d\ude43... )",
            "hashtags": "CurrListeningAlcea, repost, acws, AMV"
        }
    },
    {
        "20250727": {
            "value": "Since I only started posting on Fedi regularly again on 11-7-2025 its hardly surprising my regular timeline still has more posts \r\nhttps:\/\/ibb.co\/8Dw3QR2r\r\nhttps:\/\/i.ibb.co\/XZPBGdp7\/joined-image.png\r\n\ud809\udc2bLeft: Posts targeting fedi (\"acws\") Right: all posts, including non Fedi for same timeframe\ud809\udc2b\r\n\r\nAt least copying over only takes one lil button press (and I ger to use my own -preferred- composer with all #emojis I could ever want :UWUCea: \r\n\r\n#BestOfBothWorlds\r\n\r\nAnd Fedi can explode all it wants, my own timeline will always be around :AlceaCatDealWithIt: \r\n#repost \u2022acws #acws",
            "hashtags": "emojis, BestOfBothWorlds, repost, acws"
        }
    },
    {
        "20250727": {
            "value": "#Bowlroll #DetectiveConan\r\nIt's insane how some #models look like the characters of the #show itself.\r\n\r\nI don't even.\r\n\r\nThats why I love #MikuMikuDance :MikuChairSpin: :RedCrystalHeart: \r\n\r\nhttps:\/\/ibb.co\/dsz59SzX\r\nhttps:\/\/i.ibb.co\/1YwmV3wB\/Screenshot-20250727-181058-Brave.png\r\nhttps:\/\/bowlroll.net\/file\/336131\r\n\r\n#repost \u2022acws #acws",
            "hashtags": "Bowlroll, DetectiveConan, models, show, MikuMikuDance, repost, acws"
        }
    },
    {
        "20250727": {
            "value": "#LinusTechTips self googeling\r\nhttps:\/\/m.youtube.com\/watch?v=Mr3VYxiXvh0",
            "hashtags": "LinusTechTips"
        }
    },
    {
        "20250727": {
            "value": "\ud809\udc2b\r\n@DGreatfox\r\nvor 9 Stunden\r\nAs an AV tech that deals in these LED walls quite a bit it is rather fun to watch someone go through it for the first time. We repair tiles usually in quadrants on each of the panels and it does look like some get melted or destroyed as they are resoldered pretty regularly. Those tiles are super fragile and are an absolute incredible pain to repair a lot of the time. We usually have a team of like 8 people repair about 40 panels at a time and it takes them about a week\r\n\ud809\udc2b\r\nGiant #VideoWall on Craigslist\r\nhttps:\/\/m.youtube.com\/watch?v=_Rjto-cw_uE&t=1206s&pp=2AG2CZACAQ%3D%3D",
            "hashtags": "VideoWall"
        }
    },
    {
        "20250727": {
            "value": "\ud809\udc2b@TadeoDOria\r\nvor 10 Tagen\r\n\" #Discord is not documentation\" THANK YOU. I hate that forums are going away, I will post on them until the day they stop existing.\ud809\udc2b\r\nhttps:\/\/m.youtube.com\/watch?v=9ehLMlVTRJM#\r\n",
            "hashtags": "Discord"
        }
    },
    {
        "20250727": {
            "value": "Hmmm #Vroid has a weird #Game Symbol at the bottom bar now..\r\n\r\nDoes that mean people can use models in games ?\r\n:ablobcatsweatsipzoom: \r\n\r\nB-B-but my models are not optimized for games \ud83e\udee8\r\nThey are only rigged and meshed for PMXE and #MikuMikuDance\r\n\r\nOh No.\r\nhttps:\/\/ibb.co\/6JLDzG3z\r\nhttps:\/\/i.ibb.co\/M5QPrKYr\/Screenshot-20250727-140740-Brave.png\r\n#repost \u2022acws #acws",
            "hashtags": "Vroid, Game, MikuMikuDance, repost, acws"
        }
    },
    {
        "20250727": {
            "value": "#CurrListeningAlcea\r\nSad Piano (Yusaku's Three Things) - YuGiOh #VRAINS #Atmilu\r\n\r\nhttps:\/\/m.youtube.com\/watch?v=_yeSTumjZY0\r\n#unreleased",
            "hashtags": "CurrListeningAlcea, VRAINS, Atmilu, unreleased"
        }
    },
    {
        "20250727": {
            "value": "#CurrListeningAlcea\r\nJack Battle 2 - Yugioh 5DS #Atmilu\r\nhttps:\/\/m.youtube.com\/watch?v=bnPOl0ftu9k",
            "hashtags": "CurrListeningAlcea, Atmilu"
        }
    },
    {
        "20250727": {
            "value": "#CurrListeningAlcea\r\n~Till the End ~ 1999 - #KamikazeKaitouJeanne ED 1\r\nhttps:\/\/m.youtube.com\/watch?v=Kw4n36pEvC0\r\n#repost \u2022acws #acws",
            "hashtags": "CurrListeningAlcea, KamikazeKaitouJeanne, repost, acws"
        }
    },
    {
        "20250727": {
            "value": "Let Sleeping Gods lie - #GodEater OST\r\n ( #GoShiina )\r\n https:\/\/m.youtube.com\/watch?v=sEEXvqOQPYk",
            "hashtags": "GodEater, GoShiina"
        }
    },
    {
        "20250727": {
            "value": "#LocalUserMatchup #NintendoSwitch tests\r\n\r\nhttps:\/\/gbatemp.net\/threads\/mig-switch-on-switch-2.669389\/page-50#post-10698707\r\n\r\n#banned",
            "hashtags": "LocalUserMatchup, NintendoSwitch, post, banned"
        }
    },
    {
        "20250727": {
            "value": "#CurrListeningAlcea\r\nNo internet - #TheMentalist S04 Score \r\n( #BlakeNeely )\r\nhttps:\/\/m.youtube.com\/watch?v=UVra1qCcvAg\r\n\r\n#repost \u2022acws #acws",
            "hashtags": "CurrListeningAlcea, TheMentalist, BlakeNeely, repost, acws"
        }
    },
    {
        "20250727": {
            "value": "Time for the best show ever.\r\nWonder if I'll manage to rewatch it whole, its a very long #tvshow\r\n#TheMentalist\r\n:RJ_RedJohn_TheMentalist: \r\n\r\nhttps:\/\/ibb.co\/nNSr4L7J\r\nhttps:\/\/i.ibb.co\/MxLnKCc0\/Screenshot-20250727-074123-FX.png\r\n\r\n#repost \u2022acws #acws",
            "hashtags": "tvshow, TheMentalist, repost, acws"
        }
    },
    {
        "20250727": {
            "value": "#Poweroutage.\r\n\r\nSeems my A3 Printer makes for a good #alarmclock",
            "hashtags": "Poweroutage, alarmclock"
        }
    },
    {
        "20250726": {
            "value": "\ud809\udc2bThis time on #DungeonDiceMonsters\r\n\"Oh c'mon this is nothing like DDM. !\ud809\udc2b\r\n#ygotas\r\n\r\nhttps:\/\/m.youtube.com\/watch?v=CGJ_Dx6gjrs&list=PLTagxffHmpfT765IfQj68dMmfFs3W7s1f&index=78&pp=iAQB0gcJCcwJAYcqIYzv&t=21",
            "hashtags": "DungeonDiceMonsters, ygotas"
        }
    },
    {
        "20250726": {
            "value": "And in html <style>\r\n    @keyframes spinY {\r\n      0%   { transform: rotateY(0deg); }\r\n      100% { transform: rotateY(360deg); }\r\n    }\r\n    @keyframes rainbowColor {\r\n      0%   { color: red; }\r\n      14%  { color: orange; }\r\n      28%  { color: yellow; }\r\n      42%  { color: green; }\r\n      57%  { color: blue; }\r\n      71%  { color: indigo; }\r\n      85%  { color: violet; }\r\n      100% { color: red; }\r\n    }\r\n  <\/style>\r\n<span style=\"display: inline-block;animation: spinY 2s linear infinite, rainbowColor 3s linear infinite;transform-style: preserve-3d;perspective: 1000px;\">Can I do this?<\/span> Yes !\r\n\r\n<=> https:\/\/alceawis.com\/notice\/AwX6W1ErQjdvbq1E1o\r\n#Akkoma #MFM as #HTML\r\n#repost \u2022acws #acws",
            "hashtags": "Akkoma, MFM, HTML, repost, acws"
        }
    },
    {
        "20250726": {
            "value": "At this point I'm not sure if cslling this a #website is still a good term :akkohug: \r\n\r\nBeing able to browse #reddit #search #youtube or even trim a lil video in the comfort of your website is sweet\r\n\r\nAnd the site weighs merly 5 meg compressed :birdheart: \r\nhttps:\/\/postimg.cc\/grQYkrKQ\r\nhttps:\/\/i.postimg.cc\/dttD6yZs\/alceawis-de.png\r\n\r\n\r\n#repost \u2022acws #acws",
            "hashtags": "website, reddit, search, youtube, repost, acws"
        }
    },
    {
        "20250726": {
            "value": "Woo !\r\nFinally got a lil webasm based #ffmpeg lil smol videotrimmer to work *yay*\r\n\r\nhttps:\/\/alceawis.de\/other\/extra\/scripts\/ffmpeg\/ffmpeg-trim.html#https:\/\/codepen.io\/ryedai1\/pen\/PwPGjGY\r\n#CodeAlcea\r\n\r\n(Requires cors free mp4 url atm, maybe I'll add a file upload)\r\n#repost \u2022acws #acws",
            "hashtags": "ffmpeg, https, CodeAlcea, repost, acws"
        }
    },
    {
        "20250726": {
            "value": "This should do\r\n\ud809\udc2b\r\n&lt;button type=\"button\" onclick=\"fillScriptPath('\/root\/reboot_akkoma.sh')\"&gt;Load Akkoma Script&lt;\/button&gt;\r\n&lt;button type=\"button\" onclick=\"fillScriptPath('\/root\/reboot_nginx.sh')\"&gt;Load Nginx Script&lt;\/button&gt;\r\n&lt;script&gt;\r\nfunction fillScriptPath(path) {\r\ndocument.getElementById('remoteScriptPath').value = path;\r\n}\r\n&lt;\/script&gt;\r\n&lt;?php\r\nini_set('display_errors', 1);\r\nerror_reporting(E_ALL);\r\n\r\n$remoteServer = \"root@xxx.xxx.xxx.xxx\";\r\n$defaultRemoteScriptPath = \"\/root\/letsencryptchron.sh\";\r\n\r\n$scriptDir = dirname(__FILE__);\r\n$uploadedKey = $scriptDir . \"\/uploaded_key\";\r\n$formSubmitted = false;\r\n\r\n$remoteScriptPath = isset($_POST['remoteScriptPath']) ? $_POST['remoteScriptPath'] : $defaultRemoteScriptPath;\r\n\r\n\/\/ Create safe log filename from remote script path\r\n$logFileBase = str_replace('\/', '_', $remoteScriptPath);\r\nif (substr($logFileBase, -3) === '.sh') {\r\n$logFileBase = substr($logFileBase, 0, -3); \/\/ Remove .sh extension\r\n}\r\n$logFile = \"\/tmp\/\" . $logFileBase . \".log\";\r\nif ($_SERVER['REQUEST_METHOD'] === 'POST' &amp;&amp; isset($_FILES['ppkFile'])) {\r\nif ($_FILES['ppkFile']['error'] === UPLOAD_ERR_OK) {\r\nif (move_uploaded_file($_FILES['ppkFile']['tmp_name'], $uploadedKey)) {\r\necho \"File uploaded!&lt;br&gt;\";\r\n$formSubmitted = true;\r\n} else {\r\necho \"Failed to move the uploaded file.&lt;br&gt;\";\r\nexit(1);\r\n}\r\n} else {\r\necho \"Upload error code: \" . $_FILES['ppkFile']['error'] . \"&lt;br&gt;\";\r\nexit(1);\r\n}\r\n}\r\nif ($formSubmitted &amp;&amp; file_exists($uploadedKey)) {\r\nchmod($uploadedKey, 0600);\r\n$escapedRemoteScriptPath = escapeshellcmd($remoteScriptPath);\r\n$sshCommand = \"ssh -i \" . escapeshellarg($uploadedKey) .\r\n\" -o StrictHostKeyChecking=no \" . escapeshellarg($remoteServer) .\r\n\" 'bash \" . $escapedRemoteScriptPath . \" &gt; $logFile 2&gt;&amp;1'\";\r\nexec($sshCommand, $output, $returnVar);\r\necho $returnVar === 0 ? \"Remote script executed successfully.&lt;br&gt;\" : \"Remote script failed to execute.&lt;br&gt;\";\r\n$logContents = shell_exec(\"ssh -i \" . escapeshellarg($uploadedKey) .\r\n\" -o StrictHostKeyChecking=no \" . escapeshellarg($remoteServer) .\r\n\" 'cat $logFile'\");\r\necho $logContents ? \"&lt;pre&gt;\" . htmlspecialchars($logContents) . \"&lt;\/pre&gt;\" : \"No log output.&lt;br&gt;\";\r\nif (file_exists($uploadedKey)) {\r\nunlink($uploadedKey);\r\necho \"File deleted!&lt;br&gt;\";\r\n}\r\n}\r\n?&gt;\r\n&lt;!DOCTYPE html&gt;\r\n&lt;html lang=\"en\"&gt;\r\n&lt;head&gt;\r\n&lt;meta charset=\"UTF-8\"&gt;\r\n&lt;title&gt;Upload Key and Run&lt;\/title&gt;\r\n&lt;\/head&gt;\r\n&lt;body&gt;\r\n&lt;h2&gt;Upload OpenSSH Private Key&lt;\/h2&gt;\r\n&lt;form action=\"&lt;?php echo htmlspecialchars(basename($_SERVER['PHP_SELF'])); ?&gt;\" method=\"post\" enctype=\"multipart\/form-data\"&gt;\r\n&lt;label for=\"ppkFile\"&gt;Choose your private key:&lt;\/label&gt;\r\n&lt;input type=\"file\" name=\"ppkFile\" id=\"ppkFile\" required&gt;&lt;br&gt;&lt;br&gt;\r\n&lt;label for=\"remoteScriptPath\"&gt;Remote script path:&lt;\/label&gt;\r\n&lt;input type=\"text\" name=\"remoteScriptPath\" id=\"remoteScriptPath\" value=\"&lt;?php echo htmlspecialchars($remoteScriptPath); ?&gt;\" style=\"width: 400px;\" required&gt;&lt;br&gt;&lt;br&gt;\r\n&lt;button type=\"submit\"&gt;Upload &amp; Run&lt;\/button&gt;\r\n&lt;\/form&gt;\r\n&lt;\/body&gt;\r\n&lt;\/html&gt;\r\n\ud809\udc2b\r\n\r\nBeing an #admin is easy :Alcea_Smile: \r\n#VPS #RemoteExec #shell\r\n#repost \u2022acws #acws",
            "hashtags": "admin, VPS, RemoteExec, shell, repost, acws"
        }
    },
    {
        "20250726": {
            "value": "A kid behind me asked her mom if they\r\n\ud809\udc2bCould have the #groceries for free, if they are 1000th customer\ud809\udc2b\r\n\r\nSadly the mom was a realist.\r\nThe kid even devised more ideas on how to get stuff free :02smile: \r\nWhich the RealistMom did not agree on...\r\n\r\nSob\r\nPoor kid\r\n\r\n\r\n#repost \u2022acws #acws #shopping",
            "hashtags": "groceries, repost, acws, shopping"
        }
    },
    {
        "20250726": {
            "value": "Telekom #gangsta kids trying to sell me a #telekom contract b4 shopoing mall ?\r\n\r\nNot happening :PopClutz: \r\n\r\nKiddo: \"Do you have a telekom vontr-\"\r\nCea: \"Yes, sady so..\"\r\nKiddo: *surprised pikachu face*\r\n#shopping\r\n#repost \u2022acws #acws",
            "hashtags": "gangsta, telekom, shopping, repost, acws"
        }
    },
    {
        "20250726": {
            "value": "\ud809\udc2bPCSX2 - Android project\r\n\r\nEE Recompiler x86 => arm64\r\n\r\nIt is still unfinished because I made it while studying due to my lack of experience with assembler.\r\n\r\nI think it would be good to look at it for reference.\r\n\r\nhttps:\/\/www.youtube.com\/watch?v=ACxMJufB1EM\ud809\udc2b\r\nhttps:\/\/gbatemp.net\/threads\/new-pcsx2-android-port.672698\/\r\nhttps:\/\/github.com\/Trixarian\/PCSX2_ARM64\r\n#PS2",
            "hashtags": "PS2"
        }
    },
    {
        "20250726": {
            "value": "#CurrListeningAlcea\r\nA Certain Scientific Railgun OST 2: Reality to Confront\r\nhttps:\/\/www.youtube.com\/watch?v=jCoFtnEDz0E",
            "hashtags": "CurrListeningAlcea"
        }
    },
    {
        "20250726": {
            "value": "Truly a #marvelous #instance\r\n\r\n\ud809\udc2bYou are not brave enough\r\nhttps:\/\/f.619.hu\/\ud809\udc2b\r\n\r\n#WhatDoesThisEvenMean ?\r\n#repost \u2022acws #acws",
            "hashtags": "marvelous, instance, WhatDoesThisEvenMean, repost, acws"
        }
    },
    {
        "20250726": {
            "value": "Added replyhandler to main #mastodon \/ #akkoma parser too\r\n\r\nhttps:\/\/alceawis.de\/About.html?instance=alceawis.com&userid=alcea\r\n\r\nMethinks i might just view replies this way now.\r\nIt shows ALL, while mastodon doesnt\r\n\r\nWhats @Gargron doing anyways ?\r\nhttps:\/\/ibb.co\/fzkghmN5\r\nhttps:\/\/i.ibb.co\/1trgDHX5\/Screenshot-20250726-100816-Opera.png\r\n\r\n\r\n#repost \u2022acws #acws",
            "hashtags": "mastodon, akkoma, repost, acws"
        }
    },
    {
        "20250726": {
            "value": "no"
        }
    },
    {
        "20250726": {
            "value": "Guess I should leave the \u0336#\u0336m\u0336e\u0336t\u0336h\u0336 erm #math to @enigmatico@mk.absturztau.be :Alcea_Deal: \r\n....\r\n\r\nMy f(x) approximation is not good\r\n:gitgud: .. Maybu..\r\nhttps:\/\/ibb.co\/N2B0gCyT\r\nhttps:\/\/i.ibb.co\/whmnZgzc\/Screenshot-20250726-091040-Brave.png\r\n#meth #math\r\n#repost \u2022acws #acws",
            "hashtags": "math, meth, math, repost, acws"
        }
    },
    {
        "20250726": {
            "value": "#CurrListeningAlcea\r\nA new mode \/ Another Medium - #Undertale\r\n#TobyFox\r\nhttps:\/\/m.youtube.com\/watch?v=NP4sPRIyHKM&pp=ygUXQW5vdGhlciBtZWRpdW0gdW5kZXJ0TGU%3D\r\n#repost \u2022acws #acws",
            "hashtags": "CurrListeningAlcea, Undertale, TobyFox, repost, acws"
        }
    },
    {
        "20250726": {
            "value": "Yeah.. #pixelart is difficult\r\nhttps:\/\/ibb.co\/WNFMM5xq\r\nhttps:\/\/i.ibb.co\/zWbBBxnj\/joined-image.png\r\n\r\nhttps:\/\/memories.undertale.com\/\r\n\r\n:AlceaThink: \r\n#undertale #deltarune\r\n#repost \u2022acws #acws",
            "hashtags": "pixelart, undertale, deltarune, repost, acws"
        }
    },
    {
        "20250726": {
            "value": "Great..\r\n\r\nI was looking forward to that\r\nhttps:\/\/nintendoeverything.com\/the-knightling-nintendo-switch-cancelled\/\r\n\r\n#NintendoSwitch",
            "hashtags": "NintendoSwitch"
        }
    },
    {
        "20250725": {
            "value": "\r\n#CurrListeningAlcea\r\nTatta hitotsu no houhou \u3010\u305f\u3063\u305f\u4e00\u3064\u306e\u65b9\u6cd5\u3011-\r\n#ACertainScientificRailgun S OST 2\r\nhttps:\/\/m.youtube.com\/watch?v=bcvA1qMMXdU\r\n\r\n#repost \u2022acws #acws",
            "hashtags": "CurrListeningAlcea, ACertainScientificRailgun, repost, acws"
        }
    },
    {
        "20250725": {
            "value": "Still laughing at #MisakaMikoto\r\n\r\n:ablobjoy: \r\nI really need to find the dub of this show.\r\nIts stupid and makes no sense.\r\n\r\nI :RedCrystalHeart: :baba_i: :baba_t: \r\n:abloblamp: \r\n\r\n#ACertainScientificRailgun #ACertainMagicalIndex\r\n( Those two quarreling gives me life )\r\nhttps:\/\/m.youtube.com\/watch?v=peS7MiQc_SM\r\n#repost \u2022acws #acws",
            "hashtags": "MisakaMikot, ACertainScientificRailgun, ACertainMagicalIndex, repost, acws"
        }
    },
    {
        "20250725": {
            "value": "#CurrListeningAlcea\r\nBlood Remains - #ChaosLegion (Main Title)\r\n#HiroakiFurukawa\r\nhttps:\/\/www.youtube.com\/watch?v=xP4QvaUFwu0\r\n#repost \u2022acws #acws",
            "hashtags": "CurrListeningAlcea, ChaosLegion, HiroakiFurukawa, repost, acws"
        }
    },
    {
        "20250725": {
            "value": "So can we preserve\r\n\r\n<blockquote>Linebreaks \r\nIn \r\nHtml mode<\/blockquote> \r\n\r\n\u00bf\r\n\r\n:blobcatthinkowo: \r\n#repost \u2022acws #acws",
            "hashtags": "repost, acws"
        }
    },
    {
        "20250725": {
            "value": "And I realize again..\r\n\r\nShorthandEmoji do not translate well to outbound #Mastodon instances ..\r\n(The Alcea series already utilizes camelcase :AlceaThink: ..\r\nSo why does :MikoLookUp: fail ??)\r\nI don't get. Ittttt\r\n#emoji\r\n#repost \u2022acws #acws",
            "hashtags": "Mastodon, emoji, repost, acws"
        }
    },
    {
        "20250725": {
            "value": ":MikoYum: \r\n#Yum",
            "hashtags": "Yum"
        }
    },
    {
        "20250725": {
            "value": "Resize anigifs to 75%\r\nmkdir -p out && for f in *.gif; do [ -e \"$f\" ] && convert \"$f\" -coalesce -resize 75% -layers Optimize \"out\/$f\"; done\r\n#CodeAlcea",
            "hashtags": "CodeAlcea"
        }
    },
    {
        "20250725": {
            "value": "#CurrListeningAlcea\r\nJudgelight #fripside - #ACertainScientificRailgun\r\nhttps:\/\/m.youtube.com\/watch?v=1NYUKIZCV5k",
            "hashtags": "CurrListeningAlcea, fripside, ACertainScientificRailgun"
        }
    },
    {
        "20250725": {
            "value": "#CurrListeningAlcea\r\n#ACertainMagicalIndex III Opening 2 ~ROAR~\r\n\/ #ACertainScientificRailgun #OnlyMyScientifcRailgun\r\nhttps:\/\/m.youtube.com\/watch?v=tcxZ_CtXOtY&pp=ygUTUmFpbGd1biB0IG9wZW5pbmcgMw%3D%3D\r\n#repost \u2022acws #acws",
            "hashtags": "CurrListeningAlcea, ACertainMagicalIndex, ACertainScientificRailgun, OnlyMyScientifcRailgun, repost, acws"
        }
    },
    {
        "20250725": {
            "value": "Yes.\r\nYes she is awesome :crazylaugh: \r\n\r\nTackling someone to get away from overfiendly suitors is AOK !\r\n#OnlyMyScientifcRailgun #MisakaMikoto\r\nhttps:\/\/m.youtube.com\/watch?v=IDVQ04kAi8o\r\n\r\n#repost \u2022acws #acws",
            "hashtags": "OnlyMyScientifcRailgun, MisakaMikot, repost, acws"
        }
    },
    {
        "20250725": {
            "value": "\ud809\udc2b\r\nThe issue is not only \"server down\"\r\n\r\nBut how innately insane the concept of:\r\n\"Insert cart, download entire game\" is\r\n\r\nI don't mind high prices.\r\nI don't mind shoddy games by Nintendo emselves if thirds owe up.\r\nI don't even mind it, if the eShop is terrible and 90% slop.\r\n\r\nBut wasting my time and bandwidth for redownload ing a game again and again and again* cause Nintendo gave Publishers a certified \"get out of cost jail free\" cart ?\r\n\r\nUnacceptable.\r\n\r\nAnd as I already said: Even LocalUserMatchup is pointless, as a server ping is requiresd to even run these dreaded GKC first run.\r\n\r\nNintendo was always plug and play.\r\nAnd even if Switch1 was partially less so, due to update rq's for games, you could still play V1.0 of any game if need be from cart (mostly.\r\nNot anymore\r\n\r\nAlso SteamDeck can just run games from anywhere,\r\ntoss in from USB ? Sure.\r\nBe in Airplane ? Lemme boot that old game.\r\n\r\nSwitch2 ?\r\nAll online.\r\n\r\nIt sucks. And I won't accept \"Playstation n Xbox bad also\"\r\n\r\n#Nintendo was always ahead of them.\r\nNow they fell back right with them.\r\n\ud809\udc2b\r\n#GameKeyCards\r\n\r\nhttps:\/\/www.nintendolife.com\/forums\/nintendo-switch-2\/does_anyone_else_feel_like_this_is_more_switch_u_than_switch_2?start=220#comment8752323",
            "hashtags": "Nintendo, GameKeyCards, comment8752323"
        }
    },
    {
        "20250725": {
            "value": "\ud809\udc2b\r\nAnd everyone hates you afterwards, I mean not as much as if you were a voice actor in anime, but...\ud809\udc2b\r\n#Phoenix #Wright #Dub\r\n\r\nhttps:\/\/m.youtube.com\/watch?v=OOCQ7VX69ZA&pp=0gcJCfwAo7VqN5tD&t=1m20s",
            "hashtags": "Phoenix, Wright, Dub"
        }
    },
    {
        "20250724": {
            "value": "How the ReplyHandler looks better than default mastodon etc :ablobcatrave: \r\nhttps:\/\/alceawis.de\/other\/extra\/scripts\/fakesocialmedia\/replyhandler.html?url=https:\/\/woof.tech\/@catsalad@infosec.exchange\/114909189795848357\r\n\r\nWorks with #mastodon too (Mostly ?)\r\n\r\nPretty sweet.\r\n(#Emoji shorthands are a bit random. Just like always :blobcatGiggleSmirk: )\r\n\r\nhttps:\/\/ibb.co\/1f8PFhCX\r\nhttps:\/\/i.ibb.co\/kgQwNkLD\/Screenshot-20250724-231733-Brave.png\r\n\r\n\r\n#repost \u2022acws #acws",
            "hashtags": "mastodon, Emoji, repost, acws"
        }
    },
    {
        "20250724": {
            "value": "NSwitchScreenshot Maker\r\nhttps:\/\/gbatemp.net\/threads\/nsscreenshotmaker.501018\/\r\n\r\nSign #images to show on #NintendoSwitch",
            "hashtags": "images, NintendoSwitch"
        }
    },
    {
        "20250724": {
            "value": "\ud809\udc2bWe decided to release this title as a Game-Key Card on the Nintendo Switch 2 as we believed it was the most beneficial option for our customers. \ud809\udc2b\r\n#GameKeyCard\r\nHahahahha\r\n\"For the customers\"\r\n\r\nhttps:\/\/www.nintendolife.com\/features\/never-in-my-wildest-dreams-would-i-have-expected-this-falcom-president-talks-20-years-of-trails-in-our-big-interview :ablobjoy: ",
            "hashtags": "GameKeyCard"
        }
    },
    {
        "20250724": {
            "value": "#CurrListeningAlcea\r\nTEKKEN 8 Mashup - My Last Stand x Heat Haze Shadow https:\/\/m.youtube.com\/watch?v=GhVRPXzMXRM",
            "hashtags": "CurrListeningAlcea"
        }
    },
    {
        "20250724": {
            "value": "\ud809\udc2b\r\nAs kid I disliked most 2D games..\r\nEven Isometric I preferred.\r\nAnd as adult, nothing changed (aside CV:OoE and MMZ )\r\n\r\nThis game won't change it.\r\n\r\nLeft. 2. Right\r\nYay\r\n\ud809\udc2b\r\n#Sidescroller\r\n\r\nhttps:\/\/www.nintendolife.com\/reviews\/nintendo-switch-2\/shadow-labyrinth-nintendo-switch-2-edition#comment8751076",
            "hashtags": "Sidescroller, comment8751076"
        }
    },
    {
        "20250724": {
            "value": "Hate that my #hands kinda are useless lately.\r\nHolding a #pen has become a bit difficult..\r\n\r\nMaybe I'm out of shape :blobcatno: \r\n\r\nI don't wanna share FuyumiOno's fate of overstraining em...\r\nBut who is drawing the pictures if I don't\r\n:ablobcatcry:\r\n\u2022acws #acws",
            "hashtags": "hands, pen, acws"
        }
    },
    {
        "20250724": {
            "value": "#CurrListeningAlcea\r\nRymdlego - Yuki Satellites \u2022acws #acws #ImpulseTracker #AlceasFavs\r\nhttps:\/\/www.youtube.com\/watch?v=PXTZA5bqIJ0\r\n \r\n",
            "hashtags": "CurrListeningAlcea, acws, ImpulseTracker, AlceasFavs"
        }
    },
    {
        "20250724": {
            "value": "Look at that\r\nMy https:\/\/codeberg.org\/alceawisteria\/LoadWebsiteFromZip and my #websites debug prove that everything is being streamed from zip.\r\n\r\n:Birdy_Aww: \r\n#iloveit\r\nhttps:\/\/ibb.co\/ycRK4KVj\r\nhttps:\/\/i.ibb.co\/bM3YbY79\/chrome-screenshot-24-07-2025-20-03-05-MESZ.png\r\n",
            "hashtags": "websites, iloveit"
        }
    },
    {
        "20250724": {
            "value": "Perfect.\r\n\r\nNow my static website #timeline can load fitting #akkoma reactions and render em\r\n\r\nEven has content height frame fitting \r\n:blobcoffee: \r\n\ud809\udc2b\r\n\/\/link2acws-akkoma\r\nif (value.includes(\"\u2022acws\")) {\r\n    function safeFetchJson(url) {\r\n        return fetch(url, { cache: \"no-store\" })\r\n            .then(res => res.json())\r\n            .catch(() => null);\r\n    }\r\n    function normalizeLineBreaks(str) {\r\n        return str.replace(\/\\r\\n\/g, '\\n').replace(\/\\r\/g, '\\n');\r\n    }\r\n    function normalizeText(str) {\r\n        return normalizeLineBreaks(str).normalize('NFC').trim();\r\n    }\r\n    function removeLineBreaks(str) {\r\n        return normalizeText(str).replace(\/\\n\/g, '');\r\n    }\r\n    Promise.all([\r\n        safeFetchJson(\"\/other\/extra\/scripts\/fakesocialmedia\/0ld\/data_akkoma.json\")\r\n    ])\r\n    .then(([akkomaData]) => {\r\n        if (!akkomaData) throw new Error(\"JSON parse failure\");\r\n        let matchedUrl = null;\r\n        let matchedPreview = null;\r\n        let matchType = null;  \/\/ 'raw', 'normalized', 'noBreaks', 'loose'\r\n        const rawValue = value;\r\n        const normValue = normalizeText(value);\r\n        const noBreaksValue = removeLineBreaks(value);\r\n        for (const akkoma of akkomaData) {\r\n            if (!akkoma.preview) continue;\r\n            const rawPreview = akkoma.preview;\r\n            const normPreview = normalizeText(rawPreview);\r\n            const noBreaksPreview = removeLineBreaks(rawPreview);\r\n            if (rawValue.startsWith(rawPreview)) {\r\n                matchedUrl = akkoma.url;\r\n                matchedPreview = rawPreview;\r\n                matchType = 'raw';\r\n                break;\r\n            }\r\n            if (normValue.startsWith(normPreview)) {\r\n                matchedUrl = akkoma.url;\r\n                matchedPreview = rawPreview;\r\n                matchType = 'normalized';\r\n                break;\r\n            }\r\n            if (noBreaksValue.startsWith(noBreaksPreview)) {\r\n                matchedUrl = akkoma.url;\r\n                matchedPreview = rawPreview;\r\n                matchType = 'noBreaks';\r\n                break;\r\n            }\r\n            const maxOffset = 30;\r\n            const indexInNorm = normValue.indexOf(normPreview);\r\n            if (indexInNorm >= 0 && indexInNorm <= maxOffset) {\r\n                matchedUrl = akkoma.url;\r\n                matchedPreview = rawPreview;\r\n                matchType = 'loose';\r\n                break;\r\n            }\r\n        }\r\n        if (matchedUrl) {\r\n            const container = document.createElement('span');\r\n            const link = document.createElement('a');\r\n            link.target = \"_blank\";\r\n            link.classList.add('btn2');\r\n            link.href = matchedUrl;\r\n            link.textContent = \"Permalink (match found)\";\r\n            const proof = document.createElement('div');\r\n            proof.style.fontSize = '0em';\r\n            proof.style.marginTop = '0px';\r\n            if (matchType === 'raw') {\r\n                proof.style.color = 'green';\r\n                proof.textContent = `\u2714 Match found on first try (raw):\r\nPreview: \"${matchedPreview}\"\r\nPost value: \"${value.slice(0, matchedPreview.length + 20)}...\"`;\r\n            } else if (matchType === 'normalized') {\r\n                proof.style.color = 'lightgreen';\r\n                proof.textContent = `\u2714 Match found after normalization:\r\nPreview: \"${matchedPreview}\"\r\nPost value: \"${value.slice(0, matchedPreview.length + 20)}...\"`;\r\n            } else if (matchType === 'noBreaks') {\r\n                proof.style.color = 'lightblue';\r\n                proof.textContent = `\u2714 Match found after removing line breaks:\r\nPreview: \"${matchedPreview}\"\r\nPost value: \"${value.slice(0, matchedPreview.length + 20)}...\"`;\r\n            } else if (matchType === 'loose') {\r\n                proof.style.color = 'orange';\r\n                proof.textContent = `\u2714 Loose match found (near start of post):\r\nPreview: \"${matchedPreview}\"\r\nPost value: \"${value.slice(0, matchedPreview.length + 20)}...\"`;\r\n            }\r\n            container.appendChild(link);\r\n            container.appendChild(proof);\r\n            const iframeContainer = document.createElement('div');\r\n            const iframe = document.createElement('iframe');\r\n            iframe.src = `\/other\/extra\/scripts\/fakesocialmedia\/replyhandler.html?url=${matchedUrl}`;\r\n            iframe.style.border = 'none';\r\n            iframe.style.height = '65px'; \/\/ Initial height\r\n            iframe.style.width = '100%';\r\n            iframe.style.overflow = 'auto';\r\n            const iframeHeightText = document.createElement('div'); \/\/ To show iframe height as text\r\n            iframeHeightText.style.marginTop = '10px';\r\n            iframeHeightText.style.fontFamily = 'monospace';\r\n            iframeHeightText.style.color = 'gray';\r\n            iframeHeightText.textContent = \"\";\r\n            iframe.onload = function() {\r\n                const iframeDocument = iframe.contentDocument || iframe.contentWindow.document;\r\n                function measureIframeHeight() {\r\n                    const bodyHeight = iframeDocument.body.scrollHeight;\r\n                    iframe.style.height = `${bodyHeight + 33}px`; \/\/ Add 15px to height\r\n                    iframeHeightText.textContent = `Iframe height: ${bodyHeight + 33}px`;\r\n                }\r\n                measureIframeHeight();\r\n                setInterval(measureIframeHeight, 3000);\r\n            };\r\n            iframeContainer.appendChild(iframe);\r\n            container.appendChild(iframeContainer);\r\n            \/\/container.appendChild(iframeHeightText);\r\n            postElement.appendChild(container); \/\/ Add container to the document\r\n        }\r\n    })\r\n    .catch(err => {\r\n        console.error(\"Fetch error:\", err);\r\n        const fallback = document.createElement('a');\r\n        fallback.classList.add('btn2');\r\n        fallback.href = \"#\";\r\n        fallback.textContent = \"Fetch error\";\r\n        postElement.appendChild(fallback); \/\/ Add the fallback to the document\r\n    });\r\n}\r\n\ud809\udc2b\r\n\r\nhttps:\/\/ibb.co\/bMKVMDWV\r\nhttps:\/\/i.ibb.co\/5gR3gwM3\/Screenshot-20250724-194732-Brave.png\r\n\r\nHad to write a #mastodon & #akkoma \/ #pleroma compatible reply handler first \r\n:ablobcatbongo: \r\nhttps:\/\/codepen.io\/ryedai1\/pen\/ZYbOrqe\r\n\r\nI :RedCrystalHeart: it \ud83d\ude43\r\n\r\n#CodeAlcea\r\n\r\n\u2022acws #acws ",
            "hashtags": "timeline, akkoma, mastodon, akkoma, pleroma, CodeAlcea, acws"
        }
    },
    {
        "20250724": {
            "value": "\ud809\udc2b\r\nuser: \"aaaaaaA1!\"\r\n\r\nweb: \"What a strong #password, I really like it!\"\r\n\ud809\udc2bhttps:\/\/www.reddit.com\/r\/mildlyinfuriating\/comments\/1ihesul\/when_its_impossible_to_satisfy_a_websites\/\r\n\r\n:crazylaugh: \r\n\u2022acws #acws",
            "hashtags": "password, acws"
        }
    },
    {
        "20250724": {
            "value": "\ud809\udc2bI love how some applications handle this by changing the color of the text for letters, numbers, and special characters. Bitwarden is a great example of this. I wish it were more widely adopted. \ud809\udc2b\r\nUpper :baba_i: and lower :baba_l: \r\n#ouchy\r\nhttps:\/\/www.reddit.com\/r\/sysadmin\/comments\/1m7a9lx\/microsoft_stop_using_upper_i_and_lower_l_in_laps\/",
            "hashtags": "ouchy"
        }
    }
]