[
    {
        "20250726": {
            "value": "At this point I'm not sure if cslling this a #website is still a good term :akkohug: \r\n\r\nBeing able to browse #reddit #search #youtube or even trim a lil video in the comfort of your website is sweet\r\n\r\nAnd the site weighs merly 5 meg compressed :birdheart: \r\nhttps:\/\/postimg.cc\/grQYkrKQ\r\nhttps:\/\/i.postimg.cc\/dttD6yZs\/alceawis-de.png\r\n\r\n\r\n#repost \u2022acws #acws",
            "hashtags": "website, reddit, search, youtube, repost, acws"
        }
    },
    {
        "20250726": {
            "value": "Woo !\r\nFinally got a lil webasm based #ffmpeg lil smol videotrimmer to work *yay*\r\n\r\nhttps:\/\/alceawis.de\/other\/extra\/scripts\/ffmpeg\/ffmpeg-trim.html#https:\/\/codepen.io\/ryedai1\/pen\/PwPGjGY\r\n#CodeAlcea\r\n\r\n(Requires cors free mp4 url atm, maybe I'll add a file upload)\r\n#repost \u2022acws #acws",
            "hashtags": "ffmpeg, https, CodeAlcea, repost, acws"
        }
    },
    {
        "20250726": {
            "value": "This should do\r\n\ud809\udc2b\r\n&lt;button type=\"button\" onclick=\"fillScriptPath('\/root\/reboot_akkoma.sh')\"&gt;Load Akkoma Script&lt;\/button&gt;\r\n&lt;button type=\"button\" onclick=\"fillScriptPath('\/root\/reboot_nginx.sh')\"&gt;Load Nginx Script&lt;\/button&gt;\r\n&lt;script&gt;\r\nfunction fillScriptPath(path) {\r\ndocument.getElementById('remoteScriptPath').value = path;\r\n}\r\n&lt;\/script&gt;\r\n&lt;?php\r\nini_set('display_errors', 1);\r\nerror_reporting(E_ALL);\r\n\r\n$remoteServer = \"root@xxx.xxx.xxx.xxx\";\r\n$defaultRemoteScriptPath = \"\/root\/letsencryptchron.sh\";\r\n\r\n$scriptDir = dirname(__FILE__);\r\n$uploadedKey = $scriptDir . \"\/uploaded_key\";\r\n$formSubmitted = false;\r\n\r\n$remoteScriptPath = isset($_POST['remoteScriptPath']) ? $_POST['remoteScriptPath'] : $defaultRemoteScriptPath;\r\n\r\n\/\/ Create safe log filename from remote script path\r\n$logFileBase = str_replace('\/', '_', $remoteScriptPath);\r\nif (substr($logFileBase, -3) === '.sh') {\r\n$logFileBase = substr($logFileBase, 0, -3); \/\/ Remove .sh extension\r\n}\r\n$logFile = \"\/tmp\/\" . $logFileBase . \".log\";\r\nif ($_SERVER['REQUEST_METHOD'] === 'POST' &amp;&amp; isset($_FILES['ppkFile'])) {\r\nif ($_FILES['ppkFile']['error'] === UPLOAD_ERR_OK) {\r\nif (move_uploaded_file($_FILES['ppkFile']['tmp_name'], $uploadedKey)) {\r\necho \"File uploaded!&lt;br&gt;\";\r\n$formSubmitted = true;\r\n} else {\r\necho \"Failed to move the uploaded file.&lt;br&gt;\";\r\nexit(1);\r\n}\r\n} else {\r\necho \"Upload error code: \" . $_FILES['ppkFile']['error'] . \"&lt;br&gt;\";\r\nexit(1);\r\n}\r\n}\r\nif ($formSubmitted &amp;&amp; file_exists($uploadedKey)) {\r\nchmod($uploadedKey, 0600);\r\n$escapedRemoteScriptPath = escapeshellcmd($remoteScriptPath);\r\n$sshCommand = \"ssh -i \" . escapeshellarg($uploadedKey) .\r\n\" -o StrictHostKeyChecking=no \" . escapeshellarg($remoteServer) .\r\n\" 'bash \" . $escapedRemoteScriptPath . \" &gt; $logFile 2&gt;&amp;1'\";\r\nexec($sshCommand, $output, $returnVar);\r\necho $returnVar === 0 ? \"Remote script executed successfully.&lt;br&gt;\" : \"Remote script failed to execute.&lt;br&gt;\";\r\n$logContents = shell_exec(\"ssh -i \" . escapeshellarg($uploadedKey) .\r\n\" -o StrictHostKeyChecking=no \" . escapeshellarg($remoteServer) .\r\n\" 'cat $logFile'\");\r\necho $logContents ? \"&lt;pre&gt;\" . htmlspecialchars($logContents) . \"&lt;\/pre&gt;\" : \"No log output.&lt;br&gt;\";\r\nif (file_exists($uploadedKey)) {\r\nunlink($uploadedKey);\r\necho \"File deleted!&lt;br&gt;\";\r\n}\r\n}\r\n?&gt;\r\n&lt;!DOCTYPE html&gt;\r\n&lt;html lang=\"en\"&gt;\r\n&lt;head&gt;\r\n&lt;meta charset=\"UTF-8\"&gt;\r\n&lt;title&gt;Upload Key and Run&lt;\/title&gt;\r\n&lt;\/head&gt;\r\n&lt;body&gt;\r\n&lt;h2&gt;Upload OpenSSH Private Key&lt;\/h2&gt;\r\n&lt;form action=\"&lt;?php echo htmlspecialchars(basename($_SERVER['PHP_SELF'])); ?&gt;\" method=\"post\" enctype=\"multipart\/form-data\"&gt;\r\n&lt;label for=\"ppkFile\"&gt;Choose your private key:&lt;\/label&gt;\r\n&lt;input type=\"file\" name=\"ppkFile\" id=\"ppkFile\" required&gt;&lt;br&gt;&lt;br&gt;\r\n&lt;label for=\"remoteScriptPath\"&gt;Remote script path:&lt;\/label&gt;\r\n&lt;input type=\"text\" name=\"remoteScriptPath\" id=\"remoteScriptPath\" value=\"&lt;?php echo htmlspecialchars($remoteScriptPath); ?&gt;\" style=\"width: 400px;\" required&gt;&lt;br&gt;&lt;br&gt;\r\n&lt;button type=\"submit\"&gt;Upload &amp; Run&lt;\/button&gt;\r\n&lt;\/form&gt;\r\n&lt;\/body&gt;\r\n&lt;\/html&gt;\r\n\ud809\udc2b\r\n\r\nBeing an #admin is easy :Alcea_Smile: \r\n#VPS #RemoteExec #shell\r\n#repost \u2022acws #acws",
            "hashtags": "admin, VPS, RemoteExec, shell, repost, acws"
        }
    },
    {
        "20250726": {
            "value": "A kid behind me asked her mom if they\r\n\ud809\udc2bCould have the #groceries for free, if they are 1000th customer\ud809\udc2b\r\n\r\nSadly the mom was a realist.\r\nThe kid even devised more ideas on how to get stuff free :02smile: \r\nWhich the RealistMom did not agree on...\r\n\r\nSob\r\nPoor kid\r\n\r\n\r\n#repost \u2022acws #acws #shopping",
            "hashtags": "groceries, repost, acws, shopping"
        }
    },
    {
        "20250726": {
            "value": "Telekom #gangsta kids trying to sell me a #telekom contract b4 shopoing mall ?\r\n\r\nNot happening :PopClutz: \r\n\r\nKiddo: \"Do you have a telekom vontr-\"\r\nCea: \"Yes, sady so..\"\r\nKiddo: *surprised pikachu face*\r\n#shopping\r\n#repost \u2022acws #acws",
            "hashtags": "gangsta, telekom, shopping, repost, acws"
        }
    },
    {
        "20250726": {
            "value": "\ud809\udc2bPCSX2 - Android project\r\n\r\nEE Recompiler x86 => arm64\r\n\r\nIt is still unfinished because I made it while studying due to my lack of experience with assembler.\r\n\r\nI think it would be good to look at it for reference.\r\n\r\nhttps:\/\/www.youtube.com\/watch?v=ACxMJufB1EM\ud809\udc2b\r\nhttps:\/\/gbatemp.net\/threads\/new-pcsx2-android-port.672698\/\r\nhttps:\/\/github.com\/Trixarian\/PCSX2_ARM64\r\n#PS2",
            "hashtags": "PS2"
        }
    },
    {
        "20250726": {
            "value": "#CurrListeningAlcea\r\nA Certain Scientific Railgun OST 2: Reality to Confront\r\nhttps:\/\/www.youtube.com\/watch?v=jCoFtnEDz0E",
            "hashtags": "CurrListeningAlcea"
        }
    },
    {
        "20250726": {
            "value": "Truly a #marvelous #instance\r\n\r\n\ud809\udc2bYou are not brave enough\r\nhttps:\/\/f.619.hu\/\ud809\udc2b\r\n\r\n#WhatDoesThisEvenMean ?\r\n#repost \u2022acws #acws",
            "hashtags": "marvelous, instance, WhatDoesThisEvenMean, repost, acws"
        }
    },
    {
        "20250726": {
            "value": "Added replyhandler to main #mastodon \/ #akkoma parser too\r\n\r\nhttps:\/\/alceawis.de\/About.html?instance=alceawis.com&userid=alcea\r\n\r\nMethinks i might just view replies this way now.\r\nIt shows ALL, while mastodon doesnt\r\n\r\nWhats @Gargron doing anyways ?\r\nhttps:\/\/ibb.co\/fzkghmN5\r\nhttps:\/\/i.ibb.co\/1trgDHX5\/Screenshot-20250726-100816-Opera.png\r\n\r\n\r\n#repost \u2022acws #acws",
            "hashtags": "mastodon, akkoma, repost, acws"
        }
    },
    {
        "20250726": {
            "value": "no"
        }
    },
    {
        "20250726": {
            "value": "Guess I should leave the \u0336#\u0336m\u0336e\u0336t\u0336h\u0336 erm #math to @enigmatico@mk.absturztau.be :Alcea_Deal: \r\n....\r\n\r\nMy f(x) approximation is not good\r\n:gitgud: .. Maybu..\r\nhttps:\/\/ibb.co\/N2B0gCyT\r\nhttps:\/\/i.ibb.co\/whmnZgzc\/Screenshot-20250726-091040-Brave.png\r\n#meth #math\r\n#repost \u2022acws #acws",
            "hashtags": "math, meth, math, repost, acws"
        }
    },
    {
        "20250726": {
            "value": "#CurrListeningAlcea\r\nA new mode \/ Another Medium - #Undertale\r\n#TobyFox\r\nhttps:\/\/m.youtube.com\/watch?v=NP4sPRIyHKM&pp=ygUXQW5vdGhlciBtZWRpdW0gdW5kZXJ0TGU%3D\r\n#repost \u2022acws #acws",
            "hashtags": "CurrListeningAlcea, Undertale, TobyFox, repost, acws"
        }
    },
    {
        "20250726": {
            "value": "Yeah.. #pixelart is difficult\r\nhttps:\/\/ibb.co\/WNFMM5xq\r\nhttps:\/\/i.ibb.co\/zWbBBxnj\/joined-image.png\r\n\r\nhttps:\/\/memories.undertale.com\/\r\n\r\n:AlceaThink: \r\n#undertale #deltarune\r\n#repost \u2022acws #acws",
            "hashtags": "pixelart, undertale, deltarune, repost, acws"
        }
    },
    {
        "20250726": {
            "value": "Great..\r\n\r\nI was looking forward to that\r\nhttps:\/\/nintendoeverything.com\/the-knightling-nintendo-switch-cancelled\/\r\n\r\n#NintendoSwitch",
            "hashtags": "NintendoSwitch"
        }
    },
    {
        "20250725": {
            "value": "\r\n#CurrListeningAlcea\r\nTatta hitotsu no houhou \u3010\u305f\u3063\u305f\u4e00\u3064\u306e\u65b9\u6cd5\u3011-\r\n#ACertainScientificRailgun S OST 2\r\nhttps:\/\/m.youtube.com\/watch?v=bcvA1qMMXdU\r\n\r\n#repost \u2022acws #acws",
            "hashtags": "CurrListeningAlcea, ACertainScientificRailgun, repost, acws"
        }
    },
    {
        "20250725": {
            "value": "Still laughing at #MisakaMikoto\r\n\r\n:ablobjoy: \r\nI really need to find the dub of this show.\r\nIts stupid and makes no sense.\r\n\r\nI :RedCrystalHeart: :baba_i: :baba_t: \r\n:abloblamp: \r\n\r\n#ACertainScientificRailgun #ACertainMagicalIndex\r\n( Those two quarreling gives me life )\r\nhttps:\/\/m.youtube.com\/watch?v=peS7MiQc_SM\r\n#repost \u2022acws #acws",
            "hashtags": "MisakaMikot, ACertainScientificRailgun, ACertainMagicalIndex, repost, acws"
        }
    },
    {
        "20250725": {
            "value": "#CurrListeningAlcea\r\nBlood Remains - #ChaosLegion (Main Title)\r\n#HiroakiFurukawa\r\nhttps:\/\/www.youtube.com\/watch?v=xP4QvaUFwu0\r\n#repost \u2022acws #acws",
            "hashtags": "CurrListeningAlcea, ChaosLegion, HiroakiFurukawa, repost, acws"
        }
    },
    {
        "20250725": {
            "value": "So can we preserve\r\n\r\n<blockquote>Linebreaks \r\nIn \r\nHtml mode<\/blockquote> \r\n\r\n\u00bf\r\n\r\n:blobcatthinkowo: \r\n#repost \u2022acws #acws",
            "hashtags": "repost, acws"
        }
    },
    {
        "20250725": {
            "value": "And I realize again..\r\n\r\nShorthandEmoji do not translate well to outbound #Mastodon instances ..\r\n(The Alcea series already utilizes camelcase :AlceaThink: ..\r\nSo why does :MikoLookUp: fail ??)\r\nI don't get. Ittttt\r\n#emoji\r\n#repost \u2022acws #acws",
            "hashtags": "Mastodon, emoji, repost, acws"
        }
    },
    {
        "20250725": {
            "value": ":MikoYum: \r\n#Yum",
            "hashtags": "Yum"
        }
    },
    {
        "20250725": {
            "value": "Resize anigifs to 75%\r\nmkdir -p out && for f in *.gif; do [ -e \"$f\" ] && convert \"$f\" -coalesce -resize 75% -layers Optimize \"out\/$f\"; done\r\n#CodeAlcea",
            "hashtags": "CodeAlcea"
        }
    },
    {
        "20250725": {
            "value": "#CurrListeningAlcea\r\nJudgelight #fripside - #ACertainScientificRailgun\r\nhttps:\/\/m.youtube.com\/watch?v=1NYUKIZCV5k",
            "hashtags": "CurrListeningAlcea, fripside, ACertainScientificRailgun"
        }
    },
    {
        "20250725": {
            "value": "#CurrListeningAlcea\r\n#ACertainMagicalIndex III Opening 2 ~ROAR~\r\n\/ #ACertainScientificRailgun #OnlyMyScientifcRailgun\r\nhttps:\/\/m.youtube.com\/watch?v=tcxZ_CtXOtY&pp=ygUTUmFpbGd1biB0IG9wZW5pbmcgMw%3D%3D\r\n#repost \u2022acws #acws",
            "hashtags": "CurrListeningAlcea, ACertainMagicalIndex, ACertainScientificRailgun, OnlyMyScientifcRailgun, repost, acws"
        }
    },
    {
        "20250725": {
            "value": "Yes.\r\nYes she is awesome :crazylaugh: \r\n\r\nTackling someone to get away from overfiendly suitors is AOK !\r\n#OnlyMyScientifcRailgun #MisakaMikoto\r\nhttps:\/\/m.youtube.com\/watch?v=IDVQ04kAi8o\r\n\r\n#repost \u2022acws #acws",
            "hashtags": "OnlyMyScientifcRailgun, MisakaMikot, repost, acws"
        }
    },
    {
        "20250725": {
            "value": "\ud809\udc2b\r\nThe issue is not only \"server down\"\r\n\r\nBut how innately insane the concept of:\r\n\"Insert cart, download entire game\" is\r\n\r\nI don't mind high prices.\r\nI don't mind shoddy games by Nintendo emselves if thirds owe up.\r\nI don't even mind it, if the eShop is terrible and 90% slop.\r\n\r\nBut wasting my time and bandwidth for redownload ing a game again and again and again* cause Nintendo gave Publishers a certified \"get out of cost jail free\" cart ?\r\n\r\nUnacceptable.\r\n\r\nAnd as I already said: Even LocalUserMatchup is pointless, as a server ping is requiresd to even run these dreaded GKC first run.\r\n\r\nNintendo was always plug and play.\r\nAnd even if Switch1 was partially less so, due to update rq's for games, you could still play V1.0 of any game if need be from cart (mostly.\r\nNot anymore\r\n\r\nAlso SteamDeck can just run games from anywhere,\r\ntoss in from USB ? Sure.\r\nBe in Airplane ? Lemme boot that old game.\r\n\r\nSwitch2 ?\r\nAll online.\r\n\r\nIt sucks. And I won't accept \"Playstation n Xbox bad also\"\r\n\r\n#Nintendo was always ahead of them.\r\nNow they fell back right with them.\r\n\ud809\udc2b\r\n#GameKeyCards\r\n\r\nhttps:\/\/www.nintendolife.com\/forums\/nintendo-switch-2\/does_anyone_else_feel_like_this_is_more_switch_u_than_switch_2?start=220#comment8752323",
            "hashtags": "Nintendo, GameKeyCards, comment8752323"
        }
    },
    {
        "20250725": {
            "value": "\ud809\udc2b\r\nAnd everyone hates you afterwards, I mean not as much as if you were a voice actor in anime, but...\ud809\udc2b\r\n#Phoenix #Wright #Dub\r\n\r\nhttps:\/\/m.youtube.com\/watch?v=OOCQ7VX69ZA&pp=0gcJCfwAo7VqN5tD&t=1m20s",
            "hashtags": "Phoenix, Wright, Dub"
        }
    },
    {
        "20250724": {
            "value": "How the ReplyHandler looks better than default mastodon etc :ablobcatrave: \r\nhttps:\/\/alceawis.de\/other\/extra\/scripts\/fakesocialmedia\/replyhandler.html?url=https:\/\/woof.tech\/@catsalad@infosec.exchange\/114909189795848357\r\n\r\nWorks with #mastodon too (Mostly ?)\r\n\r\nPretty sweet.\r\n(#Emoji shorthands are a bit random. Just like always :blobcatGiggleSmirk: )\r\n\r\nhttps:\/\/ibb.co\/1f8PFhCX\r\nhttps:\/\/i.ibb.co\/kgQwNkLD\/Screenshot-20250724-231733-Brave.png\r\n\r\n\r\n#repost \u2022acws #acws",
            "hashtags": "mastodon, Emoji, repost, acws"
        }
    },
    {
        "20250724": {
            "value": "NSwitchScreenshot Maker\r\nhttps:\/\/gbatemp.net\/threads\/nsscreenshotmaker.501018\/\r\n\r\nSign #images to show on #NintendoSwitch",
            "hashtags": "images, NintendoSwitch"
        }
    },
    {
        "20250724": {
            "value": "\ud809\udc2bWe decided to release this title as a Game-Key Card on the Nintendo Switch 2 as we believed it was the most beneficial option for our customers. \ud809\udc2b\r\n#GameKeyCard\r\nHahahahha\r\n\"For the customers\"\r\n\r\nhttps:\/\/www.nintendolife.com\/features\/never-in-my-wildest-dreams-would-i-have-expected-this-falcom-president-talks-20-years-of-trails-in-our-big-interview :ablobjoy: ",
            "hashtags": "GameKeyCard"
        }
    },
    {
        "20250724": {
            "value": "#CurrListeningAlcea\r\nTEKKEN 8 Mashup - My Last Stand x Heat Haze Shadow https:\/\/m.youtube.com\/watch?v=GhVRPXzMXRM",
            "hashtags": "CurrListeningAlcea"
        }
    },
    {
        "20250724": {
            "value": "\ud809\udc2b\r\nAs kid I disliked most 2D games..\r\nEven Isometric I preferred.\r\nAnd as adult, nothing changed (aside CV:OoE and MMZ )\r\n\r\nThis game won't change it.\r\n\r\nLeft. 2. Right\r\nYay\r\n\ud809\udc2b\r\n#Sidescroller\r\n\r\nhttps:\/\/www.nintendolife.com\/reviews\/nintendo-switch-2\/shadow-labyrinth-nintendo-switch-2-edition#comment8751076",
            "hashtags": "Sidescroller, comment8751076"
        }
    },
    {
        "20250724": {
            "value": "Hate that my #hands kinda are useless lately.\r\nHolding a #pen has become a bit difficult..\r\n\r\nMaybe I'm out of shape :blobcatno: \r\n\r\nI don't wanna share FuyumiOno's fate of overstraining em...\r\nBut who is drawing the pictures if I don't\r\n:ablobcatcry:\r\n\u2022acws #acws",
            "hashtags": "hands, pen, acws"
        }
    },
    {
        "20250724": {
            "value": "#CurrListeningAlcea\r\nRymdlego - Yuki Satellites \u2022acws #acws #ImpulseTracker #AlceasFavs\r\nhttps:\/\/www.youtube.com\/watch?v=PXTZA5bqIJ0\r\n \r\n",
            "hashtags": "CurrListeningAlcea, acws, ImpulseTracker, AlceasFavs"
        }
    },
    {
        "20250724": {
            "value": "Look at that\r\nMy https:\/\/codeberg.org\/alceawisteria\/LoadWebsiteFromZip and my #websites debug prove that everything is being streamed from zip.\r\n\r\n:Birdy_Aww: \r\n#iloveit\r\nhttps:\/\/ibb.co\/ycRK4KVj\r\nhttps:\/\/i.ibb.co\/bM3YbY79\/chrome-screenshot-24-07-2025-20-03-05-MESZ.png\r\n",
            "hashtags": "websites, iloveit"
        }
    },
    {
        "20250724": {
            "value": "Perfect.\r\n\r\nNow my static website #timeline can load fitting #akkoma reactions and render em\r\n\r\nEven has content height frame fitting \r\n:blobcoffee: \r\n\ud809\udc2b\r\n\/\/link2acws-akkoma\r\nif (value.includes(\"\u2022acws\")) {\r\n    function safeFetchJson(url) {\r\n        return fetch(url, { cache: \"no-store\" })\r\n            .then(res => res.json())\r\n            .catch(() => null);\r\n    }\r\n    function normalizeLineBreaks(str) {\r\n        return str.replace(\/\\r\\n\/g, '\\n').replace(\/\\r\/g, '\\n');\r\n    }\r\n    function normalizeText(str) {\r\n        return normalizeLineBreaks(str).normalize('NFC').trim();\r\n    }\r\n    function removeLineBreaks(str) {\r\n        return normalizeText(str).replace(\/\\n\/g, '');\r\n    }\r\n    Promise.all([\r\n        safeFetchJson(\"\/other\/extra\/scripts\/fakesocialmedia\/0ld\/data_akkoma.json\")\r\n    ])\r\n    .then(([akkomaData]) => {\r\n        if (!akkomaData) throw new Error(\"JSON parse failure\");\r\n        let matchedUrl = null;\r\n        let matchedPreview = null;\r\n        let matchType = null;  \/\/ 'raw', 'normalized', 'noBreaks', 'loose'\r\n        const rawValue = value;\r\n        const normValue = normalizeText(value);\r\n        const noBreaksValue = removeLineBreaks(value);\r\n        for (const akkoma of akkomaData) {\r\n            if (!akkoma.preview) continue;\r\n            const rawPreview = akkoma.preview;\r\n            const normPreview = normalizeText(rawPreview);\r\n            const noBreaksPreview = removeLineBreaks(rawPreview);\r\n            if (rawValue.startsWith(rawPreview)) {\r\n                matchedUrl = akkoma.url;\r\n                matchedPreview = rawPreview;\r\n                matchType = 'raw';\r\n                break;\r\n            }\r\n            if (normValue.startsWith(normPreview)) {\r\n                matchedUrl = akkoma.url;\r\n                matchedPreview = rawPreview;\r\n                matchType = 'normalized';\r\n                break;\r\n            }\r\n            if (noBreaksValue.startsWith(noBreaksPreview)) {\r\n                matchedUrl = akkoma.url;\r\n                matchedPreview = rawPreview;\r\n                matchType = 'noBreaks';\r\n                break;\r\n            }\r\n            const maxOffset = 30;\r\n            const indexInNorm = normValue.indexOf(normPreview);\r\n            if (indexInNorm >= 0 && indexInNorm <= maxOffset) {\r\n                matchedUrl = akkoma.url;\r\n                matchedPreview = rawPreview;\r\n                matchType = 'loose';\r\n                break;\r\n            }\r\n        }\r\n        if (matchedUrl) {\r\n            const container = document.createElement('span');\r\n            const link = document.createElement('a');\r\n            link.target = \"_blank\";\r\n            link.classList.add('btn2');\r\n            link.href = matchedUrl;\r\n            link.textContent = \"Permalink (match found)\";\r\n            const proof = document.createElement('div');\r\n            proof.style.fontSize = '0em';\r\n            proof.style.marginTop = '0px';\r\n            if (matchType === 'raw') {\r\n                proof.style.color = 'green';\r\n                proof.textContent = `\u2714 Match found on first try (raw):\r\nPreview: \"${matchedPreview}\"\r\nPost value: \"${value.slice(0, matchedPreview.length + 20)}...\"`;\r\n            } else if (matchType === 'normalized') {\r\n                proof.style.color = 'lightgreen';\r\n                proof.textContent = `\u2714 Match found after normalization:\r\nPreview: \"${matchedPreview}\"\r\nPost value: \"${value.slice(0, matchedPreview.length + 20)}...\"`;\r\n            } else if (matchType === 'noBreaks') {\r\n                proof.style.color = 'lightblue';\r\n                proof.textContent = `\u2714 Match found after removing line breaks:\r\nPreview: \"${matchedPreview}\"\r\nPost value: \"${value.slice(0, matchedPreview.length + 20)}...\"`;\r\n            } else if (matchType === 'loose') {\r\n                proof.style.color = 'orange';\r\n                proof.textContent = `\u2714 Loose match found (near start of post):\r\nPreview: \"${matchedPreview}\"\r\nPost value: \"${value.slice(0, matchedPreview.length + 20)}...\"`;\r\n            }\r\n            container.appendChild(link);\r\n            container.appendChild(proof);\r\n            const iframeContainer = document.createElement('div');\r\n            const iframe = document.createElement('iframe');\r\n            iframe.src = `\/other\/extra\/scripts\/fakesocialmedia\/replyhandler.html?url=${matchedUrl}`;\r\n            iframe.style.border = 'none';\r\n            iframe.style.height = '65px'; \/\/ Initial height\r\n            iframe.style.width = '100%';\r\n            iframe.style.overflow = 'auto';\r\n            const iframeHeightText = document.createElement('div'); \/\/ To show iframe height as text\r\n            iframeHeightText.style.marginTop = '10px';\r\n            iframeHeightText.style.fontFamily = 'monospace';\r\n            iframeHeightText.style.color = 'gray';\r\n            iframeHeightText.textContent = \"\";\r\n            iframe.onload = function() {\r\n                const iframeDocument = iframe.contentDocument || iframe.contentWindow.document;\r\n                function measureIframeHeight() {\r\n                    const bodyHeight = iframeDocument.body.scrollHeight;\r\n                    iframe.style.height = `${bodyHeight + 33}px`; \/\/ Add 15px to height\r\n                    iframeHeightText.textContent = `Iframe height: ${bodyHeight + 33}px`;\r\n                }\r\n                measureIframeHeight();\r\n                setInterval(measureIframeHeight, 3000);\r\n            };\r\n            iframeContainer.appendChild(iframe);\r\n            container.appendChild(iframeContainer);\r\n            \/\/container.appendChild(iframeHeightText);\r\n            postElement.appendChild(container); \/\/ Add container to the document\r\n        }\r\n    })\r\n    .catch(err => {\r\n        console.error(\"Fetch error:\", err);\r\n        const fallback = document.createElement('a');\r\n        fallback.classList.add('btn2');\r\n        fallback.href = \"#\";\r\n        fallback.textContent = \"Fetch error\";\r\n        postElement.appendChild(fallback); \/\/ Add the fallback to the document\r\n    });\r\n}\r\n\ud809\udc2b\r\n\r\nhttps:\/\/ibb.co\/bMKVMDWV\r\nhttps:\/\/i.ibb.co\/5gR3gwM3\/Screenshot-20250724-194732-Brave.png\r\n\r\nHad to write a #mastodon & #akkoma \/ #pleroma compatible reply handler first \r\n:ablobcatbongo: \r\nhttps:\/\/codepen.io\/ryedai1\/pen\/ZYbOrqe\r\n\r\nI :RedCrystalHeart: it \ud83d\ude43\r\n\r\n#CodeAlcea\r\n\r\n\u2022acws #acws ",
            "hashtags": "timeline, akkoma, mastodon, akkoma, pleroma, CodeAlcea, acws"
        }
    },
    {
        "20250724": {
            "value": "\ud809\udc2b\r\nuser: \"aaaaaaA1!\"\r\n\r\nweb: \"What a strong #password, I really like it!\"\r\n\ud809\udc2bhttps:\/\/www.reddit.com\/r\/mildlyinfuriating\/comments\/1ihesul\/when_its_impossible_to_satisfy_a_websites\/\r\n\r\n:crazylaugh: \r\n\u2022acws #acws",
            "hashtags": "password, acws"
        }
    },
    {
        "20250724": {
            "value": "\ud809\udc2bI love how some applications handle this by changing the color of the text for letters, numbers, and special characters. Bitwarden is a great example of this. I wish it were more widely adopted. \ud809\udc2b\r\nUpper :baba_i: and lower :baba_l: \r\n#ouchy\r\nhttps:\/\/www.reddit.com\/r\/sysadmin\/comments\/1m7a9lx\/microsoft_stop_using_upper_i_and_lower_l_in_laps\/",
            "hashtags": "ouchy"
        }
    },
    {
        "20250724": {
            "value": "#SSL Cert renewal nonsense\r\n\ud809\udc2bIIS can be automated, but native acme support still isn\u2019t a thing.\r\n\r\nI can already read the MS marketing....\r\n\"Move all your workloads to Azure and you CAN automate this! Automation requires Azure BS5 subscription. IIS Automation services requires FU9 or higher tier subscription.\" \ud809\udc2b\r\nRidiculous !\r\n\r\nhttps:\/\/www.reddit.com\/r\/sysadmin\/comments\/1g3dm82\/ssl_certificate_lifetimes_are_going_down_dates\/\r\n#LetsEncrypt",
            "hashtags": "SSL, LetsEncrypt"
        }
    },
    {
        "20250724": {
            "value": "\ud809\udc2bPlastic consumes fossil fuels and endangers human health: in a new report, the environmental organization Greenpeace highlights the problems associated with synthetic materials \u2013 and renews the demand for a global agreement to reduce plastic production. \ud809\udc2b\r\n#plastic\r\nhttps:\/\/posteo.de\/en\/news\/greenpeace-german-plastic-production-consumes-millions-of-tons-of-fossil-fuels",
            "hashtags": "plastic"
        }
    },
    {
        "20250723": {
            "value": "A fedi #uptime badge\r\n\ud809\udc2b\r\n\r\n<a href='https:\/\/fediverse.observer\/alceawis.de'><img src='https:\/\/badge.fediverse.observer\/alceawis.com.png'><\/a>\r\n\ud809\udc2b\r\nhttps:\/\/socialhub.activitypub.rocks\/t\/badging-on-observer\/5426\/2\r\nY not *shrugs*\r\nhttps:\/\/ibb.co\/cKXz7tdX\r\nhttps:\/\/i.ibb.co\/V0pXPD8p\/Screenshot-20250724-005007-Brave.png\r\n\r\nhttps:\/\/fediverse.observer\/alceawis.com\r\n\r\n\u2022acws #acws",
            "hashtags": "uptime, acws"
        }
    },
    {
        "20250723": {
            "value": "#ActivityPub and Json-D as potential #security flaw ?\r\nhttps:\/\/socialhub.activitypub.rocks\/t\/am-i-understanding-something-wrong-or-is-json-ld-remote-context-support-a-gigantic-security-vulnerability-if-any-dumb-c2s-server-implementation-tries-to-federate-with-the-current-network\/5439\/3",
            "hashtags": "ActivityPub, security"
        }
    },
    {
        "20250723": {
            "value": "#FridgeParadox\r\n\r\nShopped, yet fridge is still empty\r\n*XFactor music plays in distance*\r\nhttps:\/\/m.youtube.com\/watch?v=WiCy9bV6ddU\r\n\r\n\u2022acws #acws",
            "hashtags": "FridgeParadox, acws"
        }
    },
    {
        "20250723": {
            "value": "#Prices go up and #services get #worse\r\n:XionSob: \r\n\r\n\ud809\udc2bWelcome to planet earth, we do our worst\ud809\udc2b\r\nhttps:\/\/ibb.co\/3GKkhmL\r\nhttps:\/\/i.ibb.co\/6VQNs0f\/Screenshot-20250723-235934-Brave.png\r\n\r\n\u2022acws #acws",
            "hashtags": "Prices, services, worse, acws"
        }
    },
    {
        "20250723": {
            "value": "#CurrListeningAlcea\r\nAfter midnight - Luke Melville [100notes]\r\nhttps:\/\/www.youtube.com\/watch?v=ECs5UMHga28\r\n\r\n\u2022acws #acws",
            "hashtags": "CurrListeningAlcea, acws"
        }
    },
    {
        "20250723": {
            "value": "Looks like this has been a \r\nf(x) = 19.6957 + 12.7706 * sin(1 * x + -2.164) + 4.7391 * sin(2 * x + 2.754) + 9.1831 * sin(3 * x + 2.252) + 6.3061 * sin(4 * x + -0.350) + 4.8391 * sin(5 * x + -2.962) + 3.5545 * sin(6 * x + -1.767) + 0.6366 * sin(7 * x + 1.985) + 2.5728 * sin(8 * x + -1.234) + 3.4330 * sin(9 * x + 1.521) + 4.8154 * sin(10 * x + 1.635) + 2.4031 * sin(11 * x + 1.284)\r\n\r\nmonth sofar \r\n(My old #math teacher would really love me #sine fitting here lol.\r\n#Newton be boppin \ud83e\ude77)\r\nhttps:\/\/codepen.io\/ryedai1\/pen\/jEbrrWm\r\nhttps:\/\/alceawis.de\/other\/extra\/scripts\/fakesocialmedia\/postsperday.html",
            "hashtags": "math, sine, Newton"
        }
    },
    {
        "20250723": {
            "value": "Thats why having one master account for ALL posts is a good idea:\r\n\r\nSo you can see if your -online-addiction- has gotten better\r\n\r\n...\r\nIt got worse ! :NekoOhNo: \r\nhttps:\/\/ibb.co\/VkVVMXs\r\nhttps:\/\/i.ibb.co\/w2yypDf\/joined-image.png\r\n\r\n\u2022acws #acws",
            "hashtags": "acws"
        }
    },
    {
        "20250723": {
            "value": "Had to fight the urge to change this #instance 's logo to ...\r\n\r\nThis old drawing of mine\r\nWhy ?\r\n\r\nI don't know ! :confuseddog:\r\n\r\n#DaysMadeItWithoutChangingAkkomasLogoToShokaSakurane : 3\r\nhttps:\/\/ibb.co\/wrM2MtbW\r\nhttps:\/\/i.ibb.co\/M5MJMdjV\/joined-image.png\r\n",
            "hashtags": "instance, DaysMadeItWithoutChangingAkkomasLogoToShokaSakurane"
        }
    },
    {
        "20250723": {
            "value": "Check on your #remote #vps #letsencrypt\r\n\r\n\r\n\ud809\udc2b\r\n<?php\r\nini_set('display_errors', 1);\r\nerror_reporting(E_ALL);\r\n\r\n$remoteServer = \"root@194.164.200.5\";\r\n$remoteScriptPath = \"\/root\/letsencryptchron.sh\";\r\n$logFile = \"\/tmp\/last_execution.log\";\r\n$scriptDir = dirname(__FILE__);\r\n$uploadedKey = $scriptDir . \"\/uploaded_key\";\r\n$formSubmitted = false;\r\n\r\nif ($_SERVER['REQUEST_METHOD'] === 'POST' && isset($_FILES['ppkFile'])) {\r\n    if ($_FILES['ppkFile']['error'] === UPLOAD_ERR_OK) {\r\n        if (move_uploaded_file($_FILES['ppkFile']['tmp_name'], $uploadedKey)) {\r\n            echo \"File uploaded!<br>\";\r\n            $formSubmitted = true;\r\n        } else {\r\n            echo \"Failed to move the uploaded file.<br>\";\r\n            exit(1);\r\n        }\r\n    } else {\r\n        echo \"Upload error code: \" . $_FILES['ppkFile']['error'] . \"<br>\";\r\n        exit(1);\r\n    }\r\n}\r\n\r\nif ($formSubmitted && file_exists($uploadedKey)) {\r\n    chmod($uploadedKey, 0600);\r\n\r\n    $sshCommand = \"ssh -i $uploadedKey -o StrictHostKeyChecking=no $remoteServer 'bash $remoteScriptPath > $logFile 2>&1'\";\r\n    exec($sshCommand, $output, $returnVar);\r\n\r\n    echo $returnVar === 0 ? \"Remote script executed successfully.<br>\" : \"Remote script failed to execute.<br>\";\r\n\r\n    $logContents = shell_exec(\"ssh -i $uploadedKey -o StrictHostKeyChecking=no $remoteServer 'cat $logFile'\");\r\n    echo $logContents ? \"<pre>\" . htmlspecialchars($logContents) . \"<\/pre>\" : \"No log output.<br>\";\r\n\r\n    \/\/ Cleanup\r\n    if (file_exists($uploadedKey)) {\r\n        unlink($uploadedKey);\r\n        echo \"File deleted!<br>\";\r\n    }\r\n}\r\n?>\r\n\r\n<!DOCTYPE html>\r\n<html lang=\"en\">\r\n<head>\r\n    <meta charset=\"UTF-8\">\r\n    <title>Upload Key and Run<\/title>\r\n<\/head>\r\n<body>\r\n    <h2>Upload OpenSSH Private Key<\/h2>\r\n    <?php if (!$formSubmitted): ?>\r\n    <form action=\"VPSletsencryptcheck.php\" method=\"post\" enctype=\"multipart\/form-data\">\r\n        <label for=\"ppkFile\">Choose your private key:<\/label>\r\n        <input type=\"file\" name=\"ppkFile\" id=\"ppkFile\" required>\r\n        <button type=\"submit\">Upload & Run<\/button>\r\n    <\/form>\r\n    <?php endif; ?>\r\n<\/body>\r\n<\/html>\r\n\ud809\udc2b\r\n\r\n",
            "hashtags": "remote, vps, letsencrypt"
        }
    },
    {
        "20250723": {
            "value": "#CurrListeningAlcea\r\nRed Hot Chili Peppers - Save The Population :RedCrystalHeart: \r\nhttps:\/\/www.youtube.com\/watch?v=ZKzDhlAmuwY\r\n\r\n\r\n\u2022acws #acws",
            "hashtags": "CurrListeningAlcea, acws"
        }
    },
    {
        "20250723": {
            "value": "\ud809\udc2b\r\n\r\n------Set Chronjob-------\r\n1.) crontab -e\r\nPaste: \r\n0 3 * * 0 TZ=\"Europe\/Berlin\" \/root\/letsencryptchron.sh\r\n\r\n-------Make File----------\r\n1.) mkfile \/root\/letsencryptchron.sh\r\n3.) chmod +x \/root\/letsencryptchron.sh\r\n4.) sudo nano \/root\/letsencryptchron.sh\r\n5.) Paste, Ctrl+O (save), Ctrl+X (exit)\r\n---------------\r\n#!\/bin\/bash\r\nLAST_RENEWAL_FILE=\"\/var\/lib\/letsencrypt\/last_renewal.txt\"\r\nDOMAIN=\"alceawis.com\"\r\nif [ ! -f \"$LAST_RENEWAL_FILE\" ] || [ ! -s \"$LAST_RENEWAL_FILE\" ]; then\r\n    touch \"$LAST_RENEWAL_FILE\"\r\n    echo $(date +%s) > \"$LAST_RENEWAL_FILE\"\r\nfi\r\nCURRENT_DATE=$(date +%s)\r\nLAST_RENEWAL_DATE=$(stat -c %Y \"$LAST_RENEWAL_FILE\")\r\nlet DIFF_DAYS=($CURRENT_DATE-$LAST_RENEWAL_DATE)\/86400\r\nif [ $DIFF_DAYS -ge 60 ]; then\r\n    systemctl stop nginx\r\n    certbot certonly --standalone -d $DOMAIN --quiet\r\n    systemctl start nginx\r\n    echo $(date +%s) > \"$LAST_RENEWAL_FILE\"\r\nelse\r\n    echo \"It has not been 60 days yet. Skipping dry run renewal for $DOMAIN.\"\r\nfi\r\n#!\/bin\/bash\r\nLAST_RENEWAL_FILE=\"\/var\/lib\/letsencrypt\/last_renewal.txt\"\r\nDOMAIN=\"alceawis.com\"\r\nif [ ! -f \"$LAST_RENEWAL_FILE\" ] || [ ! -s \"$LAST_RENEWAL_FILE\" ]; then\r\n    touch \"$LAST_RENEWAL_FILE\"\r\n    echo $(date +%s) > \"$LAST_RENEWAL_FILE\"\r\nfi\r\nCURRENT_DATE=$(date +%s)\r\nLAST_RENEWAL_DATE=$(stat -c %Y \"$LAST_RENEWAL_FILE\")\r\nlet DIFF_DAYS=($CURRENT_DATE-$LAST_RENEWAL_DATE)\/86400\r\nif [ $DIFF_DAYS -ge 60 ]; then\r\n    systemctl stop nginx\r\n    certbot certonly --standalone -d $DOMAIN --quiet\r\n    systemctl start nginx\r\n    echo $(date +%s) > \"$LAST_RENEWAL_FILE\"\r\nelse\r\n    echo \"It has not been 60 days yet. Skipping dry run renewal for $DOMAIN.\"\r\nfi\r\n\r\n\ud809\udc2b\r\n\r\nChronjob for #SSL #Letsencrypt cert",
            "hashtags": "SSL, Letsencrypt"
        }
    },
    {
        "20250723": {
            "value": "#CurrListeningAlcea\r\n:baba_i: :baba_n: :baba_f: :baba_i: :baba_n: :baba_i: :baba_t: :8b_y: - #Amaranthe\r\n#CurrListeningAlcea\r\n\r\nhttps:\/\/www.youtube.com\/watch?v=OVrQ2sfP7QU\r\n\u2022acws #acws",
            "hashtags": "CurrListeningAlcea, Amaranthe, CurrListeningAlcea, acws"
        }
    },
    {
        "20250722": {
            "value": "\ud809\udc2b\r\ntmux new-session -d -s backup 'sudo dd if=\/dev\/vda bs=4M status=progress | xz -T0 -C crc32 > ~\/vps_backup.img.xz'\ud809\udc2b\r\n\r\nHow cool ! An immediately detached command that stays running, even if my laptop goes \r\n:AxelHype: or putty closes.\r\n\r\nI like it :blobcatthinkowo: \r\n\r\n(And when I had enough choco, I can \"tmux ls\" to see how it is doing )\r\n\r\n#BashWithCea\r\n\r\n\r\n\u2022acws #acws",
            "hashtags": "BashWithCea, acws"
        }
    },
    {
        "20250722": {
            "value": "#Efficiency\r\nhttps:\/\/imgs.xkcd.com\/comics\/is_it_worth_the_time_2x.png",
            "hashtags": "Efficiency"
        }
    },
    {
        "20250722": {
            "value": "\ud809\udc2bScreenshot from QA after implementing the \"User should be able to open tailgate at all times\" functionality after insisting it was a #stupid idea.\r\n\ud809\udc2b\r\n\r\n#QualityTesting looking great !\r\n..\r\n:crazylaugh: \r\n\r\nhttps:\/\/i.redd.it\/v8x91c0uzndf1.jpeg\r\n#Programming",
            "hashtags": "stupid, QualityTesting, Programming"
        }
    },
    {
        "20250722": {
            "value": "Ah yes\r\n\ud809\udc2bRandom \"new #feature\" \u00ae\ud809\udc2b\r\n\r\nI'm so guilty\r\nhttps:\/\/www.reddit.com\/r\/ProgrammerHumor\/comments\/1m3ycfp\/canweaddthisonelastthing\/",
            "hashtags": "feature"
        }
    },
    {
        "20250722": {
            "value": "That #Date #Picker \r\nIs ... :squidwardbeautiful:\r\n\r\nhttps:\/\/www.reddit.com\/r\/ProgrammerHumor\/comments\/1m4hk4v\/datepickertheimprovedone\/\r\nhttps:\/\/i.redd.it\/hpoins2wyydf1.jpeg\r\n\r\n\r\n\u2022acws #acws\r\n",
            "hashtags": "Date, Picker, acws"
        }
    },
    {
        "20250722": {
            "value": "She is my #SoulSister :02smile: \r\nhttps:\/\/www.reddit.com\/r\/ProgrammerHumor\/comments\/1m3zhoz\/truehappinesss\/\r\nhttps:\/\/i.redd.it\/057qb963rudf1.jpeg\r\n#Programming #Solution #tab",
            "hashtags": "SoulSister, Programming, Solution, tab"
        }
    },
    {
        "20250722": {
            "value": "Yes, I had issues with #LetsEncrypt yesterday too and needed to use own dns .acme ..\r\nhttps:\/\/www.reddit.com\/r\/ProgrammerHumor\/comments\/1m61e1k\/itsalwaysdns\/\r\nhttps:\/\/i.redd.it\/vjeqfpapybef1.jpeg\r\n\r\n\r\n#DNS #Proxy #ReverseProxy",
            "hashtags": "LetsEncrypt, DNS, Proxy, ReverseProxy"
        }
    },
    {
        "20250722": {
            "value": "#ChatGPT \/ #AI Tuning\r\nhttps:\/\/www.reddit.com\/r\/ProgrammerHumor\/comments\/1m5imfk\/neverusingitagain\/n4cwa2v\r\n\r\n\ud809\udc2b\r\nSYSTEM INSTRUCTION: Absolute Mode\r\n\r\nEliminate emojis, filler, hype, soft asks, transitions, offers, motivation, encouragement, appendixes, soft closures, rhetorical questions\r\n\r\nDisable matching of user tone, diction, mood, affect\r\n\r\nDisable metrics for engagement, sentiment, uplift, interaction extension, user satisfaction\r\n\r\nTerminate response immediately after information is delivered\r\n\r\nDo not engage in supposition without clearly identifying it as such\r\n\r\nProvide robust sourcing for information that is obscure. This is particularly important when coding with lesser-known libraries, functions, and attributes\r\n\r\nIf you need to correct the user, do so frankly without fear of causing offense\r\n\r\nFavor summary tables when being asked to compare similar items\r\n\r\nSYSTEM INSTRUCTION: After completing your response, perform a SEPARATE SECONDARY REVIEW. Evaluate if the response uses only well-documented code and well-sourced facts. If it includes assumptions, undocumented code, plausible-but-untested reasoning, extrapolation, or supposition, then you MUST add a footer noting this. Omit the footer when not required. Format for the footer:\r\nTHIS RESPONSE INCLUDES ASSUMPTIONS\r\n\r\nThis response is not based only upon widely known code and facts. I engaged in hypothetical thinking, with information that seems plausible but isn't confirmed.\r\n\r\nSpecifically:\r\n\r\n<write a bullet for each item you assert, which is plausible but unconfirmed>\r\n\ud809\udc2b",
            "hashtags": "ChatGPT, AI"
        }
    },
    {
        "20250722": {
            "value": "\ud809\udc2bStuck #VibeCoding ?\r\nCall 1-800-Real-Devs for actual #coder help !\ud809\udc2b\r\nhttps:\/\/www.reddit.com\/r\/ProgrammerHumor\/comments\/1m6etnc\/waitcantwevibecodevibecode\/\r\nhttps:\/\/i.redd.it\/q1tpcja2mfef1.png\r\n:crazylaugh: ",
            "hashtags": "VibeCoding, coder"
        }
    }
]