[
    {
        "20250405": {
            "value": "Hmm\r\n#inbound vs #outbound #call scammers ?\r\n\r\nInteresting\r\n\r\nSad. But interesting\r\n#FBI\r\nhttps:\/\/m.youtube.com\/watch?v=yovoJ5I5PUc\r\nhttps:\/\/ibb.co\/tw3XgQCV\r\nhttps:\/\/i.ibb.co\/kVM1j5cN\/Screenshot-20250405-220852-Brave.png\r\n",
            "hashtags": "inbound, outbound, call, FBI"
        }
    },
    {
        "20250405": {
            "value": "Imagine a #AI #Science mag....\r\n\r\nWith #AI generated \"art\" cover\r\n\r\n:nothehe: \r\nhttps:\/\/www.reddit.com\/r\/ImmaterialScience\/comments\/1jhp2a2\/volume_4_of_j_immat_sci_is_here_download_link_in\/",
            "hashtags": "AI, Science, AI"
        }
    },
    {
        "20250405": {
            "value": "When your #brain #miscalculates\r\nhttps:\/\/www.reddit.com\/r\/SimulationTheory\/comments\/1jortng\/why_i_believe_we_live_in_a_simulationyour_brain\/ https:\/\/www.reddit.com\/r\/CrazyFuckingVideos\/comments\/1jorc0m\/your_brain_totally_lies_to_you\/\r\n\r\n\ud809\udc2bIt\u2019s not \u2018lying\u2019 to you. Your brain itself IS simulating everything you see and everything around you to its best attempt to translate whatever the actual outside \u2018world\u2019 is into an orchestrated hallucination for you. That is a fact.\r\n\ud809\udc2b\r\n\r\nhttps:\/\/v.redd.it\/lw8d6vu5y6se1\/DASH_480.mp4\r\nhttps:\/\/web.archive.org\/web\/20250405184659\/https:\/\/sd.rapidsave.com\/download-sd.php?permalink=https:\/\/reddit.com\/r\/SimulationTheory\/comments\/1jortng\/why_i_believe_we_live_in_a_simulationyour_brain\/&video_url=https:\/\/v.redd.it\/lw8d6vu5y6se1\/DASH_480.mp4?t=34",
            "hashtags": "brain, miscalculates"
        }
    },
    {
        "20250405": {
            "value": "#universe = \"C-\"\r\nhttps:\/\/www.reddit.com\/r\/SimulationTheory\/comments\/1jpcv5d\/you_think\/",
            "hashtags": "universe"
        }
    },
    {
        "20250405": {
            "value": "Hate Reaction Videos (Rant) https:\/\/m.youtube.com\/watch?v=A951pv03AaA\r\n\r\n#Reaction vidoes are the laziest slob content ever",
            "hashtags": "Reaction"
        }
    },
    {
        "20250405": {
            "value": ":awoos_internally: "
        }
    },
    {
        "20250405": {
            "value": "Oh hey.\r\nA online #etsy like shop with #FOMO timer\r\n\r\nhttps:\/\/www.teepublic.com\/user\/idrawfaces\r\n\r\nHas that #NeverBeenDoneBefore ..",
            "hashtags": "etsy, FOMO, NeverBeenDoneBefore"
        }
    },
    {
        "20250405": {
            "value": "\ud809\udc2bYou used your power, but not for the good. \ud809\udc2b\r\nhttps:\/\/www.reddit.com\/r\/AmItheAsshole\/comments\/x2j50m\/comment\/imn5bfo\/?context=3\r\n\r\n#Agree d !\r\nDon't kick ppl out of your shared flat.\r\nThats terrible ! \r\n:AshNotAmused: ",
            "hashtags": "Agree"
        }
    },
    {
        "20250405": {
            "value": "Hmmm :ablobthinkingeyes: \r\nhttps:\/\/www.garymash.com\/produkt-kategorie\/accessoires-2\/taschen\/\r\n#bag",
            "hashtags": "bag"
        }
    },
    {
        "20250405": {
            "value": "#men have a 24h cycle and #women have a 28-day (plus\/minus) cycle. And the 24h cycle is the important one in socities. \r\nhttps:\/\/www.reddit.com\/r\/SimulationTheory\/comments\/1jnppma\/comment\/mkscsip\/?context=3",
            "hashtags": "men, women"
        }
    },
    {
        "20250405": {
            "value": "#Study #hell #psychology\r\n\ud809\udc2bSeit dem 01.09.2020 ist in Deutschland die Reform des Psychotherapeutengesetzes in Kraft getreten. In diesem Zuge wurden die Anforderungen in Bezug auf klinische, medizinische und pharmakologische Inhalte im Bachelor definiert. Der B.Sc. in Psychologie der FernUniversit\u00e4t erf\u00fcllt diese Anforderungen nicht. Ein Wechsel in einen Master mit Schwerpunkt Klinische Psychologie und Psychotherapie zur Erlangung der Approbation ist somit ausgeschlossen, wenn Sie nach dem 01.09.2020 das Psychologiestudium begonnen haben oder beginnen werden.\r\nWenn Sie das Psychologiestudium bereits vorher begonnen haben, kann es \u00dcbergangsregelungen geben, um die Approbation noch nach alter Regelung (dreistufige Ausbildung: Bachelorstudium Psychologie, Masterstudium Klinische Psychologie, Ausbildung Psychotherapie) zu erlangen. Wie lange hierf\u00fcr noch entsprechende Masterstudieng\u00e4nge angeboten werden und was die Aufnahmevoraussetzungen f\u00fcr diese sind, entscheiden jeweils die aufnehmenden Universit\u00e4ten. H\u00e4ufig setzen auch klinische Masterstudieng\u00e4nge nach alter Regelung schon klinische Inhalte im Bachelor voraus, sodass eine entsprechende M\u00f6glichkeit nicht garantiert werden kann.\ud809\udc2b\r\nhttps:\/\/www.reddit.com\/r\/Austria\/comments\/1jqlt5r\/kann_ich_mit_einem_psychologie_bachelor_der\/",
            "hashtags": "Study, hell, psychology"
        }
    },
    {
        "20250405": {
            "value": "\ud809\udc2bThe response was: \u201cThese are \u2018proactive\u2019 job openings designed to counter job churning. In any given year, we expect to turn over 5 - 15% of the staff. That\u2019s not anything against the company, that just the state of the industry right now. But by already having job openings, we already have a pool of candidates ready to interview the day someone puts in their 2 weeks.\u201d\r\n\r\nThe second reason was: \u201cIf a \u2018superstar\u2019 employee\u2019s resume ever does come through, we can hire them much faster, despite not having a position for them specifically.\u201d\ud809\udc2b\r\n\r\n#HR #hell\r\nhttps:\/\/www.reddit.com\/r\/recruitinghell\/comments\/1jp9oe2\/i_asked_my_hr_why_we_have_ghost_job_openings_got\/",
            "hashtags": "HR, hell"
        }
    },
    {
        "20250405": {
            "value": "\ud809\udc2bOverqualified generally just means they think you will quit as soon as a better job comes up. Which is true for everyone, but they think you actually will get a better job.\r\n\r\nThe other reason could be, they think it\u2019s suspicious that you can\u2019t get a better job & suspect there is something wrong with you.\ud809\udc2b\r\nhttps:\/\/www.reddit.com\/r\/recruitinghell\/comments\/1dpw2th\/what_does_overqualified_mean_anyway\/?rdt=53122"
        }
    },
    {
        "20250405": {
            "value": "#VibeCoder @ #Germany\r\n\r\nWe are SO doomed !\r\n#AI\r\nhttps:\/\/de.linkedin.com\/jobs\/view\/ai-vibe-coder-at-beyond-chiefs-4189924947\r\nhttps:\/\/ibb.co\/KYPzpxz\r\nhttps:\/\/i.ibb.co\/9JD3kH3\/Screenshot-20250405-175558-Brave.png\r\n\r\n\r\n\r\nhttps:\/\/www.reddit.com\/r\/ProgrammerHumor\/comments\/1jiphgf\/averagecsmajor\/",
            "hashtags": "VibeCoder, Germany, AI"
        }
    },
    {
        "20250405": {
            "value": "\ud809\udc2b#ProjectManager\r\nA person who thinks 9 women can deliver a baby in one month\ud809\udc2b\r\n\r\n#workforce #Programmer #humor\r\nhttps:\/\/www.reddit.com\/r\/ProgrammerHumor\/comments\/1jirjr9\/morepeoplecangetitdonefaster\/\r\n",
            "hashtags": "ProjectManager, workforce, Programmer, humor"
        }
    },
    {
        "20250405": {
            "value": "#Exception =\/= #Precendent \r\nhttps:\/\/www.reddit.com\/r\/ProgrammerHumor\/comments\/1jipiuq\/theydontevenknow\/",
            "hashtags": "Exception, Precendent"
        }
    },
    {
        "20250405": {
            "value": "\"Replace your #boyfriend with #AI\"\r\nhttps:\/\/www.reddit.com\/r\/MachineLearning\/comments\/1joyu43\/r_the_future_of_romance_novel_techniques_for\/\r\n\r\nNo thank u",
            "hashtags": "boyfriend, AI"
        }
    },
    {
        "20250405": {
            "value": "#Programming vs #Sales Hype\r\nhttps:\/\/www.reddit.com\/r\/ProgrammerHumor\/comments\/1jj5bmr\/whyiprefertoworkremote\/",
            "hashtags": "Programming, Sales"
        }
    },
    {
        "20250405": {
            "value": "#SoftwareEngineer #BackPain\r\nhttps:\/\/www.reddit.com\/r\/ProgrammerHumor\/comments\/1jjxxh7\/ithurtstheotherway\/",
            "hashtags": "SoftwareEngineer, BackPain"
        }
    },
    {
        "20250405": {
            "value": "If #Javascript was developed in 11 days\r\nhttps:\/\/www.reddit.com\/r\/ProgrammerHumor\/comments\/1jl4u75\/ifonlybrendaneichhadonemoreday\/",
            "hashtags": "Javascript"
        }
    },
    {
        "20250405": {
            "value": "#AmongUs\r\nhttps:\/\/ibb.co\/Bm7bGQY\r\nhttps:\/\/i.ibb.co\/13p1MP4\/zk9sg6bhbire1.jpg\r\n\r\nhttps:\/\/www.reddit.com\/r\/ProgrammerHumor\/comments\/1jm7jei\/amungus\/",
            "hashtags": "AmongUs"
        }
    },
    {
        "20250405": {
            "value": "\ud809\udc2b\"I see you have everything we asked for, but you just dont fit the general vibe of the office, im sure you understand. You wouldnt be happy here anyway, you are overqualified\"\r\n-crapplecap\ud809\udc2b\r\n\r\n#Ouchie #EntryLevel\r\nhttps:\/\/www.reddit.com\/r\/ProgrammerHumor\/comments\/1jqmpk1\/thisiswhathrexpectsforanentrylevel\/\r\n",
            "hashtags": "Ouchie, EntryLevel"
        }
    },
    {
        "20250405": {
            "value": "Unsafe #Code\r\nhttps:\/\/www.reddit.com\/r\/ProgrammerHumor\/comments\/1jr6nix\/thereneedstobeastatebelowjuniorprogrammer\/",
            "hashtags": "Code"
        }
    },
    {
        "20250405": {
            "value": "\"It's been 84years \"\r\nhttps:\/\/www.reddit.com\/r\/ProgrammerHumor\/comments\/1jrfqiw\/johnswife\/\r\n:ablobjoy: "
        }
    },
    {
        "20250405": {
            "value": "#ComputerScience Majors be like:\r\nhttps:\/\/www.reddit.com\/r\/ProgrammerHumor\/comments\/1jr7d6t\/prettymuchalltechmajors\/\r\nhttps:\/\/ibb.co\/GfsfbX2m\r\nhttps:\/\/i.ibb.co\/fV8VPbpJ\/ezgif-219e0f5a9fd5e8.gif\r\n\r\n:crazylaugh: ",
            "hashtags": "ComputerScience"
        }
    },
    {
        "20250405": {
            "value": "\ud809\udc2bI was definitely excited but the prices of the games killed it. \r\n-Funn23\ud809\udc2b\r\nStandart reaction to #NintendoSwitch2\r\nhttps:\/\/www.reddit.com\/r\/SteamDeck\/comments\/1jps4hv\/nintendo_switch_2_news_discussion\/",
            "hashtags": "NintendoSwitch2"
        }
    },
    {
        "20250405": {
            "value": "#CurrListeningAlcea\r\nIXION | Original Soundtrack\r\nhttps:\/\/m.youtube.com\/watch?v=RhTXyUERugQ&t=31m00s",
            "hashtags": "CurrListeningAlcea"
        }
    },
    {
        "20250405": {
            "value": "#MVG going into #NintendoSwitch2 #Backwardscompatibility issues\r\nhttps:\/\/m.youtube.com\/watch?v=WVgUe3qSU9k",
            "hashtags": "MVG, NintendoSwitch2, Backwardscompatibility"
        }
    },
    {
        "20250405": {
            "value": "Great\r\nWent shopoing at ALDI once in years,\r\nout backpack infront concealed.\r\n\r\nCome back.\r\n\r\nBackpack gone.\r\n\r\n10 years shopping, never happened.\r\nI just bought it too..\r\n\r\nThank goodness no valuables were inside"
        }
    },
    {
        "20250405": {
            "value": "\ud809\udc2bNintendo this week announced \"Game-key cards\" for the Switch 2, which are described as \"different\" from regular game cards as they don't contain the \"full game data\" and are instead used as a \"key\" to download the title onto your system via the internet\ud809\udc2b\r\n\r\nWell #Nintendo\r\nWe are through.\r\n\r\nWhy you enabled something that is just one step away from silly cloud games and that you can seriously forget,\r\n\r\nin combination with the shoddy #Backwardscompatibility ..\r\n\r\nGame\r\nOver\r\nhttps:\/\/www.nintendolife.com\/news\/2025\/04\/elden-rings-switch-2-physical-version-seemingly-tarnished-by-game-key-card-release#comment8573524",
            "hashtags": "Nintendo, Backwardscompatibility, comment8573524"
        }
    },
    {
        "20250404": {
            "value": "#CurrListeningAlcea \r\n\"Going Down\" by Jake Chudnow \r\nhttps:\/\/m.youtube.com\/watch?v=_Q_47b507vg",
            "hashtags": "CurrListeningAlcea"
        }
    },
    {
        "20250404": {
            "value": "#Youtube adding the music I !listened ad nauseum to a #playlist ?!\r\nhttps:\/\/m.youtube.com\/watch?v=EUExe91SLqY&list=RDGMEMWO-g6DgCWEqKlDtKbJA1Gw&index=17&pp=8AUB0gcJCX4JAYcqIYzv",
            "hashtags": "Youtube, playlist"
        }
    },
    {
        "20250404": {
            "value": "#ErgoProxy\r\nhttps:\/\/archive.org\/details\/ergo-proxy",
            "hashtags": "ErgoProxy"
        }
    },
    {
        "20250404": {
            "value": "#CurrListeningAlcea \r\nThe Sims Bustin Out Music (GBA) - Gym \r\nhttps:\/\/m.youtube.com\/watch?v=JXj3YpAHuoE&list=PLmUv64sLevIxvjOPvEToVrvmQtE9BwTFY&index=9&pp=iAQB8AUB",
            "hashtags": "CurrListeningAlcea"
        }
    },
    {
        "20250404": {
            "value": "#CurrListeningAlcea \r\nLakeIsenstar - #Eragon https:\/\/m.youtube.com\/watch?v=RcxrVeLgwY0&t=1156s&pp=0gcJCTAAlc8ueATH",
            "hashtags": "CurrListeningAlcea, Eragon"
        }
    },
    {
        "20250404": {
            "value": "Phew\r\nThings getting worse for #Nintendo\r\nhttps:\/\/m.youtube.com\/watch?v=z1Fggxcjsqw",
            "hashtags": "Nintendo"
        }
    },
    {
        "20250404": {
            "value": "Funny how I thought this was an acceptable #design years ago\r\nhttps:\/\/alcea-wisteria.de\/PHP\/\/resources\/T-Shirts\/[PRINTED]_MK_Howard_Thurston_vectorized_[black].png\r\n\r\n1000 of handdrawn lines later and I think otherwise...\r\n#MagicKaito1412",
            "hashtags": "design, MagicKaito1412"
        }
    },
    {
        "20250404": {
            "value": "Goodbye Yugioh I will miss you\r\nhttps:\/\/m.youtube.com\/watch?v=lGUXsboEbpA&pp=0gcJCdgAo7VqN5tD\r\n\r\nAltho you lost it after 2020 and I never understood wht was going on..\r\n\r\nI liked the #music and #pretty #drawing\r\n\r\nSob\r\n:Wah: \r\n#yugioh",
            "hashtags": "music, pretty, drawing, yugioh"
        }
    },
    {
        "20250404": {
            "value": "\ud809\udc2bBy the way the answer to your question is that they are childhood friends, so for the laws of DC romances, they will end up together. It's not realistic, especially if it's applicated to 90% of the couples.\ud809\udc2b\r\n\r\nYeah...\r\nPoor Shiho \/ Haibara\r\n\r\nThen again of Shin is into Rany let him.\r\nHis mom is smarter than Ran tho...\r\nhttps:\/\/www.reddit.com\/r\/OneTruthPrevails\/comments\/brqg19\/why_does_shinchi_like_ran\/?rdt=60073"
        }
    },
    {
        "20250404": {
            "value": "\"GottaGo KThxBye Ran\"\r\n\r\nClassic Shinichi\r\n10 years and #DetectiveConan has not changed a bit..\r\n\r\nStill feel Shio n Shin would be a much better fit\r\nhttps:\/\/ibb.co\/PGFLnfTZ\r\nhttps:\/\/i.ibb.co\/4RKqG5sZ\/Screenshot-20250404-224554-FX.png\r\n",
            "hashtags": "DetectiveConan"
        }
    },
    {
        "20250404": {
            "value": "27:24 Nice #KaitouKid Cameo \ud83d\ude39\r\n@ 27:23\r\nhttps:\/\/ibb.co\/XxCh5HpH\r\nhttps:\/\/i.ibb.co\/Wv2bzCFC\/Screenshot-20250404-224218-FX.png\r\n\r\n#DetectiveConan 927",
            "hashtags": "KaitouKid, DetectiveConan"
        }
    },
    {
        "20250404": {
            "value": "If #DetectiveConan was realistic like this all the time.. (Ep927)\r\nhttps:\/\/ibb.co\/WNSGYk10\r\nhttps:\/\/i.ibb.co\/KcCb32HD\/Screenshot-20250404-223836-FX.png\r\n\r\n",
            "hashtags": "DetectiveConan"
        }
    },
    {
        "20250404": {
            "value": "\"Time to take my medicine\r\n- Shinichi Kudo (Ep927)\"\r\n\r\nShinichi remains a real Extro Joky.\r\n\r\nNever ceases to amuse me. https:\/\/alcea-wisteria.de\/z_files\/emoji\/ablobcatrave.gif\r\nWithout Shiho he'd be https:\/\/alcea-wisteria.de\/z_files\/emoji\/blobreachsob.gif ing.\r\nThat fool xD\r\n#DetectiveConan\r\n\r\nhttps:\/\/web.archive.org\/web\/20250404200342\/https:\/\/alceawisteria.de\/927-meddy.mp4",
            "hashtags": "DetectiveConan"
        }
    },
    {
        "20250404": {
            "value": "Good.\r\nNow I can quote people like this:\r\n\r\n\ud809\udc2b\r\nText\r\nto quote\r\n\ud809\udc2b"
        }
    },
    {
        "20250404": {
            "value": "#Nintendo paniiick\r\nhttps:\/\/www.reddit.com\/r\/NintendoSwitch2\/comments\/1jqwlg5\/according_to_kit_and_krysta_former_nintendo_pr\/",
            "hashtags": "Nintendo"
        }
    },
    {
        "20250404": {
            "value": "\ud809\udc2bI remember the time when I was so hyped whenever these guys show up, especially when Gin shot Sherry! And now they just look like some dumbass crooks\ud809\udc2b\r\n\r\n:ablobjoy: \r\nhttps:\/\/www.reddit.com\/r\/OneTruthPrevails\/comments\/1g2nxfx\/does_anyone_feels_sad_that_detective_conan_kinda\/\r\nhttps:\/\/www.reddit.com\/r\/anime\/comments\/ah5bcs\/lets_be_honest_detective_conan_has_been_around\/?rdt=37787\r\n#DetectiveConan",
            "hashtags": "DetectiveConan"
        }
    },
    {
        "20250404": {
            "value": "1157 #Episodes ?!\r\nhttps:\/\/animepahe.ru\/anime\/f4fd317a-6233-a018-8b6e-e632bf750bdb\r\n\r\nAre you ok #DetectiveConan ?!!!!",
            "hashtags": "Episodes, DetectiveConan"
        }
    },
    {
        "20250404": {
            "value": "#Scooltrip where #Shinichi takes multiple #antidotes ?!\r\nhttps:\/\/www.detectiveconanworld.com\/wiki\/The_Scarlet_School_Trip\r\n\r\n#DetectiveConan",
            "hashtags": "Scooltrip, Shinichi, antidotes, DetectiveConan"
        }
    },
    {
        "20250404": {
            "value": "#APTX4869 #StoppedTime\r\nIn einem Gespr\u00e4ch zwischen Conan und Haibara wird zudem angedeutet, dass durch das APTX verj\u00fcngte Personen nicht wieder normal wachsen und altern https:\/\/conanwiki.org\/wiki\/Apoptoxin_4869",
            "hashtags": "APTX4869, StoppedTime"
        }
    },
    {
        "20250404": {
            "value": "Oh wow.\r\nShiho x Shinichi (not Con\u00d7Ai !) is nigh impossible\r\n* Never adult in sae scene\r\n* Very very few actual #Shiho scenes.\r\n\r\n\r\n\r\n\r\n\r\n\r\n* Shiho will unlikely ever return as adult\r\n\r\nGuess #\u3086\u3055\u3042\u304a is downright easy by comp.\r\nThere at least there are enough\r\n#AMV #DetectiveConan\r\nhttps:\/\/m.youtube.com\/watch?v=JtRjhi3yZLU&feature=youtu.be",
            "hashtags": "Shiho, AMV, DetectiveConan"
        }
    },
    {
        "20250404": {
            "value": "#ShihoMiyano #Appearances\r\nhttps:\/\/www.detectiveconanworld.com\/wiki\/Shiho_Miyano_Appearances\r\n\r\n#KudouShinichi\r\nhttps:\/\/www.detectiveconanworld.com\/wiki\/Shinichi_Kudo_Appearances\r\n#DetectiveConan\r\n",
            "hashtags": "ShihoMiyano, Appearances, KudouShinichi, DetectiveConan"
        }
    },
    {
        "20250404": {
            "value": ":ablobthinkingeyes: "
        }
    },
    {
        "20250404": {
            "value": "Yu-Gi-Oh But It's Realistic \r\n#yugioh #realistic \r\nhttps:\/\/m.youtube.com\/watch?v=PTUzSCsnl2c#",
            "hashtags": "yugioh, realistic"
        }
    },
    {
        "20250404": {
            "value": "If Yugi never lost #Exodia.. https:\/\/m.youtube.com\/watch?v=yS1zUksrtGY&pp=ygURWXVnaSB2cyBrYWliYSBidXQ%3D\r\n#yugioh",
            "hashtags": "Exodia, yugioh"
        }
    },
    {
        "20250404": {
            "value": "\ud809\udc2bFor example 0x2107 \u2107 was added as EULER'S CONSTANT, even though that's actually denoted by \u03b3. The addition appears to derive from a Xerox document (XCCS 353\/046) where \u2107 was simply listed as \"Euler's\", which may have been a reference to Euler's number, though that is denoted by \u212f not \u2107. I used to think 0x2135 \u2135 to 0x2138 \u2138 were another example, as these were added with the comments FIRST TRANSFINITE CARDINAL to FOURTH TRANSFINITE CARDINAL, even though that's not what they currently are. \u2135 is a sequence of trasfinite cardinals, and the first to fourth transfinite cardinals are actually \u2135\u2080 to \u2135\u2083. \u2136 is another sequence of cardinals, while \u2137 is a function of cardinals. Meanwhile \u2138 doesn't have any mathematical use whatsoever. However, I've found some unsourced references online suggesting that it was briefly used (or at least intended for use) historically. Though I also found another reference that suggested Cantor himself also used \u05ea, which isn't encoded as a mathematical symbol in Unicode.\ud809\udc2b\r\n#Unicode\r\nhttps:\/\/www.reddit.com\/r\/Unicode\/comments\/1jlsui2\/what_are_some_technical_characters_that_were\/",
            "hashtags": "Unicode"
        }
    },
    {
        "20250404": {
            "value": "Well atleast #quote displaying now works via enclosing in \ud809\udc2b..\r\n\r\nStill displays og text and goes at end of text body.\r\nBut hey",
            "hashtags": "quote"
        }
    },
    {
        "20250404": {
            "value": "\ud809\udc2bxxx\ud809\udc2b"
        }
    },
    {
        "20250404": {
            "value": ":%F0%92%90%AB: "
        }
    },
    {
        "20250404": {
            "value": ":\ud809\udc2b: "
        }
    },
    {
        "20250404": {
            "value": "\u3164 \u3164 \u3164 \u3164 \u3164 \u3164 \u3164 \u3164 \u3164 \u3164 \u3164 \u3164"
        }
    }
]