{
    "chest": "HumanBodyBones.Spine02",
    "head": "HumanBodyBones.Head",
    "hips": "HumanBodyBones.Hip",
    "jaw": "HumanBodyBones.JawRoot",
    "leftEye": "HumanBodyBones.LeftEye",
    "leftFoot": "HumanBodyBones.LeftFoot",
    "leftHand": "HumanBodyBones.LeftHand",
    "leftIndexDistal": "HumanBodyBones.LeftIndex3",
    "leftIndexIntermediate": "HumanBodyBones.LeftIndex2",
    "leftIndexProximal": "HumanBodyBones.LeftIndex1",
    "leftLittleDistal": "HumanBodyBones.LeftPinky3",
    "leftLittleIntermediate": "HumanBodyBones.LeftPinky2",
    "leftLittleProximal": "HumanBodyBones.LeftPinky1",
    "leftLowerArm": "HumanBodyBones.LeftLowerArm",
    "leftLowerLeg": "HumanBodyBones.LeftLowerLeg",
    "leftMiddleDistal": "HumanBodyBones.LeftMid3",
    "leftMiddleIntermediate": "HumanBodyBones.LeftMid2",
    "leftMiddleProximal": "HumanBodyBones.LeftMid1",
    "leftRingDistal": "HumanBodyBones.LeftRing3",
    "leftRingIntermediate": "HumanBodyBones.LeftRing2",
    "leftRingProximal": "HumanBodyBones.LeftRing1",
    "leftShoulder": "HumanBodyBones.LeftShoulder",
    "leftThumbIntermediate": "HumanBodyBones.LeftThumb2",
    "leftThumbProximal": "HumanBodyBones.LeftThumb1",
    "leftToes": "HumanBodyBones.LeftToes",
    "leftUpperArm": "HumanBodyBones.LeftUpperArm",
    "leftUpperLeg": "HumanBodyBones.LeftUpperLeg",
    "neck": "HumanBodyBones.NeckTwist01",
    "rightEye": "HumanBodyBones.RightEye",
    "rightFoot": "HumanBodyBones.RightFoot",
    "rightHand": "HumanBodyBones.RightHand",
    "rightIndexDistal": "HumanBodyBones.RightIndex3",
    "rightIndexIntermediate": "HumanBodyBones.RightIndex2",
    "rightIndexProximal": "HumanBodyBones.RightIndex1",
    "rightLittleDistal": "HumanBodyBones.RightPinky3",
    "rightLittleIntermediate": "HumanBodyBones.RightPinky2",
    "rightLittleProximal": "HumanBodyBones.RightPinky1",
    "rightLowerArm": "HumanBodyBones.RightLowerArm",
    "rightLowerLeg": "HumanBodyBones.RightLowerLeg",
    "rightMiddleDistal": "HumanBodyBones.RightMid3",
    "rightMiddleIntermediate": "HumanBodyBones.RightMid2",
    "rightMiddleProximal": "HumanBodyBones.RightMid1",
    "rightRingDistal": "HumanBodyBones.RightRing3",
    "rightRingIntermediate": "HumanBodyBones.RightRing2",
    "rightRingProximal": "HumanBodyBones.RightRing1",
    "rightShoulder": "HumanBodyBones.RightShoulder",
    "rightThumbIntermediate": "HumanBodyBones.RightThumb2",
    "rightThumbProximal": "HumanBodyBones.RightThumb1",
    "rightToes": "HumanBodyBones.RightToes",
    "rightUpperArm": "HumanBodyBones.RightUpperArm",
    "rightUpperLeg": "HumanBodyBones.RightUpperLeg",
    "spine": "HumanBodyBones.Spine01"
}