{
  "vehicles": {
    "Viron XI 1200 S": {
      "type": "Electric Scooter",
      "weight": "24 kg",
      "motor_power": "1200W",
      "max_speed": "20 km/h",
      "battery_capacity": "48V, 13Ah - (proprietary)  batterymeter, hotswappable",
      "range": "70-90 km",
      "charging_time": "4-6 hours",
      "tires": "Front: 20.0” inch Back: 16.0” inch",
      "suspension": "Front & rear suspension",
      "brakes": "Disc brakes",
      "foldable": "No",
      "price_range": "$1000-$1200",
      "icon": "https://example.com/viron-icon.png"
    },
    "ZWheel E9T": {
      "type": "Electric Scooter",
      "weight": "18 kg",
      "motor_power": "500W",
      "max_speed": "20 km/h",
      "battery_capacity": "36V, 10Ah - (builtin)",
      "range": "30-50 km",
      "charging_time": "4-6 hours",
      "tires": "8.5\" solid tires",
      "suspension": "Front suspension",
      "brakes": "Disc brakes",
      "foldable": "Yes",
      "price_range": "$400-$600",
      "icon": "https://example.com/zwheel-icon.png"
    },
  "iScooter U3/Finbike": {
    "type": "Electric Bike",
    "weight": "~12-15 kg",
    "motor_power": "250W - 350W",
    "max_speed": "20-25 km/h",
    "battery_capacity": "36V, 7,8Ah - (builtin) Dim: 38mm*80mm*280mm Conn: XT60+SM",
    "range": "25 km",
    "charging_time": "2-3 hours",
    "tires": "16\" city/road",
    "suspension": "No suspension",
    "brakes": "V-Brakes",
    "foldable": "Yes",
    "price_range": "€300-€400",
    "icon": "https://example.com/klappbar-ebike-icon.png"
  },
    "RK29": {
      "type": "Electric Bike",
      "weight": "~20-25 kg",
      "motor_power": "350W - 750W",
      "max_speed": "25-40 km/h",
      "battery_capacity": "36V, 10-13Ah - (proprietary)  batterymeter, hotswappable",
      "range": "40-80 km",
      "charging_time": "4-6 hours",
      "tires": "20\"  road/off-road",
      "suspension": "Front suspension",
      "brakes": "Disc/Coaster brakes",
      "foldable": "Yes",
      "price_range": "$600-$1000",
      "icon": "https://example.com/samebike-icon.png"
    },
    "iCON Onewheel": {
      "type": "Electric Skateboard",
      "weight": "14.4 kg",
      "motor_power": "500W",
      "max_speed": "Varies (up to 30 km/h)",
      "battery_capacity": "48 V, 9Ah",
      "range": "30km",
      "charging_time": "Approx. 2-5 hours",
      "tires": "15 cm wide tubeless tyres",
      "suspension": "Dynamic LED lights front and rear",
      "brakes": "Electronic braking",
      "foldable": "No",
      "price_range": "800$",
      "dimensions": "77 x 26.5 x 29 cm",
      "colours": ["green", "gold", "blue"],
      "waterproof": "IP54 protection class (can be driven in the rain)",
      "icon": "https://example.com/onewheel-icon.png",
      "link": "https://www.amazon.de"
    }
  }
}
