{
    "items": [
        {
            "name": ".hack//G.U. Last Recode",
            "link": "https://www.dekudeals.com/items/hackgu-last-recode",
            "added_at": "2023-09-07T16:40:44+00:00",
            "format": "digital",
            "price_paid": 1499,
            "price_paid_currency": "EUR",
            "gamesize": " 10.978 GB",
            "image": "https://cdn.dekudeals.com/images/c4afc4f698cd3944bd3d25878d8cb97099de1e62/w500.jpg"
        },
        {
            "name": "13 Sentinels: Aegis Rim",
            "link": "https://www.dekudeals.com/items/13-sentinels-aegis-rim",
            "added_at": "2023-06-13T15:53:23+00:00",
            "status": "playing",
            "format": "physical",
            "price_paid": 3399,
            "price_paid_currency": "EUR",
            "gamesize": " 4.354 GB",
            "image": "https://cdn.dekudeals.com/images/936a7d48ca724517f6c43b226c64085e900e57e5/w500.jpg"
        },
        {
            "name": "Advance Wars 1+2: Re-Boot Camp",
            "link": "https://www.dekudeals.com/items/advance-wars-1-plus-2-re-boot-camp",
            "added_at": "2023-04-28T18:40:02+00:00",
            "format": "physical",
            "price_paid": 4899,
            "price_paid_currency": "EUR",
            "note": "Online capable\nGBA",
            "gamesize": " 6.664 GB",
            "image": "https://cdn.dekudeals.com/images/4e3ff94c25d98d125f93c0694c2d222b55084e5d/w500.jpg"
        },
        {
            "name": "Alan Wake Remastered",
            "link": "https://www.dekudeals.com/items/alan-wake-remastered",
            "added_at": "2022-10-21T00:26:25+00:00",
            "status": "abandoned",
            "format": "digital",
            "price_paid": 1900,
            "price_paid_currency": "EUR",
            "gamesize": " 12.976 GB",
            "image": "https://cdn.dekudeals.com/images/c8a8aa005b40f9ee5cb2c09b5c16b04e1bacc7d6/w500.jpg"
        },
        {
            "name": "American Fugitive",
            "link": "https://www.dekudeals.com/items/american-fugitive",
            "added_at": "2021-05-28T17:18:25+00:00",
            "format": "digital",
            "price_paid": 199,
            "price_paid_currency": "EUR",
            "note": "CauseItWasCheap",
            "gamesize": " 1.591 GB",
            "image": "https://cdn.dekudeals.com/images/5589f4dfbf88b4995bba5901c05772cdcec0e13a/w500.jpg"
        },
        {
            "name": "Another Code: Recollection",
            "link": "https://www.dekudeals.com/items/another-code-recollection",
            "added_at": "2023-12-17T10:18:58+00:00",
            "format": "physical",
            "price_paid": 5500,
            "price_paid_currency": "EUR",
            "note": "Terrible Wii Remake\nhttps://www.reddit.com/r/KotakuInAction/comments/19cso3q/the_recenlty_released_another_code_remake_has/?rdt=63606\nhttps://ibb.co/qJR7wW4\nhttps://i.ibb.co/sWFbr6D/Screenshot-20240305-105316-Brave.png\nhttps://pb.todon.de/@alcea/112034603497014648\nhttps://gamefaqs.gamespot.com/boards/426391-another-code-recollection/80712873 https://archive.ph/BaztS\n\n\n@netgames",
            "gamesize": " 5.225 GB",
            "image": "https://cdn.dekudeals.com/images/e049679db36df1f1a9b18b861bd6f5aaedf00e95/w500.jpg"
        },
        {
            "name": "Apex Legends",
            "link": "https://www.dekudeals.com/items/apex-legends",
            "added_at": "2021-04-11T08:12:20+00:00",
            "status": "abandoned",
            "format": "digital",
            "price_paid": 100,
            "price_paid_currency": "EUR",
            "note": "EAID: 1Aoi9\n\nEssential",
            "gamesize": " 24.875 GB",
            "image": "https://cdn.dekudeals.com/images/e6ec5d585530a1fed7a9889ce95f700a79b7a391/w500.jpg"
        },
        {
            "name": "Assassin\u2019s Creed: The Rebel Collection",
            "link": "https://www.dekudeals.com/items/assassins-creed-the-rebel-collection",
            "added_at": "2024-02-29T10:40:00+00:00",
            "format": "digital",
            "price_paid": 1499,
            "price_paid_currency": "EUR",
            "gamesize": " 11.869 GB",
            "image": "https://cdn.dekudeals.com/images/f4e60ca7fc59271d046477e9765537f3af4ac22a/w500.jpg"
        },
        {
            "name": "ASTRAL CHAIN",
            "link": "https://www.dekudeals.com/items/astral-chain",
            "added_at": "2023-03-19T13:07:39+00:00",
            "format": "physical",
            "price_paid": 3400,
            "price_paid_currency": "EUR",
            "gamesize": " 9.83 GB",
            "image": "https://cdn.dekudeals.com/images/47783d901cf6dac0c0495f2a92f33925f9ce7da3/w500.jpg"
        },
        {
            "name": "ASTRONEER",
            "link": "https://www.dekudeals.com/items/astroneer",
            "added_at": "2022-07-30T21:33:07+00:00",
            "format": "digital",
            "price_paid": 2239,
            "price_paid_currency": "EUR",
            "note": "OnlineCap\nPhysAvailAlso (Japan)",
            "gamesize": " 1.849 GB",
            "image": "https://cdn.dekudeals.com/images/8e725da1d3d1617b94d17eb7247d9510e2fcc455/w500.jpg"
        },
        {
            "name": "Azure Striker GUNVOLT: STRIKER PACK",
            "link": "https://www.dekudeals.com/items/azure-striker-gunvolt-striker-pack",
            "added_at": "2023-09-26T15:20:34+00:00",
            "format": "digital",
            "price_paid": 1749,
            "price_paid_currency": "EUR",
            "gamesize": " 3.02 GB",
            "image": "https://cdn.dekudeals.com/images/216829570b3fb5b3b11f2be63de234a544dcedb6/w500.jpg"
        },
        {
            "name": "Bayonetta Origins: Cereza and the Lost Demon",
            "link": "https://www.dekudeals.com/items/bayonetta-origins-cereza-and-the-lost-demon",
            "added_at": "2024-03-26T14:55:48+00:00",
            "format": "physical",
            "price_paid": 2400,
            "price_paid_currency": "EUR",
            "gamesize": " 3.197 GB",
            "image": "https://cdn.dekudeals.com/images/fe6a910d4d83a2096c7c32a25d52eeb7ea8b2ea3/w500.jpg"
        },
        {
            "name": "Blazing Beaks",
            "link": "https://www.dekudeals.com/items/blazing-beaks",
            "added_at": "2021-01-28T09:07:41+00:00",
            "format": "digital",
            "price_paid": 200,
            "price_paid_currency": "EUR",
            "gamesize": " 508 MB",
            "image": "https://cdn.dekudeals.com/images/c83b83d8a711fd15a32de2735e3a9ed0fc47128c/w500.jpg"
        },
        {
            "name": "Bleed Complete Bundle",
            "link": "https://www.dekudeals.com/items/bleed-complete-bundle",
            "added_at": "2021-03-31T16:19:23+00:00",
            "format": "digital",
            "price_paid": 399,
            "price_paid_currency": "EUR",
            "gamesize": " 406 MB",
            "image": "https://cdn.dekudeals.com/images/19171772068cdafb4191b98ffd6e265ee309c895/w500.jpg"
        },
        {
            "name": "Bloodstained: Ritual of the Night",
            "link": "https://www.dekudeals.com/items/bloodstained-ritual-of-the-night",
            "added_at": "2021-01-28T09:17:07+00:00",
            "status": "abandoned",
            "format": "physical",
            "price_paid": 1400,
            "price_paid_currency": "EUR",
            "note": "#Currently stuck at Bloodless >< ...",
            "rating": 4,
            "gamesize": " 13.604 GB",
            "image": "https://cdn.dekudeals.com/images/a80255b69256f88b43649692d3871eea107a8a5a/w500.jpg"
        },
        {
            "name": "Blue Fire",
            "link": "https://www.dekudeals.com/items/blue-fire",
            "added_at": "2023-08-07T11:58:36+00:00",
            "format": "digital",
            "price_paid": 679,
            "price_paid_currency": "EUR",
            "note": "@Wisteria",
            "gamesize": " 5.102 GB",
            "image": "https://cdn.dekudeals.com/images/b2077266243d753e3e99d9e5496e780fac6f72c3/w500.jpg"
        },
        {
            "name": "Burnout Paradise Remastered",
            "link": "https://www.dekudeals.com/items/burnout-paradise-remastered",
            "added_at": "2021-01-28T09:06:32+00:00",
            "format": "physical",
            "price_paid": 2000,
            "price_paid_currency": "EUR",
            "note": "OnlineCap",
            "rating": 3,
            "gamesize": " 3.994 GB",
            "image": "https://cdn.dekudeals.com/images/f948a509c1b394b8f64bdb2467f9236136eb3796/w500.jpg"
        },
        {
            "name": "Clubhouse Games: 51 Worldwide Classics",
            "link": "https://www.dekudeals.com/items/clubhouse-games-51-worldwide-classics",
            "added_at": "2021-01-28T09:05:38+00:00",
            "status": "completed",
            "format": "physical",
            "price_paid": 3500,
            "price_paid_currency": "EUR",
            "note": "Darts&Bowling being only 2P is sad\n\n\ud83d\udce6\nOnlineCap\nEssential ",
            "rating": 4,
            "gamesize": " 2.328 GB",
            "image": "https://cdn.dekudeals.com/images/f5a94c26bea2e31fe5c87b221f1ca686744f2c7c/w500.jpg"
        },
        {
            "name": "Conduct TOGETHER!",
            "link": "https://www.dekudeals.com/items/conduct-together",
            "added_at": "2021-02-02T19:06:26+00:00",
            "format": "digital",
            "price_paid": 199,
            "price_paid_currency": "EUR",
            "gamesize": " 495 MB",
            "image": "https://cdn.dekudeals.com/images/aea73cdf08f9bd3077950a7a87a59716b70ced6e/w500.jpg"
        },
        {
            "name": "Contra Anniversary Collection",
            "link": "https://www.dekudeals.com/items/contra-anniversary-collection",
            "added_at": "2021-01-28T09:08:52+00:00",
            "format": "digital",
            "price_paid": 500,
            "price_paid_currency": "EUR",
            "gamesize": " 1.032 GB",
            "image": "https://cdn.dekudeals.com/images/a846fda2908ab2f2423ce6539a65f6db57d72f68/w500.jpg"
        },
        {
            "name": "CRISIS CORE \u2013FINAL FANTASY VII\u2013 REUNION",
            "link": "https://www.dekudeals.com/items/crisis-core-final-fantasy-vii-reunion",
            "added_at": "2023-09-27T20:31:29+00:00",
            "format": "physical",
            "price_paid": 2600,
            "price_paid_currency": "EUR",
            "gamesize": " 14.363 GB",
            "image": "https://cdn.dekudeals.com/images/2f72b39bfeb187a84a5428b47753f5280f397669/w500.jpg"
        },
        {
            "name": "CRYMACHINA",
            "link": "https://www.dekudeals.com/items/crymachina",
            "added_at": "2024-04-07T10:57:37+00:00",
            "format": "digital",
            "price_paid": 3200,
            "price_paid_currency": "EUR",
            "note": "Via ebay DLD Code",
            "gamesize": " 3.824 GB",
            "image": "https://cdn.dekudeals.com/images/a0c27d1e01aac853848aeca8d21b5f0194a9446a/w500.jpg"
        },
        {
            "name": "Death Road to Canada",
            "link": "https://www.dekudeals.com/items/death-road-to-canada",
            "added_at": "2021-02-24T16:55:28+00:00",
            "format": "digital",
            "price_paid": 749,
            "price_paid_currency": "EUR",
            "note": "PhysAvailAlso",
            "gamesize": " 210 MB",
            "image": "https://cdn.dekudeals.com/images/dde07c4954729519a69c76e84ca2ebd8cef39fe8/w500.jpg"
        },
        {
            "name": "Duke Nukem 3D: 20th Anniversary World Tour",
            "link": "https://www.dekudeals.com/items/duke-nukem-3d-20th-anniversary-world-tour",
            "added_at": "2021-01-28T09:08:37+00:00",
            "format": "digital",
            "price_paid": 500,
            "price_paid_currency": "EUR",
            "note": "OnlineCap",
            "gamesize": " 611 MB",
            "image": "https://cdn.dekudeals.com/images/65c4e97962e5bad368b81eddcb1b2508f7fc5210/w500.jpg"
        },
        {
            "name": "EA SPORTS FIFA 20 Nintendo Switch Legacy Edition",
            "link": "https://www.dekudeals.com/items/ea-sports-fifa-20-nintendo-switch-legacy-edition",
            "added_at": "2021-01-28T09:13:45+00:00",
            "format": "physical",
            "price_paid": 2000,
            "price_paid_currency": "EUR",
            "note": "OnlineCap",
            "gamesize": " 12.583 GB",
            "image": "https://cdn.dekudeals.com/images/f196243005a35b9d297f5660dffd651c3789df40/w500.jpg"
        },
        {
            "name": "Enter the Gungeon",
            "link": "https://www.dekudeals.com/items/enter-the-gungeon",
            "added_at": "2021-04-01T18:58:28+00:00",
            "format": "digital",
            "price_paid": 749,
            "price_paid_currency": "EUR",
            "note": "PhysAvailAlso",
            "gamesize": " 443 MB",
            "image": "https://cdn.dekudeals.com/images/3132f8a3b8a2e736dcb665bdb416432ab7d778ec/w500.jpg"
        },
        {
            "name": "Final Fantasy VII & Final Fantasy VIII Remastered Twin Pack",
            "link": "https://www.dekudeals.com/items/final-fantasy-vii-final-fantasy-viii-remastered-twin-pack",
            "added_at": "2021-01-28T09:06:53+00:00",
            "format": "physical",
            "price_paid": 3500,
            "price_paid_currency": "EUR",
            "note": "MSRP: unknown\n\ud83d\udce6",
            "gamesize": null,
            "image": "https://cdn.dekudeals.com/images/7b471605e122007d04d392ca2ea6749b890c6bc6/w500.jpg"
        },
        {
            "name": "FINAL FANTASY X/X-2 HD Remaster",
            "link": "https://www.dekudeals.com/items/final-fantasy-x-x-2-hd-remaster",
            "added_at": "2021-04-16T06:12:30+00:00",
            "status": "completed",
            "format": "physical",
            "price_paid": 2700,
            "price_paid_currency": "EUR",
            "note": "\ud83d\udce6",
            "gamesize": " 14.03 GB",
            "image": "https://cdn.dekudeals.com/images/9a68799ef99aaa13abc2ab0b52458381bc211668/w500.jpg"
        },
        {
            "name": "Freakout: Calamity TV Show",
            "link": "https://www.dekudeals.com/items/freakout-calamity-tv-show",
            "added_at": "2021-03-12T22:45:40+00:00",
            "format": "digital",
            "price_paid": 224,
            "price_paid_currency": "EUR",
            "note": "CauseItWasCheap",
            "gamesize": " 1.048 GB",
            "image": "https://cdn.dekudeals.com/images/3b642b2fba859667af9a144f09e9e8db36f83e94/w500.jpg"
        },
        {
            "name": "FUZE4 Nintendo Switch",
            "link": "https://www.dekudeals.com/items/fuze4-nintendo",
            "added_at": "2021-11-05T16:49:17+00:00",
            "format": "digital",
            "price_paid": 2000,
            "price_paid_currency": "EUR",
            "gamesize": " 4.254 GB",
            "image": "https://cdn.dekudeals.com/images/eaac4c8b9781560860263941ffe881dafda89357/w500.jpg"
        },
        {
            "name": "Gear.Club Unlimited",
            "link": "https://www.dekudeals.com/items/gear-club-unlimited",
            "added_at": "2021-03-22T19:00:40+00:00",
            "format": "digital",
            "price_paid": 298,
            "price_paid_currency": "EUR",
            "note": "PhysAvailAlso",
            "gamesize": " 6.833 GB",
            "image": "https://cdn.dekudeals.com/images/f91810860b4cadfbe2672a4488864fe33f691f61/w500.jpg"
        },
        {
            "name": "Ghost Trick: Phantom Detective",
            "link": "https://www.dekudeals.com/items/ghost-trick-phantom-detective",
            "added_at": "2023-03-19T13:08:00+00:00",
            "format": "physical",
            "price_paid": 4400,
            "price_paid_currency": "EUR",
            "note": "DigitalAlso",
            "gamesize": " 2.731 GB",
            "image": "https://cdn.dekudeals.com/images/beea39831d6699f24a687f22b99b40a48c45555b/w500.jpg"
        },
        {
            "name": "Grand Theft Auto: The Trilogy \u2013 The Definitive Edition",
            "link": "https://www.dekudeals.com/items/grand-theft-auto-the-trilogy-the-definitive-edition",
            "added_at": "2021-11-11T19:58:48+00:00",
            "status": "playing",
            "format": "digital",
            "price_paid": 5999,
            "price_paid_currency": "EUR",
            "note": "Essential (despite issues)",
            "rating": 4,
            "gamesize": " 22.683 GB",
            "image": "https://cdn.dekudeals.com/images/cd1cf6d210be334700048962735e16de297cf558/w500.jpg"
        },
        {
            "name": "The Great Ace Attorney Chronicles",
            "link": "https://www.dekudeals.com/items/the-great-ace-attorney-chronicles",
            "added_at": "2022-08-04T13:07:06+00:00",
            "format": "digital",
            "price_paid": 2479,
            "price_paid_currency": "EUR",
            "gamesize": " 3.462 GB",
            "image": "https://cdn.dekudeals.com/images/86c401a4a7d60c87f8ba0c9199857f25b2db4ddb/w500.jpg"
        },
        {
            "name": "GRID Autosport",
            "link": "https://www.dekudeals.com/items/grid-autosport",
            "added_at": "2021-04-01T14:23:26+00:00",
            "format": "digital",
            "price_paid": 1999,
            "price_paid_currency": "EUR",
            "note": "OnlineCap",
            "gamesize": " 6.593 GB",
            "image": "https://cdn.dekudeals.com/images/feffef90347af3b80076ad65a39232fa39d0d17a/w500.jpg"
        },
        {
            "name": "Haven",
            "link": "https://www.dekudeals.com/items/haven",
            "added_at": "2021-04-17T15:27:24+00:00",
            "status": "playing",
            "format": "digital",
            "price_paid": 1999,
            "price_paid_currency": "EUR",
            "note": "PhysAvailAlso  - Essential",
            "rating": 4,
            "gamesize": " 6.143 GB",
            "image": "https://cdn.dekudeals.com/images/c344f4f012a58b427bd910858bf174b7716e8443/w500.jpg"
        },
        {
            "name": "Immortals Fenyx Rising",
            "link": "https://www.dekudeals.com/items/immortals-fenyx-rising",
            "added_at": "2021-01-28T09:04:17+00:00",
            "format": "physical",
            "price_paid": 4000,
            "price_paid_currency": "EUR",
            "note": "Essential",
            "rating": 4,
            "gamesize": " 16.423 GB",
            "image": "https://cdn.dekudeals.com/images/e66469ac11233560b6b8c25d63c6be75c01ceedd/w500.jpg"
        },
        {
            "name": "Indivisible",
            "link": "https://www.dekudeals.com/items/indivisible",
            "added_at": "2022-09-19T16:47:02+00:00",
            "format": "digital",
            "price_paid": 749,
            "price_paid_currency": "EUR",
            "note": "MP + CauseItWasCheap\n\n\nHilarious 2d platformer with atb esque combat\n",
            "rating": 3,
            "gamesize": " 5.87 GB",
            "image": "https://cdn.dekudeals.com/images/26aba6ad851e5e724fd58c1f66d71b11d9be932d/w500.jpg"
        },
        {
            "name": "KINGDOM HEARTS - HD 1.5+2.5 ReMIX - Cloud Version",
            "link": "https://www.dekudeals.com/items/kingdom-hearts-hd-1-5-plus-2-5-remix-cloud-version",
            "added_at": "2022-12-21T14:05:09+00:00",
            "format": "digital",
            "price_paid": 2399,
            "price_paid_currency": "EUR",
            "note": "WINEPREFIX \"/run/media/mmcblk0p1/prefixes/khiii/pfx\" PROTON=\"/home/deck/.local/share/Steam/compatibilitytools.d/GE-Proton7-20\" ./mf-install.sh -proton\nVideoguide: https://m.youtube.com/watch?v=8K3QkvKC0UU\n https://pb.todon.de/@alcea/111376191661336740\n\nrebrand.ly/cloudgamingnothx",
            "gamesize": " 77 MB",
            "image": "https://cdn.dekudeals.com/images/0f1c5b6804f592f137f982b386455a1c4dccb0a2/w500.jpg"
        },
        {
            "name": "The Legend of Zelda: Tears of the Kingdom",
            "link": "https://www.dekudeals.com/items/the-legend-of-zelda-tears-of-the-kingdom",
            "added_at": "2023-05-12T15:30:34+00:00",
            "status": "playing",
            "format": "physical",
            "price_paid": 6399,
            "price_paid_currency": "EUR",
            "gamesize": " 16.313 GB",
            "image": "https://cdn.dekudeals.com/images/9c65828224579f5c6ddc07f62eb8df91f9283286/w500.jpg"
        },
        {
            "name": "LEGO CITY Undercover",
            "link": "https://www.dekudeals.com/items/lego-city-undercover",
            "added_at": "2021-01-28T09:07:09+00:00",
            "status": "completed",
            "format": "physical",
            "price_paid": 2900,
            "price_paid_currency": "EUR",
            "note": "\ud83d\udce6",
            "gamesize": " 7.614 GB",
            "image": "https://cdn.dekudeals.com/images/5945ca2006c30ba3c1fa6090c3c3cd0a9685d03b/w500.jpg"
        },
        {
            "name": "LEGRAND LEGACY: Tale of the Fatebounds",
            "link": "https://www.dekudeals.com/items/legrand-legacy-tale-of-the-fatebounds",
            "added_at": "2021-01-28T09:07:54+00:00",
            "format": "digital",
            "price_paid": 200,
            "price_paid_currency": "EUR",
            "gamesize": " 7.576 GB",
            "image": "https://cdn.dekudeals.com/images/3c8d8ecf7e3684403dc1b596290cd7ce7855b71b/w500.jpg"
        },
        {
            "name": "Mana Spark",
            "link": "https://www.dekudeals.com/items/mana-spark",
            "added_at": "2021-03-07T13:09:51+00:00",
            "format": "digital",
            "price_paid": 17,
            "price_paid_currency": "EUR",
            "note": "CauseItWasCheap",
            "gamesize": " 469 MB",
            "image": "https://cdn.dekudeals.com/images/af670094a2f18e45d3a54b30af4956ded3c4e3b1/w500.jpg"
        },
        {
            "name": "Mario Kart 8 Deluxe",
            "link": "https://www.dekudeals.com/items/mario-kart-8-deluxe",
            "added_at": "2023-08-25T14:23:35+00:00",
            "format": "physical",
            "price_paid": 3500,
            "price_paid_currency": "EUR",
            "note": "OnlineCapable",
            "gamesize": " 11.252 GB",
            "image": "https://cdn.dekudeals.com/images/7ae98b9b417e40b2ad6a9aef796da1512080bd3e/w500.jpg"
        },
        {
            "name": "Mario Tennis Aces",
            "link": "https://www.dekudeals.com/items/mario-tennis-aces",
            "added_at": "2024-03-26T14:56:06+00:00",
            "format": "physical",
            "price_paid": 2400,
            "price_paid_currency": "EUR",
            "gamesize": " 2.432 GB",
            "image": "https://cdn.dekudeals.com/images/68492e40a06697d10a6c4fe20b514ba94cc05d1d/w500.jpg"
        },
        {
            "name": "Mega Man Battle Network Legacy Collection",
            "link": "https://www.dekudeals.com/items/mega-man-battle-network-legacy-collection",
            "added_at": "2023-04-16T20:45:43+00:00",
            "status": "playing",
            "format": "physical",
            "price_paid": 5999,
            "price_paid_currency": "EUR",
            "note": "DigitalAlso\nOnline capable\nExcellent collection - GBA",
            "rating": 4,
            "gamesize": " 3.34 GB",
            "image": "https://cdn.dekudeals.com/images/8cc194230e0819a6beea6c1b717ecb5596d61d36/w500.jpg"
        },
        {
            "name": "Mega Man Zero/ZX Legacy Collection",
            "link": "https://www.dekudeals.com/items/mega-man-zero-zx-legacy-collection",
            "added_at": "2021-01-28T09:10:59+00:00",
            "format": "digital",
            "price_paid": 2000,
            "price_paid_currency": "EUR",
            "note": "PhysAvailAlso\nOnlineCap",
            "rating": 5,
            "gamesize": " 3.171 GB",
            "image": "https://cdn.dekudeals.com/images/5e2f2ce728f09ac071188c84fbb01fa5f10198e3/w500.jpg"
        },
        {
            "name": "Metroid Prime Remastered",
            "link": "https://www.dekudeals.com/items/metroid-prime-remastered",
            "added_at": "2023-02-10T13:54:28+00:00",
            "format": "digital",
            "price_paid": 3999,
            "price_paid_currency": "EUR",
            "rating": 4,
            "gamesize": " 6.77 GB",
            "image": "https://cdn.dekudeals.com/images/eb03d4349ae2434b315de9651dc44d7169167e3f/w500.jpg"
        },
        {
            "name": "Modern Combat Blackout",
            "link": "https://www.dekudeals.com/items/modern-combat-blackout",
            "added_at": "2023-04-07T16:24:27+00:00",
            "format": "digital",
            "price_paid": 199,
            "price_paid_currency": "EUR",
            "note": "( Also @Wisteria - eShop Account)\nBecause it was cheap\nOnline capable",
            "gamesize": " 4.028 GB",
            "image": "https://cdn.dekudeals.com/images/868b010476db9632e337319b4647a42fc00d31c8/w500.jpg"
        },
        {
            "name": "Monster Hunter Rise + Sunbreak",
            "link": "https://www.dekudeals.com/items/monster-hunter-rise-sunbreak",
            "added_at": "2023-12-10T05:41:49+00:00",
            "format": "digital",
            "price_paid": 2999,
            "price_paid_currency": "EUR",
            "note": "Online Capable",
            "gamesize": " 19.773 GB",
            "image": "https://cdn.dekudeals.com/images/fd84de5bfd5c6bf62ca974b181a0b72338dee281/w500.jpg"
        },
        {
            "name": "NEO: The World Ends with You",
            "link": "https://www.dekudeals.com/items/neo-the-world-ends-with-you",
            "added_at": "2023-07-31T12:41:59+00:00",
            "format": "physical",
            "price_paid": 2500,
            "price_paid_currency": "EUR",
            "gamesize": " 6.756 GB",
            "image": "https://cdn.dekudeals.com/images/299651d00fbfe7aee256846e883f2914c29fda9c/w500.jpg"
        },
        {
            "name": "NieR:Automata The End of YoRHa Edition",
            "link": "https://www.dekudeals.com/items/nier-automata-the-end-of-yorha-edition-switch",
            "added_at": "2022-12-09T00:38:05+00:00",
            "status": "completed",
            "format": "physical",
            "price_paid": 3999,
            "price_paid_currency": "EUR",
            "note": "DigitalAlso",
            "rating": 5,
            "gamesize": " 10.892 GB",
            "image": "https://cdn.dekudeals.com/images/ad82fcd7c1b6c26e1ef0ff0de1110b3f1db98959/w500.jpg"
        },
        {
            "name": "Notes",
            "link": "https://www.dekudeals.com/items/notes",
            "added_at": "2022-09-25T11:32:24+00:00",
            "status": "completed",
            "format": "digital",
            "price_paid": 99,
            "price_paid_currency": "EUR",
            "note": "Good for some handy data\nCauseItWasCheap",
            "gamesize": " 47 MB",
            "image": "https://cdn.dekudeals.com/images/428eee39614274c1d00147ad25fd0f3907681d8e/w500.jpg"
        },
        {
            "name": "Ori and the Blind Forest: Definitive Edition",
            "link": "https://www.dekudeals.com/items/ori-and-the-blind-forest-de",
            "added_at": "2023-04-30T07:32:11+00:00",
            "format": "digital",
            "price_paid": 499,
            "price_paid_currency": "EUR",
            "note": "Cause it was cheap (& is good)",
            "gamesize": " 3.513 GB",
            "image": "https://cdn.dekudeals.com/images/c4525d01f28b43f119f5559d9a82ef7dcd2adf05/w500.jpg"
        },
        {
            "name": "Pascal's Wager: Definitive Edition",
            "link": "https://www.dekudeals.com/items/pascals-wager-definitive-edition-switch",
            "added_at": "2022-08-02T19:33:40+00:00",
            "format": "digital",
            "price_paid": 1999,
            "price_paid_currency": "EUR",
            "gamesize": " 7.605 GB",
            "image": "https://cdn.dekudeals.com/images/204f7f145ebe88796f3adc7dbceb97a4695e1f3a/w500.jpg"
        },
        {
            "name": "Persona 5 Royal",
            "link": "https://www.dekudeals.com/items/persona5-royal",
            "added_at": "2022-12-09T00:38:17+00:00",
            "status": "abandoned",
            "format": "physical",
            "price_paid": 4800,
            "price_paid_currency": "EUR",
            "gamesize": " 14.229 GB",
            "image": "https://cdn.dekudeals.com/images/d1e08cc5879a9b484fb918c631aa24fb8d22c3b9/w500.jpg"
        },
        {
            "name": "Phoenix Wright: Ace Attorney Trilogy",
            "link": "https://www.dekudeals.com/items/phoenix-wright-ace-attorney-trilogy",
            "added_at": "2023-11-23T15:32:27+00:00",
            "format": "digital",
            "price_paid": 989,
            "price_paid_currency": "EUR",
            "gamesize": " 2.238 GB",
            "image": "https://cdn.dekudeals.com/images/a7ee98ec6210826587d2f4926d3774117fd7f58a/w500.jpg"
        },
        {
            "name": "Pocket Mini Golf",
            "link": "https://www.dekudeals.com/items/pocket-mini-golf",
            "added_at": "2021-01-28T09:08:06+00:00",
            "format": "digital",
            "price_paid": 100,
            "price_paid_currency": "EUR",
            "note": "CauseItWasCheap",
            "gamesize": " 382 MB",
            "image": "https://cdn.dekudeals.com/images/bcd7008fbd2ddb3e912ffbadf0bcbf3f78448b46/w500.jpg"
        },
        {
            "name": "Pok\u00e9mon Scarlet",
            "link": "https://www.dekudeals.com/items/pokemon-scarlet",
            "added_at": "2022-12-03T14:20:57+00:00",
            "format": "physical",
            "price_paid": 3000,
            "price_paid_currency": "EUR",
            "gamesize": " 9.939 GB",
            "image": "https://cdn.dekudeals.com/images/03875e62ef9aec7d4f0028d8abb13d698a078e55/w500.jpg"
        },
        {
            "name": "Pok\u00e9mon Shining Pearl",
            "link": "https://www.dekudeals.com/items/pokemon-shining-pearl",
            "added_at": "2022-09-10T04:41:52+00:00",
            "format": "physical",
            "price_paid": 4000,
            "price_paid_currency": "EUR",
            "note": "Only Pkmn with full Gen 1-4 Roster\nProbably the last good Pkmn game\n\nhttps://m.youtube.com/watch?v=FtYdnwBXp8M&list=PLHACfIDFF66rhd6lplzOG_5oOs-ugb8gd&index=7",
            "rating": 4,
            "gamesize": " 6.854 GB",
            "image": "https://cdn.dekudeals.com/images/5eee5b00589283c2d648b4967e095e6a6c5240b8/w500.jpg"
        },
        {
            "name": "Police Stories",
            "link": "https://www.dekudeals.com/items/police-stories",
            "added_at": "2022-12-31T20:52:08+00:00",
            "format": "digital",
            "price_paid": 299,
            "price_paid_currency": "EUR",
            "gamesize": " 442 MB",
            "image": "https://cdn.dekudeals.com/images/8dd5cdddcb005c9b7929064c7eb48fffb3554b39/w500.jpg"
        },
        {
            "name": "Portal: Companion Collection",
            "link": "https://www.dekudeals.com/items/portal-companion-collection",
            "added_at": "2022-06-30T10:13:44+00:00",
            "format": "digital",
            "price_paid": 1899,
            "price_paid_currency": "EUR",
            "note": "CauseItIsNecessary\nEssential",
            "rating": 3,
            "gamesize": " 10.02 GB",
            "image": "https://cdn.dekudeals.com/images/375d0b232e2467dc0825572e862ecdb635791746/w500.jpg"
        },
        {
            "name": "Q-YO Blaster",
            "link": "https://www.dekudeals.com/items/q-yo-blaster",
            "added_at": "2021-03-18T21:41:07+00:00",
            "format": "digital",
            "price_paid": 99,
            "price_paid_currency": "EUR",
            "note": "CauseItWasCheap",
            "gamesize": " 200 MB",
            "image": "https://cdn.dekudeals.com/images/61f012b86e5612d67342eaa4527c556ebcc4c802/w500.jpg"
        },
        {
            "name": "Resident Evil Revelations 2",
            "link": "https://www.dekudeals.com/items/resident-evil-revelations-2",
            "added_at": "2021-01-28T09:04:05+00:00",
            "format": "digital",
            "price_paid": 800,
            "price_paid_currency": "EUR",
            "note": "PhysAvailAlso",
            "gamesize": " 23.66 GB",
            "image": "https://cdn.dekudeals.com/images/15dec9d048daaa860308bb0fece80a4f3efeaa58/w500.jpg"
        },
        {
            "name": "Risen",
            "link": "https://www.dekudeals.com/items/risen-1",
            "added_at": "2023-09-13T14:25:34+00:00",
            "format": "physical",
            "price_paid": 2300,
            "price_paid_currency": "EUR",
            "gamesize": " 5.007 GB",
            "image": "https://cdn.dekudeals.com/images/d9a29bcd5bebfce0d0c7d6e1485974ab75c5aaed/w500.jpg"
        },
        {
            "name": "RIVE: Ultimate Edition",
            "link": "https://www.dekudeals.com/items/rive-ultimate-edition",
            "added_at": "2021-02-24T16:46:57+00:00",
            "format": "digital",
            "price_paid": 149,
            "price_paid_currency": "EUR",
            "note": "CauseItWasCheap",
            "gamesize": " 861 MB",
            "image": "https://cdn.dekudeals.com/images/d6f0589670bb03ad8a4d5694f6f6cd309cb50b39/w500.jpg"
        },
        {
            "name": "Saints Row IV: Re-Elected",
            "link": "https://www.dekudeals.com/items/saints-row-4-re-elected",
            "added_at": "2021-01-28T09:11:10+00:00",
            "status": "completed",
            "format": "digital",
            "price_paid": 2000,
            "price_paid_currency": "EUR",
            "note": "PhysAvailAlso\nOnlineCap",
            "rating": 3,
            "gamesize": " 8.561 GB",
            "image": "https://cdn.dekudeals.com/images/181152c53b512a02db22f6876e0eb41fc0fe14a0/w500.jpg"
        },
        {
            "name": "SAINTS ROW: THE THIRD - THE FULL PACKAGE",
            "link": "https://www.dekudeals.com/items/saints-row-the-third-the-full-package",
            "added_at": "2021-08-17T21:02:18+00:00",
            "status": "completed",
            "format": "digital",
            "price_paid": 1399,
            "price_paid_currency": "EUR",
            "note": "PhysAvailAlso\nOnlineCap",
            "rating": 4,
            "gamesize": " 7.173 GB",
            "image": "https://cdn.dekudeals.com/images/bf344c9f72653adaa18136e75ff0aa8d70533841/w500.jpg"
        },
        {
            "name": "Sniper Elite 4",
            "link": "https://www.dekudeals.com/items/sniper-elite-4",
            "added_at": "2023-04-24T17:29:50+00:00",
            "format": "digital",
            "price_paid": 1359,
            "price_paid_currency": "EUR",
            "note": "Online Capable\n\n(Again) Cause it was cheap",
            "gamesize": " 6.158 GB",
            "image": "https://cdn.dekudeals.com/images/0dc854e064d4a896d52613cc67cd9e57f8ffcdb4/w500.jpg"
        },
        {
            "name": "SONIC FORCES",
            "link": "https://www.dekudeals.com/items/sonic-forces",
            "added_at": "2022-04-29T11:23:20+00:00",
            "format": "digital",
            "price_paid": 999,
            "price_paid_currency": "EUR",
            "rating": 2,
            "gamesize": " 6.633 GB",
            "image": "https://cdn.dekudeals.com/images/337668cc66acee87371a4833ad53fda9ad2406eb/w500.jpg"
        },
        {
            "name": "Sonic Frontiers",
            "link": "https://www.dekudeals.com/items/sonic-frontiers-switch",
            "added_at": "2022-11-26T14:50:37+00:00",
            "format": "physical",
            "price_paid": 4000,
            "price_paid_currency": "EUR",
            "gamesize": " 15.273 GB",
            "image": "https://cdn.dekudeals.com/images/79a45bdb78c253d49dd11d1861336a098c7870f6/w500.jpg"
        },
        {
            "name": "Spinny's Journey",
            "link": "https://www.dekudeals.com/items/spinnys-journey",
            "added_at": "2021-04-17T18:39:05+00:00",
            "format": "digital",
            "price_paid": 839,
            "price_paid_currency": "EUR",
            "gamesize": " 472 MB",
            "image": "https://cdn.dekudeals.com/images/1e798b97b3f26b2b0bc77e1789fba431969a5255/w500.jpg"
        },
        {
            "name": "Splatoon 3",
            "link": "https://www.dekudeals.com/items/splatoon-3",
            "added_at": "2024-02-21T18:33:22+00:00",
            "format": "digital",
            "price_paid": 3999,
            "price_paid_currency": "EUR",
            "note": "Will never be cheaper digitally",
            "gamesize": " 8.26 GB",
            "image": "https://cdn.dekudeals.com/images/91489e5764e9c5ee503ba851af0dc29a51186b8b/w500.jpg"
        },
        {
            "name": "Stardew Valley",
            "link": "https://www.dekudeals.com/items/stardew-valley",
            "added_at": "2021-08-08T08:18:11+00:00",
            "format": "digital",
            "price_paid": 899,
            "price_paid_currency": "EUR",
            "note": "CauseItWasCheap",
            "gamesize": " 1.48 GB",
            "image": "https://cdn.dekudeals.com/images/52f020e169577317d92dbd5c0c7c7c747262c4ee/w500.jpg"
        },
        {
            "name": "Super Arcade Soccer",
            "link": "https://www.dekudeals.com/items/super-arcade-soccer",
            "added_at": "2023-08-07T12:00:31+00:00",
            "format": "digital",
            "price_paid": 104,
            "price_paid_currency": "EUR",
            "note": "@Wisteria",
            "gamesize": " 235 MB",
            "image": "https://cdn.dekudeals.com/images/94d084575f55ff42f9df061bb05ceb5cd6b4d4ef/w500.jpg"
        },
        {
            "name": "Super Bomberman R",
            "link": "https://www.dekudeals.com/items/super-bomberman-r",
            "added_at": "2021-04-02T20:31:08+00:00",
            "format": "digital",
            "price_paid": 749,
            "price_paid_currency": "EUR",
            "note": "PhysAvailAlso\nOnlineCap",
            "gamesize": " 3.839 GB",
            "image": "https://cdn.dekudeals.com/images/3d33a9bae35f5cbb182dc5ba5aa5ffa113e7dc44/w500.jpg"
        },
        {
            "name": "Super Chariot",
            "link": "https://www.dekudeals.com/items/super-chariot",
            "added_at": "2021-02-04T21:37:26+00:00",
            "format": "digital",
            "price_paid": 149,
            "price_paid_currency": "EUR",
            "note": "PhysAvailAlso",
            "gamesize": " 700 MB",
            "image": "https://cdn.dekudeals.com/images/7b6c109c450dc1ead52b0330b0683dd617dc52dd/w500.jpg"
        },
        {
            "name": "Super Smash Bros. Ultimate",
            "link": "https://www.dekudeals.com/items/super-smash-bros-ultimate",
            "added_at": "2023-08-25T14:23:59+00:00",
            "format": "physical",
            "price_paid": 3000,
            "price_paid_currency": "EUR",
            "note": "OnlineCapable",
            "gamesize": " 17.308 GB",
            "image": "https://cdn.dekudeals.com/images/39c52595f9a6cfc29d26ea41e9e0ac6e1aa5d2c5/w500.jpg"
        },
        {
            "name": "Super Toy Cars",
            "link": "https://www.dekudeals.com/items/super-toy-cars",
            "added_at": "2021-05-14T11:27:49+00:00",
            "format": "digital",
            "price_paid": 99,
            "price_paid_currency": "EUR",
            "note": "CauseItWasCheap",
            "gamesize": " 613 MB",
            "image": "https://cdn.dekudeals.com/images/5398171184abc139db63c7909f017346bb317aaf/w500.jpg"
        },
        {
            "name": "SWORD ART ONLINE: FATAL BULLET Complete Edition",
            "link": "https://www.dekudeals.com/items/sword-art-online-fatal-bullet-complete-edition",
            "added_at": "2022-06-10T23:15:12+00:00",
            "format": "digital",
            "price_paid": 899,
            "price_paid_currency": "EUR",
            "note": "Essential\nOn linencap",
            "rating": 3,
            "gamesize": " 8.786 GB",
            "image": "https://cdn.dekudeals.com/images/179bcf0fd12282fa0d1e760d77236c0e50a92bed/w500.jpg"
        },
        {
            "name": "Tales of Vesperia: Definitive Edition",
            "link": "https://www.dekudeals.com/items/tales-of-vesperia-definitive-edition",
            "added_at": "2021-04-24T19:56:32+00:00",
            "status": "abandoned",
            "format": "digital",
            "price_paid": 1249,
            "price_paid_currency": "EUR",
            "note": "PhysAvailAlso\n\n(stuck) 17.9.21 The Dragon on the Mountain https://m.youtube.com/watch?v=HsUDRxigaBk\n",
            "gamesize": " 13.105 GB",
            "image": "https://cdn.dekudeals.com/images/0374e96032c5095b2a9166e9397f4ca6e675d043/w500.jpg"
        },
        {
            "name": "Thief Simulator",
            "link": "https://www.dekudeals.com/items/thief-simulator",
            "added_at": "2021-01-28T09:07:26+00:00",
            "status": "completed",
            "format": "digital",
            "price_paid": 200,
            "price_paid_currency": "EUR",
            "note": "Most fun \"simulator\" yet\n\nCauseItWasCheap",
            "gamesize": " 2.974 GB",
            "image": "https://cdn.dekudeals.com/images/4652263187e20ab0e602daa17887ccbe3ed2e0c3/w500.jpg"
        },
        {
            "name": "Timespinner",
            "link": "https://www.dekudeals.com/items/timespinner",
            "added_at": "2021-01-28T09:08:22+00:00",
            "format": "digital",
            "price_paid": 1000,
            "price_paid_currency": "EUR",
            "note": "PhysAvailAlso",
            "gamesize": " 452 MB",
            "image": "https://cdn.dekudeals.com/images/eb6fa673aecc3748a112c30ee1f851d3adfd2b9b/w500.jpg"
        },
        {
            "name": "Tony Hawk's Pro Skater 1 + 2",
            "link": "https://www.dekudeals.com/items/tony-hawks-pro-skater-1-plus-2",
            "added_at": "2023-01-06T13:05:51+00:00",
            "format": "digital",
            "price_paid": 1799,
            "price_paid_currency": "EUR",
            "note": "Cause it was cheap\n+ multiplayer\n+ online stage builder",
            "gamesize": " 12.27 GB",
            "image": "https://cdn.dekudeals.com/images/8409aef962bea708f0143ba0741a79a6f7f88207/w500.jpg"
        },
        {
            "name": "Worms W.M.D",
            "link": "https://www.dekudeals.com/items/worms-wmd",
            "added_at": "2021-05-28T10:05:49+00:00",
            "format": "digital",
            "price_paid": 749,
            "price_paid_currency": "EUR",
            "note": "OnlineCap",
            "gamesize": " 5.035 GB",
            "image": "https://cdn.dekudeals.com/images/c50af084d22e4a15f9ca4baab765a87f1e66878d/w500.jpg"
        },
        {
            "name": "Yooka-Laylee",
            "link": "https://www.dekudeals.com/items/yooka-laylee",
            "added_at": "2021-02-13T15:11:09+00:00",
            "format": "digital",
            "price_paid": 999,
            "price_paid_currency": "EUR",
            "note": "PhysAvailAlso",
            "gamesize": " 8.132 GB",
            "image": "https://cdn.dekudeals.com/images/8a45fc008706451ff7bdd920da2a3a10fb419e7c/w500.jpg"
        },
        {
            "name": "Yu-Gi-Oh! Legacy of the Duelist: Link Evolution",
            "link": "https://www.dekudeals.com/items/yu-gi-oh-legacy-of-the-duelist-link-evolution",
            "added_at": "2021-02-28T17:44:12+00:00",
            "status": "completed",
            "format": "digital",
            "price_paid": 1599,
            "price_paid_currency": "EUR",
            "note": "PhysAvailAlso\nOnlineCap",
            "rating": 4,
            "gamesize": " 1.712 GB",
            "image": "https://cdn.dekudeals.com/images/c844911f7b8bdb40db30064acc5b2c7bd0b420b2/w500.jpg"
        },
        {
            "name": "Yu-Gi-Oh! Master Duel",
            "link": "https://www.dekudeals.com/items/yu-gi-oh-master-duel",
            "added_at": "2023-05-07T07:27:22+00:00",
            "status": "playing",
            "format": "digital",
            "price_paid": 0,
            "price_paid_currency": "EUR",
            "note": "1Aoi9 872-167-114",
            "gamesize": " 5.574 GB",
            "image": "https://cdn.dekudeals.com/images/e3a78c1c4ec29cd2f88eedf2e688f35318cb38d3/w500.jpg"
        }
    ]
}