<?xml version="1.0" encoding="UTF-8" ?>
		<!--
		 Created by XML Export feature at MyAnimeList.net
		 Version 1.1.0
		-->
		
		<myanimelist>
		
			<myinfo>
				<user_id>17864648</user_id>
				<user_name>Alceawisteria</user_name>
				<user_export_type>1</user_export_type>
				<user_total_anime>46</user_total_anime>
				<user_total_watching>5</user_total_watching>
				<user_total_completed>38</user_total_completed>
				<user_total_onhold>0</user_total_onhold>
				<user_total_dropped>3</user_total_dropped>
				<user_total_plantowatch>0</user_total_plantowatch>
			</myinfo>
		
		
				<anime>
					<series_animedb_id>31580</series_animedb_id>
					<series_title><![CDATA[Ajin]]></series_title>
					<series_type>TV</series_type>
					<series_episodes>13</series_episodes>
					<my_id>0</my_id>
					<my_watched_episodes>13</my_watched_episodes>
					<my_start_date>0000-00-00</my_start_date>
					<my_finish_date>0000-00-00</my_finish_date>
					<my_rated></my_rated>
					<my_score>8</my_score>
					<my_storage></my_storage>
					<my_storage_value>0.00</my_storage_value>
					<my_status>Completed</my_status>
					<my_comments><![CDATA[]]></my_comments>
					<my_times_watched>0</my_times_watched>
					<my_rewatch_value></my_rewatch_value>
					<my_priority>LOW</my_priority>
					<my_tags><![CDATA[]]></my_tags>
					<my_rewatching>0</my_rewatching>
					<my_rewatching_ep>0</my_rewatching_ep>
					<my_discuss>1</my_discuss>
					<my_sns>default</my_sns>
					<update_on_import>0</update_on_import>
				</anime>
			
				<anime>
					<series_animedb_id>33253</series_animedb_id>
					<series_title><![CDATA[Ajin Part 2]]></series_title>
					<series_type>TV</series_type>
					<series_episodes>13</series_episodes>
					<my_id>0</my_id>
					<my_watched_episodes>13</my_watched_episodes>
					<my_start_date>0000-00-00</my_start_date>
					<my_finish_date>0000-00-00</my_finish_date>
					<my_rated></my_rated>
					<my_score>8</my_score>
					<my_storage></my_storage>
					<my_storage_value>0.00</my_storage_value>
					<my_status>Completed</my_status>
					<my_comments><![CDATA[]]></my_comments>
					<my_times_watched>0</my_times_watched>
					<my_rewatch_value></my_rewatch_value>
					<my_priority>LOW</my_priority>
					<my_tags><![CDATA[]]></my_tags>
					<my_rewatching>0</my_rewatching>
					<my_rewatching_ep>0</my_rewatching_ep>
					<my_discuss>1</my_discuss>
					<my_sns>default</my_sns>
					<update_on_import>0</update_on_import>
				</anime>
			
				<anime>
					<series_animedb_id>30123</series_animedb_id>
					<series_title><![CDATA[Akagami no Shirayuki-hime]]></series_title>
					<series_type>TV</series_type>
					<series_episodes>12</series_episodes>
					<my_id>0</my_id>
					<my_watched_episodes>0</my_watched_episodes>
					<my_start_date>0000-00-00</my_start_date>
					<my_finish_date>0000-00-00</my_finish_date>
					<my_rated></my_rated>
					<my_score>9</my_score>
					<my_storage></my_storage>
					<my_storage_value>0.00</my_storage_value>
					<my_status>Watching</my_status>
					<my_comments><![CDATA[]]></my_comments>
					<my_times_watched>0</my_times_watched>
					<my_rewatch_value></my_rewatch_value>
					<my_priority>LOW</my_priority>
					<my_tags><![CDATA[]]></my_tags>
					<my_rewatching>0</my_rewatching>
					<my_rewatching_ep>0</my_rewatching_ep>
					<my_discuss>1</my_discuss>
					<my_sns>default</my_sns>
					<update_on_import>0</update_on_import>
				</anime>
			
				<anime>
					<series_animedb_id>7193</series_animedb_id>
					<series_title><![CDATA[Aoi Bungaku Series]]></series_title>
					<series_type>TV</series_type>
					<series_episodes>12</series_episodes>
					<my_id>0</my_id>
					<my_watched_episodes>0</my_watched_episodes>
					<my_start_date>0000-00-00</my_start_date>
					<my_finish_date>0000-00-00</my_finish_date>
					<my_rated></my_rated>
					<my_score>2</my_score>
					<my_storage></my_storage>
					<my_storage_value>0.00</my_storage_value>
					<my_status>Dropped</my_status>
					<my_comments><![CDATA[]]></my_comments>
					<my_times_watched>0</my_times_watched>
					<my_rewatch_value></my_rewatch_value>
					<my_priority>LOW</my_priority>
					<my_tags><![CDATA[]]></my_tags>
					<my_rewatching>0</my_rewatching>
					<my_rewatching_ep>0</my_rewatching_ep>
					<my_discuss>1</my_discuss>
					<my_sns>default</my_sns>
					<update_on_import>0</update_on_import>
				</anime>
			
				<anime>
					<series_animedb_id>7674</series_animedb_id>
					<series_title><![CDATA[Bakuman.]]></series_title>
					<series_type>TV</series_type>
					<series_episodes>25</series_episodes>
					<my_id>0</my_id>
					<my_watched_episodes>0</my_watched_episodes>
					<my_start_date>0000-00-00</my_start_date>
					<my_finish_date>0000-00-00</my_finish_date>
					<my_rated></my_rated>
					<my_score>8</my_score>
					<my_storage></my_storage>
					<my_storage_value>0.00</my_storage_value>
					<my_status>Watching</my_status>
					<my_comments><![CDATA[]]></my_comments>
					<my_times_watched>0</my_times_watched>
					<my_rewatch_value></my_rewatch_value>
					<my_priority>LOW</my_priority>
					<my_tags><![CDATA[]]></my_tags>
					<my_rewatching>0</my_rewatching>
					<my_rewatching_ep>0</my_rewatching_ep>
					<my_discuss>1</my_discuss>
					<my_sns>default</my_sns>
					<update_on_import>0</update_on_import>
				</anime>
			
				<anime>
					<series_animedb_id>28999</series_animedb_id>
					<series_title><![CDATA[Charlotte]]></series_title>
					<series_type>TV</series_type>
					<series_episodes>13</series_episodes>
					<my_id>0</my_id>
					<my_watched_episodes>13</my_watched_episodes>
					<my_start_date>0000-00-00</my_start_date>
					<my_finish_date>0000-00-00</my_finish_date>
					<my_rated></my_rated>
					<my_score>8</my_score>
					<my_storage></my_storage>
					<my_storage_value>0.00</my_storage_value>
					<my_status>Completed</my_status>
					<my_comments><![CDATA[]]></my_comments>
					<my_times_watched>0</my_times_watched>
					<my_rewatch_value></my_rewatch_value>
					<my_priority>LOW</my_priority>
					<my_tags><![CDATA[]]></my_tags>
					<my_rewatching>0</my_rewatching>
					<my_rewatching_ep>0</my_rewatching_ep>
					<my_discuss>1</my_discuss>
					<my_sns>default</my_sns>
					<update_on_import>0</update_on_import>
				</anime>
			
				<anime>
					<series_animedb_id>1535</series_animedb_id>
					<series_title><![CDATA[Death Note]]></series_title>
					<series_type>TV</series_type>
					<series_episodes>37</series_episodes>
					<my_id>0</my_id>
					<my_watched_episodes>37</my_watched_episodes>
					<my_start_date>0000-00-00</my_start_date>
					<my_finish_date>0000-00-00</my_finish_date>
					<my_rated></my_rated>
					<my_score>8</my_score>
					<my_storage></my_storage>
					<my_storage_value>0.00</my_storage_value>
					<my_status>Completed</my_status>
					<my_comments><![CDATA[]]></my_comments>
					<my_times_watched>0</my_times_watched>
					<my_rewatch_value></my_rewatch_value>
					<my_priority>LOW</my_priority>
					<my_tags><![CDATA[]]></my_tags>
					<my_rewatching>0</my_rewatching>
					<my_rewatching_ep>0</my_rewatching_ep>
					<my_discuss>1</my_discuss>
					<my_sns>default</my_sns>
					<update_on_import>0</update_on_import>
				</anime>
			
				<anime>
					<series_animedb_id>122</series_animedb_id>
					<series_title><![CDATA[Full Moon wo Sagashite]]></series_title>
					<series_type>TV</series_type>
					<series_episodes>52</series_episodes>
					<my_id>0</my_id>
					<my_watched_episodes>52</my_watched_episodes>
					<my_start_date>0000-00-00</my_start_date>
					<my_finish_date>0000-00-00</my_finish_date>
					<my_rated></my_rated>
					<my_score>10</my_score>
					<my_storage></my_storage>
					<my_storage_value>0.00</my_storage_value>
					<my_status>Completed</my_status>
					<my_comments><![CDATA[]]></my_comments>
					<my_times_watched>0</my_times_watched>
					<my_rewatch_value></my_rewatch_value>
					<my_priority>LOW</my_priority>
					<my_tags><![CDATA[]]></my_tags>
					<my_rewatching>0</my_rewatching>
					<my_rewatching_ep>0</my_rewatching_ep>
					<my_discuss>1</my_discuss>
					<my_sns>default</my_sns>
					<update_on_import>0</update_on_import>
				</anime>
			
				<anime>
					<series_animedb_id>8425</series_animedb_id>
					<series_title><![CDATA[Gosick]]></series_title>
					<series_type>TV</series_type>
					<series_episodes>24</series_episodes>
					<my_id>0</my_id>
					<my_watched_episodes>24</my_watched_episodes>
					<my_start_date>0000-00-00</my_start_date>
					<my_finish_date>0000-00-00</my_finish_date>
					<my_rated></my_rated>
					<my_score>7</my_score>
					<my_storage></my_storage>
					<my_storage_value>0.00</my_storage_value>
					<my_status>Completed</my_status>
					<my_comments><![CDATA[]]></my_comments>
					<my_times_watched>0</my_times_watched>
					<my_rewatch_value></my_rewatch_value>
					<my_priority>LOW</my_priority>
					<my_tags><![CDATA[]]></my_tags>
					<my_rewatching>0</my_rewatching>
					<my_rewatching_ep>0</my_rewatching_ep>
					<my_discuss>1</my_discuss>
					<my_sns>default</my_sns>
					<update_on_import>0</update_on_import>
				</anime>
			
				<anime>
					<series_animedb_id>55597</series_animedb_id>
					<series_title><![CDATA[Hananoi-kun to Koi no Yamai]]></series_title>
					<series_type>TV</series_type>
					<series_episodes>12</series_episodes>
					<my_id>0</my_id>
					<my_watched_episodes>12</my_watched_episodes>
					<my_start_date>0000-00-00</my_start_date>
					<my_finish_date>0000-00-00</my_finish_date>
					<my_rated></my_rated>
					<my_score>9</my_score>
					<my_storage></my_storage>
					<my_storage_value>0.00</my_storage_value>
					<my_status>Completed</my_status>
					<my_comments><![CDATA[]]></my_comments>
					<my_times_watched>0</my_times_watched>
					<my_rewatch_value></my_rewatch_value>
					<my_priority>LOW</my_priority>
					<my_tags><![CDATA[]]></my_tags>
					<my_rewatching>0</my_rewatching>
					<my_rewatching_ep>0</my_rewatching_ep>
					<my_discuss>1</my_discuss>
					<my_sns>default</my_sns>
					<update_on_import>0</update_on_import>
				</anime>
			
				<anime>
					<series_animedb_id>33899</series_animedb_id>
					<series_title><![CDATA[IDOLiSH7]]></series_title>
					<series_type>TV</series_type>
					<series_episodes>17</series_episodes>
					<my_id>0</my_id>
					<my_watched_episodes>0</my_watched_episodes>
					<my_start_date>0000-00-00</my_start_date>
					<my_finish_date>0000-00-00</my_finish_date>
					<my_rated></my_rated>
					<my_score>9</my_score>
					<my_storage></my_storage>
					<my_storage_value>0.00</my_storage_value>
					<my_status>Watching</my_status>
					<my_comments><![CDATA[]]></my_comments>
					<my_times_watched>0</my_times_watched>
					<my_rewatch_value></my_rewatch_value>
					<my_priority>LOW</my_priority>
					<my_tags><![CDATA[]]></my_tags>
					<my_rewatching>0</my_rewatching>
					<my_rewatching_ep>0</my_rewatching_ep>
					<my_discuss>1</my_discuss>
					<my_sns>default</my_sns>
					<update_on_import>0</update_on_import>
				</anime>
			
				<anime>
					<series_animedb_id>40787</series_animedb_id>
					<series_title><![CDATA[Josee to Tora to Sakana-tachi]]></series_title>
					<series_type>Movie</series_type>
					<series_episodes>1</series_episodes>
					<my_id>0</my_id>
					<my_watched_episodes>1</my_watched_episodes>
					<my_start_date>0000-00-00</my_start_date>
					<my_finish_date>0000-00-00</my_finish_date>
					<my_rated></my_rated>
					<my_score>10</my_score>
					<my_storage></my_storage>
					<my_storage_value>0.00</my_storage_value>
					<my_status>Completed</my_status>
					<my_comments><![CDATA[]]></my_comments>
					<my_times_watched>0</my_times_watched>
					<my_rewatch_value></my_rewatch_value>
					<my_priority>LOW</my_priority>
					<my_tags><![CDATA[]]></my_tags>
					<my_rewatching>0</my_rewatching>
					<my_rewatching_ep>0</my_rewatching_ep>
					<my_discuss>1</my_discuss>
					<my_sns>default</my_sns>
					<update_on_import>0</update_on_import>
				</anime>
			
				<anime>
					<series_animedb_id>24909</series_animedb_id>
					<series_title><![CDATA[Kaitou Joker]]></series_title>
					<series_type>TV</series_type>
					<series_episodes>13</series_episodes>
					<my_id>0</my_id>
					<my_watched_episodes>13</my_watched_episodes>
					<my_start_date>0000-00-00</my_start_date>
					<my_finish_date>0000-00-00</my_finish_date>
					<my_rated></my_rated>
					<my_score>6</my_score>
					<my_storage></my_storage>
					<my_storage_value>0.00</my_storage_value>
					<my_status>Completed</my_status>
					<my_comments><![CDATA[]]></my_comments>
					<my_times_watched>0</my_times_watched>
					<my_rewatch_value></my_rewatch_value>
					<my_priority>LOW</my_priority>
					<my_tags><![CDATA[]]></my_tags>
					<my_rewatching>0</my_rewatching>
					<my_rewatching_ep>0</my_rewatching_ep>
					<my_discuss>1</my_discuss>
					<my_sns>default</my_sns>
					<update_on_import>0</update_on_import>
				</anime>
			
				<anime>
					<series_animedb_id>142</series_animedb_id>
					<series_title><![CDATA[Kamikaze Kaitou Jeanne]]></series_title>
					<series_type>TV</series_type>
					<series_episodes>44</series_episodes>
					<my_id>0</my_id>
					<my_watched_episodes>44</my_watched_episodes>
					<my_start_date>0000-00-00</my_start_date>
					<my_finish_date>0000-00-00</my_finish_date>
					<my_rated></my_rated>
					<my_score>10</my_score>
					<my_storage></my_storage>
					<my_storage_value>0.00</my_storage_value>
					<my_status>Completed</my_status>
					<my_comments><![CDATA[]]></my_comments>
					<my_times_watched>0</my_times_watched>
					<my_rewatch_value></my_rewatch_value>
					<my_priority>LOW</my_priority>
					<my_tags><![CDATA[]]></my_tags>
					<my_rewatching>0</my_rewatching>
					<my_rewatching_ep>0</my_rewatching_ep>
					<my_discuss>1</my_discuss>
					<my_sns>default</my_sns>
					<update_on_import>0</update_on_import>
				</anime>
			
				<anime>
					<series_animedb_id>18679</series_animedb_id>
					<series_title><![CDATA[Kill la Kill]]></series_title>
					<series_type>TV</series_type>
					<series_episodes>24</series_episodes>
					<my_id>0</my_id>
					<my_watched_episodes>24</my_watched_episodes>
					<my_start_date>0000-00-00</my_start_date>
					<my_finish_date>0000-00-00</my_finish_date>
					<my_rated></my_rated>
					<my_score>5</my_score>
					<my_storage></my_storage>
					<my_storage_value>0.00</my_storage_value>
					<my_status>Completed</my_status>
					<my_comments><![CDATA[]]></my_comments>
					<my_times_watched>0</my_times_watched>
					<my_rewatch_value></my_rewatch_value>
					<my_priority>LOW</my_priority>
					<my_tags><![CDATA[]]></my_tags>
					<my_rewatching>0</my_rewatching>
					<my_rewatching_ep>0</my_rewatching_ep>
					<my_discuss>1</my_discuss>
					<my_sns>default</my_sns>
					<update_on_import>0</update_on_import>
				</anime>
			
				<anime>
					<series_animedb_id>31798</series_animedb_id>
					<series_title><![CDATA[Kiznaiver]]></series_title>
					<series_type>TV</series_type>
					<series_episodes>12</series_episodes>
					<my_id>0</my_id>
					<my_watched_episodes>12</my_watched_episodes>
					<my_start_date>0000-00-00</my_start_date>
					<my_finish_date>0000-00-00</my_finish_date>
					<my_rated></my_rated>
					<my_score>8</my_score>
					<my_storage></my_storage>
					<my_storage_value>0.00</my_storage_value>
					<my_status>Completed</my_status>
					<my_comments><![CDATA[]]></my_comments>
					<my_times_watched>0</my_times_watched>
					<my_rewatch_value></my_rewatch_value>
					<my_priority>LOW</my_priority>
					<my_tags><![CDATA[]]></my_tags>
					<my_rewatching>0</my_rewatching>
					<my_rewatching_ep>0</my_rewatching_ep>
					<my_discuss>1</my_discuss>
					<my_sns>default</my_sns>
					<update_on_import>0</update_on_import>
				</anime>
			
				<anime>
					<series_animedb_id>28851</series_animedb_id>
					<series_title><![CDATA[Koe no Katachi]]></series_title>
					<series_type>Movie</series_type>
					<series_episodes>1</series_episodes>
					<my_id>0</my_id>
					<my_watched_episodes>1</my_watched_episodes>
					<my_start_date>0000-00-00</my_start_date>
					<my_finish_date>0000-00-00</my_finish_date>
					<my_rated></my_rated>
					<my_score>10</my_score>
					<my_storage></my_storage>
					<my_storage_value>0.00</my_storage_value>
					<my_status>Completed</my_status>
					<my_comments><![CDATA[]]></my_comments>
					<my_times_watched>0</my_times_watched>
					<my_rewatch_value></my_rewatch_value>
					<my_priority>LOW</my_priority>
					<my_tags><![CDATA[]]></my_tags>
					<my_rewatching>0</my_rewatching>
					<my_rewatching_ep>0</my_rewatching_ep>
					<my_discuss>1</my_discuss>
					<my_sns>default</my_sns>
					<update_on_import>0</update_on_import>
				</anime>
			
				<anime>
					<series_animedb_id>32949</series_animedb_id>
					<series_title><![CDATA[Kuzu no Honkai]]></series_title>
					<series_type>TV</series_type>
					<series_episodes>12</series_episodes>
					<my_id>0</my_id>
					<my_watched_episodes>12</my_watched_episodes>
					<my_start_date>2018-00-00</my_start_date>
					<my_finish_date>0000-00-00</my_finish_date>
					<my_rated></my_rated>
					<my_score>7</my_score>
					<my_storage></my_storage>
					<my_storage_value>0.00</my_storage_value>
					<my_status>Completed</my_status>
					<my_comments><![CDATA[]]></my_comments>
					<my_times_watched>0</my_times_watched>
					<my_rewatch_value></my_rewatch_value>
					<my_priority>LOW</my_priority>
					<my_tags><![CDATA[]]></my_tags>
					<my_rewatching>0</my_rewatching>
					<my_rewatching_ep>0</my_rewatching_ep>
					<my_discuss>1</my_discuss>
					<my_sns>default</my_sns>
					<update_on_import>0</update_on_import>
				</anime>
			
				<anime>
					<series_animedb_id>37023</series_animedb_id>
					<series_title><![CDATA[Layton Mystery Tanteisha: Katri no Nazotoki File]]></series_title>
					<series_type>TV</series_type>
					<series_episodes>50</series_episodes>
					<my_id>0</my_id>
					<my_watched_episodes>0</my_watched_episodes>
					<my_start_date>0000-00-00</my_start_date>
					<my_finish_date>0000-00-00</my_finish_date>
					<my_rated></my_rated>
					<my_score>0</my_score>
					<my_storage></my_storage>
					<my_storage_value>0.00</my_storage_value>
					<my_status>Watching</my_status>
					<my_comments><![CDATA[]]></my_comments>
					<my_times_watched>0</my_times_watched>
					<my_rewatch_value></my_rewatch_value>
					<my_priority>LOW</my_priority>
					<my_tags><![CDATA[]]></my_tags>
					<my_rewatching>0</my_rewatching>
					<my_rewatching_ep>0</my_rewatching_ep>
					<my_discuss>1</my_discuss>
					<my_sns>default</my_sns>
					<update_on_import>0</update_on_import>
				</anime>
			
				<anime>
					<series_animedb_id>25517</series_animedb_id>
					<series_title><![CDATA[Magic Kaito 1412]]></series_title>
					<series_type>TV</series_type>
					<series_episodes>24</series_episodes>
					<my_id>0</my_id>
					<my_watched_episodes>24</my_watched_episodes>
					<my_start_date>0000-00-00</my_start_date>
					<my_finish_date>0000-00-00</my_finish_date>
					<my_rated></my_rated>
					<my_score>7</my_score>
					<my_storage></my_storage>
					<my_storage_value>0.00</my_storage_value>
					<my_status>Completed</my_status>
					<my_comments><![CDATA[]]></my_comments>
					<my_times_watched>0</my_times_watched>
					<my_rewatch_value></my_rewatch_value>
					<my_priority>LOW</my_priority>
					<my_tags><![CDATA[]]></my_tags>
					<my_rewatching>0</my_rewatching>
					<my_rewatching_ep>0</my_rewatching_ep>
					<my_discuss>1</my_discuss>
					<my_sns>default</my_sns>
					<update_on_import>0</update_on_import>
				</anime>
			
				<anime>
					<series_animedb_id>52211</series_animedb_id>
					<series_title><![CDATA[Mashle]]></series_title>
					<series_type>TV</series_type>
					<series_episodes>12</series_episodes>
					<my_id>0</my_id>
					<my_watched_episodes>12</my_watched_episodes>
					<my_start_date>0000-00-00</my_start_date>
					<my_finish_date>0000-00-00</my_finish_date>
					<my_rated></my_rated>
					<my_score>0</my_score>
					<my_storage></my_storage>
					<my_storage_value>0.00</my_storage_value>
					<my_status>Completed</my_status>
					<my_comments><![CDATA[]]></my_comments>
					<my_times_watched>0</my_times_watched>
					<my_rewatch_value></my_rewatch_value>
					<my_priority>LOW</my_priority>
					<my_tags><![CDATA[]]></my_tags>
					<my_rewatching>0</my_rewatching>
					<my_rewatching_ep>0</my_rewatching_ep>
					<my_discuss>1</my_discuss>
					<my_sns>default</my_sns>
					<update_on_import>0</update_on_import>
				</anime>
			
				<anime>
					<series_animedb_id>10620</series_animedb_id>
					<series_title><![CDATA[Mirai Nikki (TV)]]></series_title>
					<series_type>TV</series_type>
					<series_episodes>26</series_episodes>
					<my_id>0</my_id>
					<my_watched_episodes>26</my_watched_episodes>
					<my_start_date>0000-00-00</my_start_date>
					<my_finish_date>0000-00-00</my_finish_date>
					<my_rated></my_rated>
					<my_score>6</my_score>
					<my_storage></my_storage>
					<my_storage_value>0.00</my_storage_value>
					<my_status>Completed</my_status>
					<my_comments><![CDATA[]]></my_comments>
					<my_times_watched>0</my_times_watched>
					<my_rewatch_value></my_rewatch_value>
					<my_priority>LOW</my_priority>
					<my_tags><![CDATA[]]></my_tags>
					<my_rewatching>0</my_rewatching>
					<my_rewatching_ep>0</my_rewatching_ep>
					<my_discuss>1</my_discuss>
					<my_sns>default</my_sns>
					<update_on_import>0</update_on_import>
				</anime>
			
				<anime>
					<series_animedb_id>877</series_animedb_id>
					<series_title><![CDATA[Nana]]></series_title>
					<series_type>TV</series_type>
					<series_episodes>47</series_episodes>
					<my_id>0</my_id>
					<my_watched_episodes>47</my_watched_episodes>
					<my_start_date>2016-00-00</my_start_date>
					<my_finish_date>0000-00-00</my_finish_date>
					<my_rated></my_rated>
					<my_score>7</my_score>
					<my_storage></my_storage>
					<my_storage_value>0.00</my_storage_value>
					<my_status>Completed</my_status>
					<my_comments><![CDATA[]]></my_comments>
					<my_times_watched>0</my_times_watched>
					<my_rewatch_value></my_rewatch_value>
					<my_priority>LOW</my_priority>
					<my_tags><![CDATA[]]></my_tags>
					<my_rewatching>0</my_rewatching>
					<my_rewatching_ep>0</my_rewatching_ep>
					<my_discuss>1</my_discuss>
					<my_sns>default</my_sns>
					<update_on_import>0</update_on_import>
				</anime>
			
				<anime>
					<series_animedb_id>50593</series_animedb_id>
					<series_title><![CDATA[Natsu e no Tunnel, Sayonara no Deguchi]]></series_title>
					<series_type>Movie</series_type>
					<series_episodes>1</series_episodes>
					<my_id>0</my_id>
					<my_watched_episodes>1</my_watched_episodes>
					<my_start_date>2024-02-04</my_start_date>
					<my_finish_date>2024-02-04</my_finish_date>
					<my_rated></my_rated>
					<my_score>8</my_score>
					<my_storage></my_storage>
					<my_storage_value>0.00</my_storage_value>
					<my_status>Completed</my_status>
					<my_comments><![CDATA[]]></my_comments>
					<my_times_watched>0</my_times_watched>
					<my_rewatch_value></my_rewatch_value>
					<my_priority>LOW</my_priority>
					<my_tags><![CDATA[]]></my_tags>
					<my_rewatching>0</my_rewatching>
					<my_rewatching_ep>0</my_rewatching_ep>
					<my_discuss>1</my_discuss>
					<my_sns>default</my_sns>
					<update_on_import>0</update_on_import>
				</anime>
			
				<anime>
					<series_animedb_id>20507</series_animedb_id>
					<series_title><![CDATA[Noragami]]></series_title>
					<series_type>TV</series_type>
					<series_episodes>12</series_episodes>
					<my_id>0</my_id>
					<my_watched_episodes>12</my_watched_episodes>
					<my_start_date>0000-00-00</my_start_date>
					<my_finish_date>0000-00-00</my_finish_date>
					<my_rated></my_rated>
					<my_score>8</my_score>
					<my_storage></my_storage>
					<my_storage_value>0.00</my_storage_value>
					<my_status>Completed</my_status>
					<my_comments><![CDATA[]]></my_comments>
					<my_times_watched>0</my_times_watched>
					<my_rewatch_value></my_rewatch_value>
					<my_priority>LOW</my_priority>
					<my_tags><![CDATA[]]></my_tags>
					<my_rewatching>0</my_rewatching>
					<my_rewatching_ep>0</my_rewatching_ep>
					<my_discuss>1</my_discuss>
					<my_sns>default</my_sns>
					<update_on_import>0</update_on_import>
				</anime>
			
				<anime>
					<series_animedb_id>30503</series_animedb_id>
					<series_title><![CDATA[Noragami Aragoto]]></series_title>
					<series_type>TV</series_type>
					<series_episodes>13</series_episodes>
					<my_id>0</my_id>
					<my_watched_episodes>13</my_watched_episodes>
					<my_start_date>0000-00-00</my_start_date>
					<my_finish_date>0000-00-00</my_finish_date>
					<my_rated></my_rated>
					<my_score>5</my_score>
					<my_storage></my_storage>
					<my_storage_value>0.00</my_storage_value>
					<my_status>Completed</my_status>
					<my_comments><![CDATA[]]></my_comments>
					<my_times_watched>0</my_times_watched>
					<my_rewatch_value></my_rewatch_value>
					<my_priority>LOW</my_priority>
					<my_tags><![CDATA[]]></my_tags>
					<my_rewatching>0</my_rewatching>
					<my_rewatching_ep>0</my_rewatching_ep>
					<my_discuss>1</my_discuss>
					<my_sns>default</my_sns>
					<update_on_import>0</update_on_import>
				</anime>
			
				<anime>
					<series_animedb_id>32729</series_animedb_id>
					<series_title><![CDATA[Orange]]></series_title>
					<series_type>TV</series_type>
					<series_episodes>13</series_episodes>
					<my_id>0</my_id>
					<my_watched_episodes>3</my_watched_episodes>
					<my_start_date>0000-00-00</my_start_date>
					<my_finish_date>0000-00-00</my_finish_date>
					<my_rated></my_rated>
					<my_score>4</my_score>
					<my_storage></my_storage>
					<my_storage_value>0.00</my_storage_value>
					<my_status>Dropped</my_status>
					<my_comments><![CDATA[]]></my_comments>
					<my_times_watched>0</my_times_watched>
					<my_rewatch_value></my_rewatch_value>
					<my_priority>LOW</my_priority>
					<my_tags><![CDATA[]]></my_tags>
					<my_rewatching>0</my_rewatching>
					<my_rewatching_ep>0</my_rewatching_ep>
					<my_discuss>1</my_discuss>
					<my_sns>default</my_sns>
					<update_on_import>0</update_on_import>
				</anime>
			
				<anime>
					<series_animedb_id>50739</series_animedb_id>
					<series_title><![CDATA[Otonari no Tenshi-sama ni Itsunomanika Dame Ningen ni Sareteita Ken]]></series_title>
					<series_type>TV</series_type>
					<series_episodes>12</series_episodes>
					<my_id>0</my_id>
					<my_watched_episodes>8</my_watched_episodes>
					<my_start_date>0000-00-00</my_start_date>
					<my_finish_date>0000-00-00</my_finish_date>
					<my_rated></my_rated>
					<my_score>0</my_score>
					<my_storage></my_storage>
					<my_storage_value>0.00</my_storage_value>
					<my_status>Watching</my_status>
					<my_comments><![CDATA[]]></my_comments>
					<my_times_watched>0</my_times_watched>
					<my_rewatch_value></my_rewatch_value>
					<my_priority>LOW</my_priority>
					<my_tags><![CDATA[]]></my_tags>
					<my_rewatching>0</my_rewatching>
					<my_rewatching_ep>0</my_rewatching_ep>
					<my_discuss>1</my_discuss>
					<my_sns>default</my_sns>
					<update_on_import>0</update_on_import>
				</anime>
			
				<anime>
					<series_animedb_id>322</series_animedb_id>
					<series_title><![CDATA[Paradise Kiss]]></series_title>
					<series_type>TV</series_type>
					<series_episodes>12</series_episodes>
					<my_id>0</my_id>
					<my_watched_episodes>12</my_watched_episodes>
					<my_start_date>0000-00-00</my_start_date>
					<my_finish_date>0000-00-00</my_finish_date>
					<my_rated></my_rated>
					<my_score>7</my_score>
					<my_storage></my_storage>
					<my_storage_value>0.00</my_storage_value>
					<my_status>Completed</my_status>
					<my_comments><![CDATA[]]></my_comments>
					<my_times_watched>0</my_times_watched>
					<my_rewatch_value></my_rewatch_value>
					<my_priority>LOW</my_priority>
					<my_tags><![CDATA[]]></my_tags>
					<my_rewatching>0</my_rewatching>
					<my_rewatching_ep>0</my_rewatching_ep>
					<my_discuss>1</my_discuss>
					<my_sns>default</my_sns>
					<update_on_import>0</update_on_import>
				</anime>
			
				<anime>
					<series_animedb_id>44961</series_animedb_id>
					<series_title><![CDATA[Platinum End]]></series_title>
					<series_type>TV</series_type>
					<series_episodes>24</series_episodes>
					<my_id>0</my_id>
					<my_watched_episodes>24</my_watched_episodes>
					<my_start_date>0000-00-00</my_start_date>
					<my_finish_date>0000-00-00</my_finish_date>
					<my_rated></my_rated>
					<my_score>6</my_score>
					<my_storage></my_storage>
					<my_storage_value>0.00</my_storage_value>
					<my_status>Completed</my_status>
					<my_comments><![CDATA[]]></my_comments>
					<my_times_watched>0</my_times_watched>
					<my_rewatch_value></my_rewatch_value>
					<my_priority>LOW</my_priority>
					<my_tags><![CDATA[]]></my_tags>
					<my_rewatching>0</my_rewatching>
					<my_rewatching_ep>0</my_rewatching_ep>
					<my_discuss>1</my_discuss>
					<my_sns>default</my_sns>
					<update_on_import>0</update_on_import>
				</anime>
			
				<anime>
					<series_animedb_id>34540</series_animedb_id>
					<series_title><![CDATA[Pokemon Movie 20: Kimi ni Kimeta!]]></series_title>
					<series_type>Movie</series_type>
					<series_episodes>1</series_episodes>
					<my_id>0</my_id>
					<my_watched_episodes>1</my_watched_episodes>
					<my_start_date>0000-00-00</my_start_date>
					<my_finish_date>0000-00-00</my_finish_date>
					<my_rated></my_rated>
					<my_score>8</my_score>
					<my_storage></my_storage>
					<my_storage_value>0.00</my_storage_value>
					<my_status>Completed</my_status>
					<my_comments><![CDATA[]]></my_comments>
					<my_times_watched>0</my_times_watched>
					<my_rewatch_value></my_rewatch_value>
					<my_priority>LOW</my_priority>
					<my_tags><![CDATA[]]></my_tags>
					<my_rewatching>0</my_rewatching>
					<my_rewatching_ep>0</my_rewatching_ep>
					<my_discuss>1</my_discuss>
					<my_sns>default</my_sns>
					<update_on_import>0</update_on_import>
				</anime>
			
				<anime>
					<series_animedb_id>40881</series_animedb_id>
					<series_title><![CDATA[Pokemon Movie 23: Koko]]></series_title>
					<series_type>Movie</series_type>
					<series_episodes>1</series_episodes>
					<my_id>0</my_id>
					<my_watched_episodes>1</my_watched_episodes>
					<my_start_date>0000-00-00</my_start_date>
					<my_finish_date>0000-00-00</my_finish_date>
					<my_rated></my_rated>
					<my_score>10</my_score>
					<my_storage></my_storage>
					<my_storage_value>0.00</my_storage_value>
					<my_status>Completed</my_status>
					<my_comments><![CDATA[]]></my_comments>
					<my_times_watched>0</my_times_watched>
					<my_rewatch_value></my_rewatch_value>
					<my_priority>LOW</my_priority>
					<my_tags><![CDATA[]]></my_tags>
					<my_rewatching>0</my_rewatching>
					<my_rewatching_ep>0</my_rewatching_ep>
					<my_discuss>1</my_discuss>
					<my_sns>default</my_sns>
					<update_on_import>0</update_on_import>
				</anime>
			
				<anime>
					<series_animedb_id>13601</series_animedb_id>
					<series_title><![CDATA[Psycho-Pass]]></series_title>
					<series_type>TV</series_type>
					<series_episodes>22</series_episodes>
					<my_id>0</my_id>
					<my_watched_episodes>22</my_watched_episodes>
					<my_start_date>0000-00-00</my_start_date>
					<my_finish_date>0000-00-00</my_finish_date>
					<my_rated></my_rated>
					<my_score>5</my_score>
					<my_storage></my_storage>
					<my_storage_value>0.00</my_storage_value>
					<my_status>Completed</my_status>
					<my_comments><![CDATA[]]></my_comments>
					<my_times_watched>0</my_times_watched>
					<my_rewatch_value></my_rewatch_value>
					<my_priority>LOW</my_priority>
					<my_tags><![CDATA[]]></my_tags>
					<my_rewatching>0</my_rewatching>
					<my_rewatching_ep>0</my_rewatching_ep>
					<my_discuss>1</my_discuss>
					<my_sns>default</my_sns>
					<update_on_import>0</update_on_import>
				</anime>
			
				<anime>
					<series_animedb_id>23281</series_animedb_id>
					<series_title><![CDATA[Psycho-Pass 2]]></series_title>
					<series_type>TV</series_type>
					<series_episodes>11</series_episodes>
					<my_id>0</my_id>
					<my_watched_episodes>11</my_watched_episodes>
					<my_start_date>0000-00-00</my_start_date>
					<my_finish_date>0000-00-00</my_finish_date>
					<my_rated></my_rated>
					<my_score>6</my_score>
					<my_storage></my_storage>
					<my_storage_value>0.00</my_storage_value>
					<my_status>Completed</my_status>
					<my_comments><![CDATA[]]></my_comments>
					<my_times_watched>0</my_times_watched>
					<my_rewatch_value></my_rewatch_value>
					<my_priority>LOW</my_priority>
					<my_tags><![CDATA[]]></my_tags>
					<my_rewatching>0</my_rewatching>
					<my_rewatching_ep>0</my_rewatching_ep>
					<my_discuss>1</my_discuss>
					<my_sns>default</my_sns>
					<update_on_import>0</update_on_import>
				</anime>
			
				<anime>
					<series_animedb_id>1835</series_animedb_id>
					<series_title><![CDATA[Ryuusei no Rockman]]></series_title>
					<series_type>TV</series_type>
					<series_episodes>55</series_episodes>
					<my_id>0</my_id>
					<my_watched_episodes>55</my_watched_episodes>
					<my_start_date>0000-00-00</my_start_date>
					<my_finish_date>0000-00-00</my_finish_date>
					<my_rated></my_rated>
					<my_score>10</my_score>
					<my_storage></my_storage>
					<my_storage_value>0.00</my_storage_value>
					<my_status>Completed</my_status>
					<my_comments><![CDATA[]]></my_comments>
					<my_times_watched>0</my_times_watched>
					<my_rewatch_value></my_rewatch_value>
					<my_priority>LOW</my_priority>
					<my_tags><![CDATA[]]></my_tags>
					<my_rewatching>0</my_rewatching>
					<my_rewatching_ep>0</my_rewatching_ep>
					<my_discuss>1</my_discuss>
					<my_sns>default</my_sns>
					<update_on_import>0</update_on_import>
				</anime>
			
				<anime>
					<series_animedb_id>3493</series_animedb_id>
					<series_title><![CDATA[Ryuusei no Rockman Tribe]]></series_title>
					<series_type>TV</series_type>
					<series_episodes>21</series_episodes>
					<my_id>0</my_id>
					<my_watched_episodes>21</my_watched_episodes>
					<my_start_date>0000-00-00</my_start_date>
					<my_finish_date>0000-00-00</my_finish_date>
					<my_rated></my_rated>
					<my_score>10</my_score>
					<my_storage></my_storage>
					<my_storage_value>0.00</my_storage_value>
					<my_status>Completed</my_status>
					<my_comments><![CDATA[]]></my_comments>
					<my_times_watched>0</my_times_watched>
					<my_rewatch_value></my_rewatch_value>
					<my_priority>LOW</my_priority>
					<my_tags><![CDATA[]]></my_tags>
					<my_rewatching>0</my_rewatching>
					<my_rewatching_ep>0</my_rewatching_ep>
					<my_discuss>1</my_discuss>
					<my_sns>default</my_sns>
					<update_on_import>0</update_on_import>
				</anime>
			
				<anime>
					<series_animedb_id>33255</series_animedb_id>
					<series_title><![CDATA[Saiki Kusuo no Ψ-nan]]></series_title>
					<series_type>TV</series_type>
					<series_episodes>120</series_episodes>
					<my_id>0</my_id>
					<my_watched_episodes>120</my_watched_episodes>
					<my_start_date>0000-00-00</my_start_date>
					<my_finish_date>0000-00-00</my_finish_date>
					<my_rated></my_rated>
					<my_score>7</my_score>
					<my_storage></my_storage>
					<my_storage_value>0.00</my_storage_value>
					<my_status>Completed</my_status>
					<my_comments><![CDATA[]]></my_comments>
					<my_times_watched>0</my_times_watched>
					<my_rewatch_value></my_rewatch_value>
					<my_priority>LOW</my_priority>
					<my_tags><![CDATA[]]></my_tags>
					<my_rewatching>0</my_rewatching>
					<my_rewatching_ep>0</my_rewatching_ep>
					<my_discuss>1</my_discuss>
					<my_sns>default</my_sns>
					<update_on_import>0</update_on_import>
				</anime>
			
				<anime>
					<series_animedb_id>34612</series_animedb_id>
					<series_title><![CDATA[Saiki Kusuo no Ψ-nan 2]]></series_title>
					<series_type>TV</series_type>
					<series_episodes>24</series_episodes>
					<my_id>0</my_id>
					<my_watched_episodes>24</my_watched_episodes>
					<my_start_date>0000-00-00</my_start_date>
					<my_finish_date>0000-00-00</my_finish_date>
					<my_rated></my_rated>
					<my_score>7</my_score>
					<my_storage></my_storage>
					<my_storage_value>0.00</my_storage_value>
					<my_status>Completed</my_status>
					<my_comments><![CDATA[]]></my_comments>
					<my_times_watched>0</my_times_watched>
					<my_rewatch_value></my_rewatch_value>
					<my_priority>LOW</my_priority>
					<my_tags><![CDATA[]]></my_tags>
					<my_rewatching>0</my_rewatching>
					<my_rewatching_ep>0</my_rewatching_ep>
					<my_discuss>1</my_discuss>
					<my_sns>default</my_sns>
					<update_on_import>0</update_on_import>
				</anime>
			
				<anime>
					<series_animedb_id>35994</series_animedb_id>
					<series_title><![CDATA[Satsuriku no Tenshi]]></series_title>
					<series_type>TV</series_type>
					<series_episodes>16</series_episodes>
					<my_id>0</my_id>
					<my_watched_episodes>16</my_watched_episodes>
					<my_start_date>0000-00-00</my_start_date>
					<my_finish_date>0000-00-00</my_finish_date>
					<my_rated></my_rated>
					<my_score>7</my_score>
					<my_storage></my_storage>
					<my_storage_value>0.00</my_storage_value>
					<my_status>Completed</my_status>
					<my_comments><![CDATA[]]></my_comments>
					<my_times_watched>0</my_times_watched>
					<my_rewatch_value></my_rewatch_value>
					<my_priority>LOW</my_priority>
					<my_tags><![CDATA[]]></my_tags>
					<my_rewatching>0</my_rewatching>
					<my_rewatching_ep>0</my_rewatching_ep>
					<my_discuss>1</my_discuss>
					<my_sns>default</my_sns>
					<update_on_import>0</update_on_import>
				</anime>
			
				<anime>
					<series_animedb_id>1033</series_animedb_id>
					<series_title><![CDATA[Sennen Joyuu]]></series_title>
					<series_type>Movie</series_type>
					<series_episodes>1</series_episodes>
					<my_id>0</my_id>
					<my_watched_episodes>0</my_watched_episodes>
					<my_start_date>0000-00-00</my_start_date>
					<my_finish_date>0000-00-00</my_finish_date>
					<my_rated></my_rated>
					<my_score>8</my_score>
					<my_storage></my_storage>
					<my_storage_value>0.00</my_storage_value>
					<my_status>Watching</my_status>
					<my_comments><![CDATA[]]></my_comments>
					<my_times_watched>0</my_times_watched>
					<my_rewatch_value></my_rewatch_value>
					<my_priority>LOW</my_priority>
					<my_tags><![CDATA[]]></my_tags>
					<my_rewatching>0</my_rewatching>
					<my_rewatching_ep>0</my_rewatching_ep>
					<my_discuss>1</my_discuss>
					<my_sns>default</my_sns>
					<update_on_import>0</update_on_import>
				</anime>
			
				<anime>
					<series_animedb_id>7724</series_animedb_id>
					<series_title><![CDATA[Shiki]]></series_title>
					<series_type>TV</series_type>
					<series_episodes>22</series_episodes>
					<my_id>0</my_id>
					<my_watched_episodes>22</my_watched_episodes>
					<my_start_date>0000-00-00</my_start_date>
					<my_finish_date>0000-00-00</my_finish_date>
					<my_rated></my_rated>
					<my_score>9</my_score>
					<my_storage></my_storage>
					<my_storage_value>0.00</my_storage_value>
					<my_status>Completed</my_status>
					<my_comments><![CDATA[]]></my_comments>
					<my_times_watched>0</my_times_watched>
					<my_rewatch_value></my_rewatch_value>
					<my_priority>LOW</my_priority>
					<my_tags><![CDATA[]]></my_tags>
					<my_rewatching>0</my_rewatching>
					<my_rewatching_ep>0</my_rewatching_ep>
					<my_discuss>1</my_discuss>
					<my_sns>default</my_sns>
					<update_on_import>0</update_on_import>
				</anime>
			
				<anime>
					<series_animedb_id>198</series_animedb_id>
					<series_title><![CDATA[Speed Grapher]]></series_title>
					<series_type>TV</series_type>
					<series_episodes>24</series_episodes>
					<my_id>0</my_id>
					<my_watched_episodes>24</my_watched_episodes>
					<my_start_date>0000-00-00</my_start_date>
					<my_finish_date>0000-00-00</my_finish_date>
					<my_rated></my_rated>
					<my_score>7</my_score>
					<my_storage></my_storage>
					<my_storage_value>0.00</my_storage_value>
					<my_status>Completed</my_status>
					<my_comments><![CDATA[]]></my_comments>
					<my_times_watched>0</my_times_watched>
					<my_rewatch_value></my_rewatch_value>
					<my_priority>LOW</my_priority>
					<my_tags><![CDATA[]]></my_tags>
					<my_rewatching>0</my_rewatching>
					<my_rewatching_ep>0</my_rewatching_ep>
					<my_discuss>1</my_discuss>
					<my_sns>default</my_sns>
					<update_on_import>0</update_on_import>
				</anime>
			
				<anime>
					<series_animedb_id>14289</series_animedb_id>
					<series_title><![CDATA[Suki tte Ii na yo.]]></series_title>
					<series_type>TV</series_type>
					<series_episodes>13</series_episodes>
					<my_id>0</my_id>
					<my_watched_episodes>13</my_watched_episodes>
					<my_start_date>0000-00-00</my_start_date>
					<my_finish_date>0000-00-00</my_finish_date>
					<my_rated></my_rated>
					<my_score>10</my_score>
					<my_storage></my_storage>
					<my_storage_value>0.00</my_storage_value>
					<my_status>Completed</my_status>
					<my_comments><![CDATA[]]></my_comments>
					<my_times_watched>0</my_times_watched>
					<my_rewatch_value></my_rewatch_value>
					<my_priority>LOW</my_priority>
					<my_tags><![CDATA[]]></my_tags>
					<my_rewatching>0</my_rewatching>
					<my_rewatching_ep>0</my_rewatching_ep>
					<my_discuss>1</my_discuss>
					<my_sns>default</my_sns>
					<update_on_import>0</update_on_import>
				</anime>
			
				<anime>
					<series_animedb_id>3457</series_animedb_id>
					<series_title><![CDATA[Vampire Knight]]></series_title>
					<series_type>TV</series_type>
					<series_episodes>13</series_episodes>
					<my_id>0</my_id>
					<my_watched_episodes>0</my_watched_episodes>
					<my_start_date>0000-00-00</my_start_date>
					<my_finish_date>0000-00-00</my_finish_date>
					<my_rated></my_rated>
					<my_score>6</my_score>
					<my_storage></my_storage>
					<my_storage_value>0.00</my_storage_value>
					<my_status>Dropped</my_status>
					<my_comments><![CDATA[]]></my_comments>
					<my_times_watched>0</my_times_watched>
					<my_rewatch_value></my_rewatch_value>
					<my_priority>LOW</my_priority>
					<my_tags><![CDATA[]]></my_tags>
					<my_rewatching>0</my_rewatching>
					<my_rewatching_ep>0</my_rewatching_ep>
					<my_discuss>1</my_discuss>
					<my_sns>default</my_sns>
					<update_on_import>0</update_on_import>
				</anime>
			
				<anime>
					<series_animedb_id>3972</series_animedb_id>
					<series_title><![CDATA[Yu☆Gi☆Oh! 5D's]]></series_title>
					<series_type>TV</series_type>
					<series_episodes>154</series_episodes>
					<my_id>0</my_id>
					<my_watched_episodes>154</my_watched_episodes>
					<my_start_date>0000-00-00</my_start_date>
					<my_finish_date>0000-00-00</my_finish_date>
					<my_rated></my_rated>
					<my_score>6</my_score>
					<my_storage></my_storage>
					<my_storage_value>0.00</my_storage_value>
					<my_status>Completed</my_status>
					<my_comments><![CDATA[]]></my_comments>
					<my_times_watched>0</my_times_watched>
					<my_rewatch_value></my_rewatch_value>
					<my_priority>LOW</my_priority>
					<my_tags><![CDATA[]]></my_tags>
					<my_rewatching>0</my_rewatching>
					<my_rewatching_ep>0</my_rewatching_ep>
					<my_discuss>1</my_discuss>
					<my_sns>default</my_sns>
					<update_on_import>0</update_on_import>
				</anime>
			
				<anime>
					<series_animedb_id>481</series_animedb_id>
					<series_title><![CDATA[Yu☆Gi☆Oh! Duel Monsters]]></series_title>
					<series_type>TV</series_type>
					<series_episodes>224</series_episodes>
					<my_id>0</my_id>
					<my_watched_episodes>224</my_watched_episodes>
					<my_start_date>0000-00-00</my_start_date>
					<my_finish_date>0000-00-00</my_finish_date>
					<my_rated></my_rated>
					<my_score>8</my_score>
					<my_storage></my_storage>
					<my_storage_value>0.00</my_storage_value>
					<my_status>Completed</my_status>
					<my_comments><![CDATA[]]></my_comments>
					<my_times_watched>0</my_times_watched>
					<my_rewatch_value></my_rewatch_value>
					<my_priority>LOW</my_priority>
					<my_tags><![CDATA[]]></my_tags>
					<my_rewatching>0</my_rewatching>
					<my_rewatching_ep>0</my_rewatching_ep>
					<my_discuss>1</my_discuss>
					<my_sns>default</my_sns>
					<update_on_import>0</update_on_import>
				</anime>
			
				<anime>
					<series_animedb_id>34866</series_animedb_id>
					<series_title><![CDATA[Yu☆Gi☆Oh! VRAINS]]></series_title>
					<series_type>TV</series_type>
					<series_episodes>120</series_episodes>
					<my_id>0</my_id>
					<my_watched_episodes>120</my_watched_episodes>
					<my_start_date>2019-00-00</my_start_date>
					<my_finish_date>2019-00-00</my_finish_date>
					<my_rated></my_rated>
					<my_score>10</my_score>
					<my_storage></my_storage>
					<my_storage_value>0.00</my_storage_value>
					<my_status>Completed</my_status>
					<my_comments><![CDATA[]]></my_comments>
					<my_times_watched>0</my_times_watched>
					<my_rewatch_value></my_rewatch_value>
					<my_priority>LOW</my_priority>
					<my_tags><![CDATA[]]></my_tags>
					<my_rewatching>0</my_rewatching>
					<my_rewatching_ep>0</my_rewatching_ep>
					<my_discuss>1</my_discuss>
					<my_sns>default</my_sns>
					<update_on_import>0</update_on_import>
				</anime>
			
			</myanimelist>
			