[{"appid":1172470,"name":"Apex Legends","playtime_forever":10,"img_icon_url":"6cc35932af780289ae3d8d5cdbfe9cd545decad2","has_community_visible_stats":true,"playtime_windows_forever":10,"playtime_mac_forever":0,"playtime_linux_forever":0,"playtime_deck_forever":0,"rtime_last_played":1624474018,"playtime_disconnected":0,"system_requirements":{"OS":{"min":"64-bit Windows 10","max":"64-bit Windows 10"},"Processor":{"min":"AMD FX 4350 or Equivalent, Intel Core i3 6300 or Equivalent","max":"Ryzen 5 CPU or Equivalent"},"Memory":{"min":"6 GB RAM","max":"8 GB RAM"},"Graphics":{"min":"AMD Radeon\u2122 HD 7790 (2 GB), NVIDIA GeForce\u00ae GTX 950","max":"AMD Radeon\u2122 R9 290, NVIDIA GeForce\u00ae GTX 970"},"DirectX":{"min":"Version 12","max":"Version 12"},"Network":{"min":"Broadband Internet connection","max":"Broadband Internet connection"},"Storage":{"min":"75 GB available space","max":"75 GB available space"},"Additional Notes":{"min":"~3.8GB for 1 localized language","max":"~3.8GB for 1 localized language"}},"system_requirements_raw":{"minimum":"<strong>Minimum:<\/strong><br><ul class=\"bb_ul\"><li>Requires a 64-bit processor and operating system<br><\/li><li><strong>OS:<\/strong> 64-bit Windows 10<br><\/li><li><strong>Processor:<\/strong> AMD FX 4350 or Equivalent, Intel Core i3 6300 or Equivalent<br><\/li><li><strong>Memory:<\/strong> 6 GB RAM<br><\/li><li><strong>Graphics:<\/strong> AMD Radeon\u2122 HD 7790 (2 GB), NVIDIA GeForce\u00ae GTX 950<br><\/li><li><strong>DirectX:<\/strong> Version 12<br><\/li><li><strong>Network:<\/strong> Broadband Internet connection<br><\/li><li><strong>Storage:<\/strong> 75 GB available space<br><\/li><li><strong>Additional Notes:<\/strong> ~3.8GB for 1 localized language<\/li><\/ul>","recommended":"<strong>Recommended:<\/strong><br><ul class=\"bb_ul\"><li>Requires a 64-bit processor and operating system<br><\/li><li><strong>OS:<\/strong> 64-bit Windows 10<br><\/li><li><strong>Processor:<\/strong> Ryzen 5 CPU or Equivalent<br><\/li><li><strong>Memory:<\/strong> 8 GB RAM<br><\/li><li><strong>Graphics:<\/strong> AMD Radeon\u2122 R9 290, NVIDIA GeForce\u00ae GTX 970<br><\/li><li><strong>DirectX:<\/strong> Version 12<br><\/li><li><strong>Network:<\/strong> Broadband Internet connection<br><\/li><li><strong>Storage:<\/strong> 75 GB available space<br><\/li><li><strong>Additional Notes:<\/strong> ~3.8GB for 1 localized language<\/li><\/ul>"},"steam_deck_compatibility":null,"deck_details":{"success":1,"results":{"appid":1172470,"resolved_category":1,"resolved_items":[{"display_type":2,"loc_token":"#SteamDeckVerified_TestResult_UnsupportedAntiCheat_Other"}],"steam_deck_blog_url":"","search_id":null,"steamos_resolved_category":1,"steamos_resolved_items":[{"display_type":2,"loc_token":"#SteamOS_TestResult_UnsupportedAntiCheat_Other"}]}}},{"appid":1688750,"name":"DAN\u2606SING","playtime_forever":38,"img_icon_url":"b8070a56f4bdef7d09a3f951e3dab66039fc3a17","playtime_windows_forever":38,"playtime_mac_forever":0,"playtime_linux_forever":0,"playtime_deck_forever":0,"rtime_last_played":1726665840,"playtime_disconnected":5,"system_requirements":{"OS":{"min":"Windows 10 64bit","max":"Windows 10 64bit"},"Processor":{"min":"Intel Core i5-4460 or better","max":"Intel Core i5-8400\/AMD Ryzen 5 2600X or better"},"Memory":{"min":"512 MB RAM","max":"1024 MB RAM"},"Graphics":{"min":"NVIDIA GeForce GTX 970 or better","max":"NVIDIA GeForce GTX 1060 or better"},"DirectX":{"min":null,"max":null},"Network":{"min":null,"max":"Broadband Internet connection"},"Storage":{"min":"256 GB available space","max":"512 MB available space"},"Additional Notes":{"min":"Requires a 64-bit processor and operating system","max":"Requires a 64-bit processor and operating system"}},"system_requirements_raw":{"minimum":"<strong>Minimum:<\/strong><br><ul class=\"bb_ul\"><li>Requires a 64-bit processor and operating system<br><\/li><li><strong>OS:<\/strong> Windows 10 64bit<br><\/li><li><strong>Processor:<\/strong> Intel Core i5-4460 or better<br><\/li><li><strong>Memory:<\/strong> 512 MB RAM<br><\/li><li><strong>Graphics:<\/strong> NVIDIA GeForce GTX 970 or better<br><\/li><li><strong>Storage:<\/strong> 256 GB available space<\/li><\/ul>","recommended":"<strong>Recommended:<\/strong><br><ul class=\"bb_ul\"><li>Requires a 64-bit processor and operating system<br><\/li><li><strong>OS:<\/strong> Windows 10 64bit<br><\/li><li><strong>Processor:<\/strong> Intel Core i5-8400\/AMD Ryzen 5 2600X or better<br><\/li><li><strong>Memory:<\/strong> 1024 MB RAM<br><\/li><li><strong>Graphics:<\/strong> NVIDIA GeForce GTX 1060 or better<br><\/li><li><strong>Network:<\/strong> Broadband Internet connection<br><\/li><li><strong>Storage:<\/strong> 512 MB available space<\/li><\/ul>"},"steam_deck_compatibility":null,"deck_details":{"success":1,"results":{"appid":1688750,"resolved_category":0,"resolved_items":[],"steam_deck_blog_url":"","search_id":null,"steamos_resolved_category":0,"steamos_resolved_items":[]}}},{"appid":2909400,"name":"FINAL FANTASY VII REBIRTH","playtime_forever":1,"img_icon_url":"3dacad0a047962a94501d9d028c095993c48ce8b","has_community_visible_stats":true,"playtime_windows_forever":0,"playtime_mac_forever":0,"playtime_linux_forever":1,"playtime_deck_forever":1,"rtime_last_played":1738306325,"playtime_disconnected":0,"system_requirements":{"OS":{"min":"Windows\u00ae 10 64-bit","max":"Windows\u00ae 11 64-bit"},"Processor":{"min":"AMD Ryzen\u2122 5 1400 \/ Intel\u00ae Core\u2122 i3-8100","max":"AMD Ryzen\u2122 5 5600 or Ryzen\u2122 7 3700X \/ Intel\u00ae Core\u2122 i7-8700 or Core\u2122 i5-10400"},"Memory":{"min":"16 GB RAM","max":"16 GB RAM"},"Graphics":{"min":"AMD Radeon\u2122 RX 6600 (RX 6600 or above required) \/ Intel\u00ae Arc\u2122 A580 \/ NVIDIA\u00ae GeForce\u00ae RTX 2060 (RTX series required)","max":"AMD Radeon\u2122 RX 6700 XT \/ NVIDIA\u00ae GeForce\u00ae RTX 2070"},"DirectX":{"min":"Version 12","max":"Version 12"},"Network":{"min":null,"max":null},"Storage":{"min":"155 GB available space","max":"155 GB available space"},"Additional Notes":{"min":"1080P \/ 30FPS (Graphics Quality Preset \u201cLow\u201d), SSD Required. Graphics Cards with Shader Model 6.6 support and OS with DirectX 12 Ultimate support required. 12GB VRAM or above recommended to play on 4k resolution.","max":"1080p \/ 60FPS (Graphics Quality Preset \u201cMedium\u201d), SSD Required. 12GB VRAM or above recommended to play on 4k resolution."}},"system_requirements_raw":{"minimum":"<strong>Minimum:<\/strong><br><ul class=\"bb_ul\"><li>Requires a 64-bit processor and operating system<br><\/li><li><strong>OS:<\/strong> Windows\u00ae 10 64-bit<br><\/li><li><strong>Processor:<\/strong> AMD Ryzen\u2122 5 1400 \/ Intel\u00ae Core\u2122 i3-8100<br><\/li><li><strong>Memory:<\/strong> 16 GB RAM<br><\/li><li><strong>Graphics:<\/strong> AMD Radeon\u2122 RX 6600 (RX 6600 or above required) \/ Intel\u00ae Arc\u2122 A580 \/ NVIDIA\u00ae GeForce\u00ae RTX 2060 (RTX series required)<br><\/li><li><strong>DirectX:<\/strong> Version 12<br><\/li><li><strong>Storage:<\/strong> 155 GB available space<br><\/li><li><strong>Additional Notes:<\/strong> 1080P \/ 30FPS (Graphics Quality Preset \u201cLow\u201d), SSD Required. Graphics Cards with Shader Model 6.6 support and OS with DirectX 12 Ultimate support required. 12GB VRAM or above recommended to play on 4k resolution.<\/li><\/ul>","recommended":"<strong>Recommended:<\/strong><br><ul class=\"bb_ul\"><li>Requires a 64-bit processor and operating system<br><\/li><li><strong>OS:<\/strong> Windows\u00ae 11 64-bit<br><\/li><li><strong>Processor:<\/strong> AMD Ryzen\u2122 5 5600 or Ryzen\u2122 7 3700X \/ Intel\u00ae Core\u2122 i7-8700 or Core\u2122 i5-10400<br><\/li><li><strong>Memory:<\/strong> 16 GB RAM<br><\/li><li><strong>Graphics:<\/strong> AMD Radeon\u2122 RX 6700 XT \/ NVIDIA\u00ae GeForce\u00ae RTX 2070<br><\/li><li><strong>DirectX:<\/strong> Version 12<br><\/li><li><strong>Storage:<\/strong> 155 GB available space<br><\/li><li><strong>Additional Notes:<\/strong> 1080p \/ 60FPS (Graphics Quality Preset \u201cMedium\u201d), SSD Required. 12GB VRAM or above recommended to play on 4k resolution.<\/li><\/ul>"},"steam_deck_compatibility":null,"deck_details":{"success":1,"results":{"appid":2909400,"resolved_category":3,"resolved_items":[{"display_type":4,"loc_token":"#SteamDeckVerified_TestResult_DefaultControllerConfigFullyFunctional"},{"display_type":4,"loc_token":"#SteamDeckVerified_TestResult_ControllerGlyphsMatchDeckDevice"},{"display_type":4,"loc_token":"#SteamDeckVerified_TestResult_InterfaceTextIsLegible"},{"display_type":4,"loc_token":"#SteamDeckVerified_TestResult_DefaultConfigurationIsPerformant"}],"steam_deck_blog_url":"","search_id":null,"steamos_resolved_category":2,"steamos_resolved_items":[{"display_type":3,"loc_token":"#SteamOS_TestResult_GameStartupFunctional"}]}}},{"appid":1462040,"name":"FINAL FANTASY VII REMAKE INTERGRADE","playtime_forever":1,"img_icon_url":"3cf19bc8fa3bc953d68a9b46b0a7555839188da0","has_community_visible_stats":true,"playtime_windows_forever":0,"playtime_mac_forever":0,"playtime_linux_forever":1,"playtime_deck_forever":1,"rtime_last_played":1700899646,"playtime_disconnected":5,"system_requirements":{"OS":{"min":"Windows\u00ae 10 64-bit (ver. 2004 or later)","max":"Windows\u00ae 10 64-bit (ver. 2004 or later)"},"Processor":{"min":"AMD FX-8350 \/ Intel\u00ae Core\u2122 i5-3330","max":"AMD Ryzen\u2122 3 3100 \/ Intel\u00ae Core\u2122 i7-3770"},"Memory":{"min":"8 GB RAM","max":"12 GB RAM"},"Graphics":{"min":"AMD Radeon\u2122 RX 480 \/ NVIDIA\u00ae GeForce\u00ae GTX 780 \/ 3GB VRAM required","max":"AMD Radeon\u2122 RX 5700 \/ NVIDIA\u00ae GeForce\u00ae GTX 1080 \/ 8GB VRAM required"},"DirectX":{"min":"Version 12","max":"Version 12"},"Network":{"min":null,"max":null},"Storage":{"min":"100 GB available space","max":"100 GB available space"},"Additional Notes":{"min":"Assuming a Resolution of 1920 x 1080","max":"Assuming a Resolution of 2560 x 1440 (This title supports max resolution of 3840 x 2160)"}},"system_requirements_raw":{"minimum":"<strong>Minimum:<\/strong><br><ul class=\"bb_ul\"><li>Requires a 64-bit processor and operating system<br><\/li><li><strong>OS:<\/strong> Windows\u00ae 10 64-bit (ver. 2004 or later)<br><\/li><li><strong>Processor:<\/strong> AMD FX-8350 \/ Intel\u00ae Core\u2122 i5-3330<br><\/li><li><strong>Memory:<\/strong> 8 GB RAM<br><\/li><li><strong>Graphics:<\/strong> AMD Radeon\u2122 RX 480 \/ NVIDIA\u00ae GeForce\u00ae GTX 780 \/ 3GB VRAM required<br><\/li><li><strong>DirectX:<\/strong> Version 12<br><\/li><li><strong>Storage:<\/strong> 100 GB available space<br><\/li><li><strong>Additional Notes:<\/strong> Assuming a Resolution of 1920 x 1080<\/li><\/ul>","recommended":"<strong>Recommended:<\/strong><br><ul class=\"bb_ul\"><li>Requires a 64-bit processor and operating system<br><\/li><li><strong>OS:<\/strong> Windows\u00ae 10 64-bit (ver. 2004 or later)<br><\/li><li><strong>Processor:<\/strong> AMD Ryzen\u2122 3 3100 \/ Intel\u00ae Core\u2122 i7-3770<br><\/li><li><strong>Memory:<\/strong> 12 GB RAM<br><\/li><li><strong>Graphics:<\/strong> AMD Radeon\u2122 RX 5700 \/ NVIDIA\u00ae GeForce\u00ae GTX 1080 \/ 8GB VRAM required<br><\/li><li><strong>DirectX:<\/strong> Version 12<br><\/li><li><strong>Storage:<\/strong> 100 GB available space<br><\/li><li><strong>Additional Notes:<\/strong> Assuming a Resolution of 2560 x 1440 (This title supports max resolution of 3840 x 2160)<\/li><\/ul>"},"steam_deck_compatibility":null,"deck_details":{"success":1,"results":{"appid":1462040,"resolved_category":3,"resolved_items":[{"display_type":4,"loc_token":"#SteamDeckVerified_TestResult_DefaultControllerConfigFullyFunctional"},{"display_type":4,"loc_token":"#SteamDeckVerified_TestResult_ControllerGlyphsMatchDeckDevice"},{"display_type":4,"loc_token":"#SteamDeckVerified_TestResult_InterfaceTextIsLegible"},{"display_type":4,"loc_token":"#SteamDeckVerified_TestResult_DefaultConfigurationIsPerformant"}],"steam_deck_blog_url":"","search_id":null,"steamos_resolved_category":2,"steamos_resolved_items":[{"display_type":3,"loc_token":"#SteamOS_TestResult_GameStartupFunctional"}]}}},{"appid":292120,"name":"FINAL FANTASY XIII","playtime_forever":12,"img_icon_url":"83c929d4965963f6e0bc17969a2599e7829ac23d","has_community_visible_stats":true,"playtime_windows_forever":0,"playtime_mac_forever":0,"playtime_linux_forever":12,"playtime_deck_forever":12,"rtime_last_played":1703510166,"playtime_disconnected":54,"system_requirements":{"OS":{"min":null,"max":null},"Processor":{"min":"2GHz Dual Core CPU","max":"Intel\u00ae Core\u2122 2 Quad (2.66 GHz)\/ AMD Phenom\u2122 II X4 (2.8 GHz) processor"},"Memory":{"min":"1 GB RAM","max":"2 GB RAM"},"Graphics":{"min":"NVIDIA\u00ae Geforce\u00ae 8 Series\/ ATI Radeon\u2122 HD 2000 series VRAM 256MB or later","max":"NVIDIA\u00ae Geforce\u00ae GTX\u2122 460\/ ATI Radeon\u2122 HD 5870"},"DirectX":{"min":"Version 9.0c","max":"Version 9.0c"},"Network":{"min":null,"max":null},"Storage":{"min":"60 GB available space","max":"60 GB available space"},"Additional Notes":{"min":"","max":"*Maximum supported frame rate: 60fps *A game controller using Xinput is recomended for this game. (If using a DirectInput based controller, please use the driver side key configuration to adjust settings as required )"}},"system_requirements_raw":{"minimum":"<strong>Minimum:<\/strong><br><ul class=\"bb_ul\"><li><strong>OS *:<\/strong> Windows\u00ae XP SP2 or later<br><\/li><li><strong>Processor:<\/strong> 2GHz Dual Core CPU<br><\/li><li><strong>Memory:<\/strong> 1 GB RAM<br><\/li><li><strong>Graphics:<\/strong> NVIDIA\u00ae Geforce\u00ae 8 Series\/ ATI Radeon\u2122 HD 2000 series VRAM 256MB or later<br><\/li><li><strong>DirectX:<\/strong> Version 9.0c<br><\/li><li><strong>Storage:<\/strong> 60 GB available space<br><\/li><li><strong>Sound Card:<\/strong> Sound card compatible with DirectX\u00ae 9.0c<br><\/li><li><strong>Additional Notes:<\/strong> <\/li><\/ul>","recommended":"<strong>Recommended:<\/strong><br><ul class=\"bb_ul\"><li><strong>OS *:<\/strong> Windows\u00ae Vista\/ 7\/ 8<br><\/li><li><strong>Processor:<\/strong> Intel\u00ae Core\u2122 2 Quad (2.66 GHz)\/ AMD Phenom\u2122 II X4 (2.8 GHz) processor<br><\/li><li><strong>Memory:<\/strong> 2 GB RAM<br><\/li><li><strong>Graphics:<\/strong> NVIDIA\u00ae Geforce\u00ae GTX\u2122 460\/ ATI Radeon\u2122 HD 5870<br><\/li><li><strong>DirectX:<\/strong> Version 9.0c<br><\/li><li><strong>Storage:<\/strong> 60 GB available space<br><\/li><li><strong>Sound Card:<\/strong> DirectX\u00ae 9.0C compatible sound card<br><\/li><li><strong>Additional Notes:<\/strong> <\/li><li>*Maximum supported frame rate: 60fps <\/li><li>*A game controller using Xinput is recomended for this game. (If using a DirectInput based controller, please use the driver side key configuration to adjust settings as required )<\/li><\/ul>"},"steam_deck_compatibility":null,"deck_details":{"success":1,"results":{"appid":292120,"resolved_category":2,"resolved_items":[{"display_type":3,"loc_token":"#SteamDeckVerified_TestResult_LauncherInteractionIssues"},{"display_type":3,"loc_token":"#SteamDeckVerified_TestResult_ControllerGlyphsDoNotMatchDeckDevice"},{"display_type":4,"loc_token":"#SteamDeckVerified_TestResult_DefaultControllerConfigFullyFunctional"},{"display_type":4,"loc_token":"#SteamDeckVerified_TestResult_InterfaceTextIsLegible"},{"display_type":4,"loc_token":"#SteamDeckVerified_TestResult_DefaultConfigurationIsPerformant"},{"display_type":1,"loc_token":"#SteamDeckVerified_TestResult_ExternalControllersNotSupportedPrimaryPlayer"}],"steam_deck_blog_url":"","search_id":null,"steamos_resolved_category":2,"steamos_resolved_items":[{"display_type":3,"loc_token":"#SteamOS_TestResult_GameStartupFunctional"},{"display_type":1,"loc_token":"#SteamOS_TestResult_LauncherInteractionIssues"},{"display_type":1,"loc_token":"#SteamOS_TestResult_ExternalControllersNotSupportedPrimaryPlayer"}]}}},{"appid":550,"name":"Left 4 Dead 2","playtime_forever":6,"img_icon_url":"7d5a243f9500d2f8467312822f8af2a2928777ed","has_community_visible_stats":true,"playtime_windows_forever":6,"playtime_mac_forever":0,"playtime_linux_forever":0,"playtime_deck_forever":0,"rtime_last_played":1614628485,"content_descriptorids":[2,5],"playtime_disconnected":0,"system_requirements":{"OS":{"min":null,"max":null},"Processor":{"min":"Pentium 4 3.0GHz","max":"Intel core 2 duo 2.4GHz"},"Memory":{"min":"2 GB RAM","max":"2 GB RAM"},"Graphics":{"min":"Video card with 128 MB, Shader model 2.0. ATI X800, NVidia 6600 or better","max":"Video Card Shader model 3.0. NVidia 7600, ATI X1600 or better"},"DirectX":{"min":"Version 9.0c","max":"Version 9.0c"},"Network":{"min":null,"max":null},"Storage":{"min":"13 GB available space","max":"13 GB available space"},"Additional Notes":{"min":null,"max":null}},"system_requirements_raw":{"minimum":"<strong>Minimum:<\/strong><br><ul class=\"bb_ul\"><li><strong>OS *:<\/strong> Windows\u00ae 7 32\/64-bit \/ Vista 32\/64 \/ XP<br><\/li><li><strong>Processor:<\/strong> Pentium 4 3.0GHz<br><\/li><li><strong>Memory:<\/strong> 2 GB RAM<br><\/li><li><strong>Graphics:<\/strong> Video card with 128 MB, Shader model 2.0. ATI X800, NVidia 6600 or better<br><\/li><li><strong>DirectX:<\/strong> Version 9.0c<br><\/li><li><strong>Storage:<\/strong> 13 GB available space<br><\/li><li><strong>Sound Card:<\/strong> DirectX 9.0c compatible sound card<\/li><\/ul>","recommended":"<strong>Recommended:<\/strong><br><ul class=\"bb_ul\"><li><strong>OS *:<\/strong> Windows\u00ae 7 32\/64-bit \/ Vista 32\/64 \/ XP<br><\/li><li><strong>Processor:<\/strong> Intel core 2 duo 2.4GHz<br><\/li><li><strong>Memory:<\/strong> 2 GB RAM<br><\/li><li><strong>Graphics:<\/strong> Video Card Shader model 3.0. NVidia 7600, ATI X1600 or better<br><\/li><li><strong>DirectX:<\/strong> Version 9.0c<br><\/li><li><strong>Storage:<\/strong> 13 GB available space<br><\/li><li><strong>Sound Card:<\/strong> DirectX 9.0c compatible sound card<\/li><\/ul>"},"steam_deck_compatibility":null,"deck_details":{"success":1,"results":{"appid":550,"resolved_category":3,"resolved_items":[{"display_type":4,"loc_token":"#SteamDeckVerified_TestResult_DefaultControllerConfigFullyFunctional"},{"display_type":4,"loc_token":"#SteamDeckVerified_TestResult_ControllerGlyphsMatchDeckDevice"},{"display_type":4,"loc_token":"#SteamDeckVerified_TestResult_InterfaceTextIsLegible"},{"display_type":4,"loc_token":"#SteamDeckVerified_TestResult_DefaultConfigurationIsPerformant"}],"steam_deck_blog_url":"","search_id":null,"steamos_resolved_category":2,"steamos_resolved_items":[{"display_type":3,"loc_token":"#SteamOS_TestResult_GameStartupFunctional"}]}}},{"appid":1280420,"name":"Mannequin Character Generator","playtime_forever":0,"img_icon_url":"4e4287f8df50f9eed879f834de7e2753180d5055","playtime_windows_forever":0,"playtime_mac_forever":0,"playtime_linux_forever":0,"playtime_deck_forever":0,"rtime_last_played":0,"content_descriptorids":[1,5],"playtime_disconnected":0,"system_requirements":{"OS":{"min":"10 or newer","max":"10 or newer"},"Processor":{"min":"Quad-Core, 3.0 GHz 64-bit processor","max":"Hexa-Core, 3.0 GHz 64-bit processor"},"Memory":{"min":"8 GB RAM","max":"16 GB RAM"},"Graphics":{"min":"Intel\/AMD Integrated Graphics, or better","max":"Intel\/AMD Integrated Graphics, or better"},"DirectX":{"min":null,"max":null},"Network":{"min":null,"max":null},"Storage":{"min":"4 GB available space","max":"4 GB available space"},"Additional Notes":{"min":"Requires a 64-bit processor and operating system","max":"Requires a 64-bit processor and operating system"}},"system_requirements_raw":{"minimum":"<strong>Minimum:<\/strong><br><ul class=\"bb_ul\"><li>Requires a 64-bit processor and operating system<br><\/li><li><strong>OS:<\/strong> 10 or newer<br><\/li><li><strong>Processor:<\/strong> Quad-Core, 3.0 GHz 64-bit processor<br><\/li><li><strong>Memory:<\/strong> 8 GB RAM<br><\/li><li><strong>Graphics:<\/strong> Intel\/AMD Integrated Graphics, or better<br><\/li><li><strong>Storage:<\/strong> 4 GB available space<\/li><\/ul>","recommended":"<strong>Recommended:<\/strong><br><ul class=\"bb_ul\"><li>Requires a 64-bit processor and operating system<br><\/li><li><strong>OS:<\/strong> 10 or newer<br><\/li><li><strong>Processor:<\/strong> Hexa-Core, 3.0 GHz 64-bit processor<br><\/li><li><strong>Memory:<\/strong> 16 GB RAM<br><\/li><li><strong>Graphics:<\/strong> Intel\/AMD Integrated Graphics, or better<br><\/li><li><strong>Storage:<\/strong> 4 GB available space<\/li><\/ul>"},"steam_deck_compatibility":null,"deck_details":{"success":1,"results":{"appid":1280420,"resolved_category":0,"resolved_items":[],"steam_deck_blog_url":"","search_id":null,"steamos_resolved_category":0,"steamos_resolved_items":[]}}},{"appid":1328670,"name":"Mass Effect\u2122 Legendary Edition","playtime_forever":6,"img_icon_url":"443ed7dba43882ef4298f8ed15bf67f323461e14","has_community_visible_stats":true,"playtime_windows_forever":0,"playtime_mac_forever":0,"playtime_linux_forever":6,"playtime_deck_forever":6,"rtime_last_played":1709242349,"content_descriptorids":[1,2,5],"playtime_disconnected":13,"system_requirements":{"OS":{"min":"64-bit Windows 10","max":"64-bit Windows 10"},"Processor":{"min":"Intel Core i5 3570 or AMD FX-8350","max":"Intel Core i7-7700 or AMD Ryzen 7 3700X"},"Memory":{"min":"8 GB RAM","max":"16 GB RAM"},"Graphics":{"min":"GPU: NVIDIA GTX 760, AMD Radeon 7970 \/ R9280X GPU RAM: 2 GB Video Memory","max":"GPU: NVIDIA GTX 1070 \/ RTX 200, Radeon Vega 56, GPU RAM: 4 GB Video Memory"},"DirectX":{"min":"Version 11","max":"Version 11"},"Network":{"min":null,"max":null},"Storage":{"min":"120 GB available space","max":"120 GB available space"},"Additional Notes":{"min":"Requires a 64-bit processor and operating system","max":"Requires a 64-bit processor and operating system"}},"system_requirements_raw":{"minimum":"<strong>Minimum:<\/strong><br><ul class=\"bb_ul\"><li>Requires a 64-bit processor and operating system<br><\/li><li><strong>OS:<\/strong> 64-bit Windows 10<br><\/li><li><strong>Processor:<\/strong> Intel Core i5 3570 or AMD FX-8350<br><\/li><li><strong>Memory:<\/strong> 8 GB RAM<br><\/li><li><strong>Graphics:<\/strong> GPU: NVIDIA GTX 760, AMD Radeon 7970 \/ R9280X GPU RAM: 2 GB Video Memory<br><\/li><li><strong>DirectX:<\/strong> Version 11<br><\/li><li><strong>Storage:<\/strong> 120 GB available space<\/li><\/ul>","recommended":"<strong>Recommended:<\/strong><br><ul class=\"bb_ul\"><li>Requires a 64-bit processor and operating system<br><\/li><li><strong>OS:<\/strong> 64-bit Windows 10<br><\/li><li><strong>Processor:<\/strong> Intel Core i7-7700 or AMD Ryzen 7 3700X<br><\/li><li><strong>Memory:<\/strong> 16 GB RAM<br><\/li><li><strong>Graphics:<\/strong> GPU: NVIDIA GTX 1070 \/ RTX 200, Radeon Vega 56, GPU RAM: 4 GB Video Memory<br><\/li><li><strong>DirectX:<\/strong> Version 11<br><\/li><li><strong>Storage:<\/strong> 120 GB available space<\/li><\/ul>"},"steam_deck_compatibility":null,"deck_details":{"success":1,"results":{"appid":1328670,"resolved_category":2,"resolved_items":[{"display_type":3,"loc_token":"#SteamDeckVerified_TestResult_LauncherInteractionIssues"},{"display_type":3,"loc_token":"#SteamDeckVerified_TestResult_TextInputDoesNotAutomaticallyInvokesKeyboard"},{"display_type":4,"loc_token":"#SteamDeckVerified_TestResult_DefaultControllerConfigFullyFunctional"},{"display_type":4,"loc_token":"#SteamDeckVerified_TestResult_ControllerGlyphsMatchDeckDevice"},{"display_type":4,"loc_token":"#SteamDeckVerified_TestResult_InterfaceTextIsLegible"},{"display_type":4,"loc_token":"#SteamDeckVerified_TestResult_DefaultConfigurationIsPerformant"},{"display_type":1,"loc_token":"#SteamDeckVerified_TestResult_FirstTimeSetupRequiresActiveInternetConnection"},{"display_type":1,"loc_token":"#SteamDeckVerified_TestResult_SingleplayerGameplayRequiresActiveInternetConnection"},{"display_type":1,"loc_token":"#SteamDeckVerified_TestResult_ExternalControllersNotSupportedPrimaryPlayer"}],"steam_deck_blog_url":"","search_id":null,"steamos_resolved_category":2,"steamos_resolved_items":[{"display_type":3,"loc_token":"#SteamOS_TestResult_GameStartupFunctional"},{"display_type":1,"loc_token":"#SteamOS_TestResult_LauncherInteractionIssues"},{"display_type":1,"loc_token":"#SteamOS_TestResult_TextInputDoesNotAutomaticallyInvokesKeyboard"},{"display_type":1,"loc_token":"#SteamOS_TestResult_FirstTimeSetupRequiresActiveInternetConnection"},{"display_type":1,"loc_token":"#SteamOS_TestResult_SingleplayerGameplayRequiresActiveInternetConnection"},{"display_type":1,"loc_token":"#SteamOS_TestResult_ExternalControllersNotSupportedPrimaryPlayer"}]}}},{"appid":1623730,"name":"Palworld","playtime_forever":0,"img_icon_url":"f5523077a8f4c923c2e8d8c17794b3319035fa73","has_community_visible_stats":true,"playtime_windows_forever":0,"playtime_mac_forever":0,"playtime_linux_forever":0,"playtime_deck_forever":0,"rtime_last_played":0,"playtime_disconnected":0,"system_requirements":{"OS":{"min":"Windows 10 or later (64-Bit)","max":"Windows 10 or later (64-Bit)"},"Processor":{"min":"i5-3570K 3.4 GHz 4 Core","max":"i9-9900K 3.6 GHz 8 Core"},"Memory":{"min":"16 GB RAM","max":"32 GB RAM"},"Graphics":{"min":"GeForce GTX 1050 (2GB)","max":"GeForce RTX 2070"},"DirectX":{"min":"Version 11","max":"Version 11"},"Network":{"min":"Broadband Internet connection","max":"Broadband Internet connection"},"Storage":{"min":"40 GB available space","max":"40 GB available space"},"Additional Notes":{"min":"Internet connection required for multiplayer. SSD required.","max":"Internet connection required for multiplayer. SSD required."}},"system_requirements_raw":{"minimum":"<strong>Minimum:<\/strong><br><ul class=\"bb_ul\"><li>Requires a 64-bit processor and operating system<br><\/li><li><strong>OS:<\/strong> Windows 10 or later (64-Bit)<br><\/li><li><strong>Processor:<\/strong> i5-3570K 3.4 GHz 4 Core<br><\/li><li><strong>Memory:<\/strong> 16 GB RAM<br><\/li><li><strong>Graphics:<\/strong> GeForce GTX 1050 (2GB)<br><\/li><li><strong>DirectX:<\/strong> Version 11<br><\/li><li><strong>Network:<\/strong> Broadband Internet connection<br><\/li><li><strong>Storage:<\/strong> 40 GB available space<br><\/li><li><strong>Additional Notes:<\/strong> Internet connection required for multiplayer. SSD required.<\/li><\/ul>","recommended":"<strong>Recommended:<\/strong><br><ul class=\"bb_ul\"><li>Requires a 64-bit processor and operating system<br><\/li><li><strong>OS:<\/strong> Windows 10 or later (64-Bit)<br><\/li><li><strong>Processor:<\/strong> i9-9900K 3.6 GHz 8 Core<br><\/li><li><strong>Memory:<\/strong> 32 GB RAM<br><\/li><li><strong>Graphics:<\/strong> GeForce RTX 2070<br><\/li><li><strong>DirectX:<\/strong> Version 11<br><\/li><li><strong>Network:<\/strong> Broadband Internet connection<br><\/li><li><strong>Storage:<\/strong> 40 GB available space<br><\/li><li><strong>Additional Notes:<\/strong> Internet connection required for multiplayer. SSD required.<\/li><\/ul>"},"steam_deck_compatibility":null,"deck_details":{"success":1,"results":{"appid":1623730,"resolved_category":3,"resolved_items":[{"display_type":4,"loc_token":"#SteamDeckVerified_TestResult_DefaultControllerConfigFullyFunctional"},{"display_type":4,"loc_token":"#SteamDeckVerified_TestResult_ControllerGlyphsMatchDeckDevice"},{"display_type":4,"loc_token":"#SteamDeckVerified_TestResult_InterfaceTextIsLegible"},{"display_type":4,"loc_token":"#SteamDeckVerified_TestResult_DefaultConfigurationIsPerformant"},{"display_type":1,"loc_token":"#SteamDeckVerified_TestResult_ExternalControllersNotSupportedPrimaryPlayer"}],"steam_deck_blog_url":"","search_id":null,"steamos_resolved_category":2,"steamos_resolved_items":[{"display_type":3,"loc_token":"#SteamOS_TestResult_GameStartupFunctional"},{"display_type":1,"loc_token":"#SteamOS_TestResult_ExternalControllersNotSupportedPrimaryPlayer"}]}}},{"appid":1979440,"name":"SAND LAND","playtime_forever":0,"img_icon_url":"76c165ea18128bd31e726090a2bd8d5c4a893768","has_community_visible_stats":true,"playtime_windows_forever":0,"playtime_mac_forever":0,"playtime_linux_forever":0,"playtime_deck_forever":0,"rtime_last_played":1720122852,"playtime_disconnected":60,"system_requirements":{"OS":{"min":"Windows 10","max":"Windows 11"},"Processor":{"min":"AMD Ryzen 5 2400G \/ Intel Core i5-9400F","max":"AMD Ryzen 5 2400G \/ Intel Core i5-9400F"},"Memory":{"min":"4 GB RAM","max":"8 GB RAM"},"Graphics":{"min":"AMD Radeon RX 590 \/ Nvidia GeForce GTX 1060","max":"AMD Radeon RX Vega 56 \/ Nvidia GeForce GTX 1660 Ti \/ Intel Arc A750"},"DirectX":{"min":"Version 12","max":"Version 12"},"Network":{"min":null,"max":null},"Storage":{"min":"20 GB available space","max":"20 GB available space"},"Additional Notes":{"min":"Estimated performance: 1080p\/60fps with graphics settings at &quot;Low&quot;. Framerate might drop in graphics-intensive scenes.  - 64-bit processor and operating system are required.","max":"Estimated performance: 1080p\/60fps with graphics settings at &quot;High&quot;.  Framerate might drop in graphics-intensive scenes.  - 64-bit processor and operating system are required. - Windows 10 (Version 1809 or later) and a 4GB VRAM GPU (graphics board or video card) are required for DirectX 12 API."}},"system_requirements_raw":{"minimum":"<strong>Minimum:<\/strong><br><ul class=\"bb_ul\"><li>Requires a 64-bit processor and operating system<br><\/li><li><strong>OS:<\/strong> Windows 10<br><\/li><li><strong>Processor:<\/strong> AMD Ryzen 5 2400G \/ Intel Core i5-9400F<br><\/li><li><strong>Memory:<\/strong> 4 GB RAM<br><\/li><li><strong>Graphics:<\/strong> AMD Radeon RX 590 \/ Nvidia GeForce GTX 1060<br><\/li><li><strong>DirectX:<\/strong> Version 12<br><\/li><li><strong>Storage:<\/strong> 20 GB available space<br><\/li><li><strong>Additional Notes:<\/strong> Estimated performance: 1080p\/60fps with graphics settings at &quot;Low&quot;. Framerate might drop in graphics-intensive scenes.  - 64-bit processor and operating system are required.<\/li><\/ul>","recommended":"<strong>Recommended:<\/strong><br><ul class=\"bb_ul\"><li>Requires a 64-bit processor and operating system<br><\/li><li><strong>OS:<\/strong> Windows 11<br><\/li><li><strong>Processor:<\/strong> AMD Ryzen 5 2400G \/ Intel Core i5-9400F<br><\/li><li><strong>Memory:<\/strong> 8 GB RAM<br><\/li><li><strong>Graphics:<\/strong> AMD Radeon RX Vega 56 \/ Nvidia GeForce GTX 1660 Ti \/ Intel Arc A750<br><\/li><li><strong>DirectX:<\/strong> Version 12<br><\/li><li><strong>Storage:<\/strong> 20 GB available space<br><\/li><li><strong>Additional Notes:<\/strong> Estimated performance: 1080p\/60fps with graphics settings at &quot;High&quot;.  Framerate might drop in graphics-intensive scenes.  - 64-bit processor and operating system are required. - Windows 10 (Version 1809 or later) and a 4GB VRAM GPU (graphics board or video card) are required for DirectX 12 API.<\/li><\/ul>"},"steam_deck_compatibility":null,"deck_details":{"success":1,"results":{"appid":1979440,"resolved_category":2,"resolved_items":[{"display_type":3,"loc_token":"#SteamDeckVerified_TestResult_InterfaceTextIsNotLegible"},{"display_type":4,"loc_token":"#SteamDeckVerified_TestResult_DefaultControllerConfigFullyFunctional"},{"display_type":4,"loc_token":"#SteamDeckVerified_TestResult_ControllerGlyphsMatchDeckDevice"},{"display_type":4,"loc_token":"#SteamDeckVerified_TestResult_DefaultConfigurationIsPerformant"},{"display_type":1,"loc_token":"#SteamDeckVerified_TestResult_ExternalControllersNotSupportedPrimaryPlayer"}],"steam_deck_blog_url":"","search_id":null,"steamos_resolved_category":2,"steamos_resolved_items":[{"display_type":3,"loc_token":"#SteamOS_TestResult_GameStartupFunctional"},{"display_type":1,"loc_token":"#SteamOS_TestResult_ExternalControllersNotSupportedPrimaryPlayer"}]}}},{"appid":758330,"name":"Shenmue I & II","playtime_forever":0,"img_icon_url":"6d99da3c90adf6f4e54e41f26d119ba2c42f1c0b","has_community_visible_stats":true,"playtime_windows_forever":0,"playtime_mac_forever":0,"playtime_linux_forever":0,"playtime_deck_forever":0,"rtime_last_played":0,"playtime_disconnected":0,"system_requirements":{"OS":{"min":null,"max":null},"Processor":{"min":"Intel i3-560 \/ AMD FX-4300","max":null},"Memory":{"min":"4 GB RAM","max":null},"Graphics":{"min":"NVIDIA GeForce GTX 650 Ti (1GB Vram) \/ AMD Radeon 6990","max":null},"DirectX":{"min":"Version 11","max":null},"Network":{"min":null,"max":null},"Storage":{"min":"30 GB available space","max":null},"Additional Notes":{"min":"Microsoft no longer supports Windows 10 or older versions","max":"Microsoft no longer supports Windows 10 or older versions\u201d"}},"system_requirements_raw":{"minimum":"<strong>Minimum:<\/strong><br><ul class=\"bb_ul\"><li><strong>OS *:<\/strong> Windows 7 64Bit<br><\/li><li><strong>Processor:<\/strong> Intel i3-560 \/ AMD FX-4300<br><\/li><li><strong>Memory:<\/strong> 4 GB RAM<br><\/li><li><strong>Graphics:<\/strong> NVIDIA GeForce GTX 650 Ti (1GB Vram) \/ AMD Radeon 6990<br><\/li><li><strong>DirectX:<\/strong> Version 11<br><\/li><li><strong>Storage:<\/strong> 30 GB available space<br><\/li><li><strong>Additional Notes:<\/strong> Microsoft no longer supports Windows 10 or older versions<\/li><\/ul>","recommended":"<strong>Recommended:<\/strong><br><ul class=\"bb_ul\"><li><strong>Additional Notes:<\/strong> Microsoft no longer supports Windows 10 or older versions\u201d<\/li><\/ul>"},"steam_deck_compatibility":null,"deck_details":{"success":1,"results":{"appid":758330,"resolved_category":1,"resolved_items":[{"display_type":2,"loc_token":"#SteamDeckVerified_TestResult_SteamOSDoesNotSupport"}],"steam_deck_blog_url":"","search_id":null,"steamos_resolved_category":1,"steamos_resolved_items":[{"display_type":2,"loc_token":"#SteamOS_TestResult_SteamOSDoesNotSupport"}]}}},{"appid":878670,"name":"Shenmue III","playtime_forever":0,"img_icon_url":"702884f006b9a426eda18c7ed9a17707dfda1572","has_community_visible_stats":true,"playtime_windows_forever":0,"playtime_mac_forever":0,"playtime_linux_forever":0,"playtime_deck_forever":0,"rtime_last_played":0,"playtime_disconnected":0,"system_requirements":{"OS":{"min":null,"max":"Windows 10 (64-bit OS Required)"},"Processor":{"min":"Intel Core i5-4460 (3.40 GHz) or better; Quad-core or better","max":"Intel Core i7-7700 (3.60 GHz)"},"Memory":{"min":"4 GB RAM","max":"16 GB RAM"},"Graphics":{"min":"NVIDIA GeForce GTX 650 Ti or better (DirectX 11 card &amp; VRAM 2GB Required)","max":"NVIDIA GeForce GTX 1070"},"DirectX":{"min":"Version 11","max":"Version 11"},"Network":{"min":null,"max":null},"Storage":{"min":"100 GB available space","max":"100 GB available space"},"Additional Notes":{"min":"Requires a 64-bit processor and operating system","max":"Requires a 64-bit processor and operating system"}},"system_requirements_raw":{"minimum":"<strong>Minimum:<\/strong><br><ul class=\"bb_ul\"><li>Requires a 64-bit processor and operating system<br><\/li><li><strong>OS *:<\/strong> Windows 7\u00d764, Windows 8\u00d764, Windows 10\u00d764 (64-bit OS Required)<br><\/li><li><strong>Processor:<\/strong> Intel Core i5-4460 (3.40 GHz) or better; Quad-core or better<br><\/li><li><strong>Memory:<\/strong> 4 GB RAM<br><\/li><li><strong>Graphics:<\/strong> NVIDIA GeForce GTX 650 Ti or better (DirectX 11 card &amp; VRAM 2GB Required)<br><\/li><li><strong>DirectX:<\/strong> Version 11<br><\/li><li><strong>Storage:<\/strong> 100 GB available space<br><\/li><li><strong>Sound Card:<\/strong> DirectX 9.0c compatible sound card<\/li><\/ul>","recommended":"<strong>Recommended:<\/strong><br><ul class=\"bb_ul\"><li>Requires a 64-bit processor and operating system<br><\/li><li><strong>OS:<\/strong> Windows 10 (64-bit OS Required)<br><\/li><li><strong>Processor:<\/strong> Intel Core i7-7700 (3.60 GHz)<br><\/li><li><strong>Memory:<\/strong> 16 GB RAM<br><\/li><li><strong>Graphics:<\/strong> NVIDIA GeForce GTX 1070<br><\/li><li><strong>DirectX:<\/strong> Version 11<br><\/li><li><strong>Storage:<\/strong> 100 GB available space<br><\/li><li><strong>Sound Card:<\/strong> DirectX 9.0c compatible sound card<\/li><\/ul>"},"steam_deck_compatibility":null,"deck_details":{"success":1,"results":{"appid":878670,"resolved_category":3,"resolved_items":[{"display_type":4,"loc_token":"#SteamDeckVerified_TestResult_DefaultControllerConfigFullyFunctional"},{"display_type":4,"loc_token":"#SteamDeckVerified_TestResult_ControllerGlyphsMatchDeckDevice"},{"display_type":4,"loc_token":"#SteamDeckVerified_TestResult_InterfaceTextIsLegible"},{"display_type":4,"loc_token":"#SteamDeckVerified_TestResult_DefaultConfigurationIsPerformant"},{"display_type":1,"loc_token":"#SteamDeckVerified_TestResult_SingleplayerGameplayRequiresActiveInternetConnection"},{"display_type":1,"loc_token":"#SteamDeckVerified_TestResult_ExternalControllersNotSupportedPrimaryPlayer"}],"steam_deck_blog_url":"","search_id":null,"steamos_resolved_category":2,"steamos_resolved_items":[{"display_type":3,"loc_token":"#SteamOS_TestResult_GameStartupFunctional"},{"display_type":1,"loc_token":"#SteamOS_TestResult_SingleplayerGameplayRequiresActiveInternetConnection"},{"display_type":1,"loc_token":"#SteamOS_TestResult_ExternalControllersNotSupportedPrimaryPlayer"}]}}},{"appid":3489700,"name":"Stellar Blade\u2122","playtime_forever":1,"img_icon_url":"57038a59c95ccee823169ffd580adef713543d46","has_community_visible_stats":true,"playtime_windows_forever":0,"playtime_mac_forever":0,"playtime_linux_forever":1,"playtime_deck_forever":1,"rtime_last_played":1749748118,"content_descriptorids":[1,2,5],"playtime_disconnected":0,"system_requirements":{"OS":{"min":"Windows 10 64-bit","max":"Windows 10 64-bit"},"Processor":{"min":"Intel\u00ae Core\u2122 i5-7600k Processor \/ AMD Ryzen\u2122 5 1600X Processor","max":"Intel\u00ae Core\u2122 i5-8400 Processor \/ AMD Ryzen\u2122 5 3600X Processor"},"Memory":{"min":"16 GB RAM","max":"16 GB RAM"},"Graphics":{"min":"NVIDIA GeForce GTX 1060 6GB or AMD Radeon RX 580 8GB","max":"NVIDIA GeForce RTX 2060 SUPER  or AMD Radeon RX 5700 XT"},"DirectX":{"min":"Version 12","max":"Version 12"},"Network":{"min":null,"max":null},"Storage":{"min":"75 GB available space","max":"75 GB available space"},"Additional Notes":{"min":"1080P. Graphics Quality Preset \u201cLow\u201d. 60FPS Target. HDD Supported, SSD Recommended.","max":"1440p. Graphics Quality Preset \u201cMedium\u201d.\u00a0 60FPS Target. SSD Required."}},"system_requirements_raw":{"minimum":"<strong>Minimum:<\/strong><br><ul class=\"bb_ul\"><li>Requires a 64-bit processor and operating system<br><\/li><li><strong>OS:<\/strong> Windows 10 64-bit<br><\/li><li><strong>Processor:<\/strong> Intel\u00ae Core\u2122 i5-7600k Processor \/ AMD Ryzen\u2122 5 1600X Processor<br><\/li><li><strong>Memory:<\/strong> 16 GB RAM<br><\/li><li><strong>Graphics:<\/strong> NVIDIA GeForce GTX 1060 6GB or AMD Radeon RX 580 8GB<br><\/li><li><strong>DirectX:<\/strong> Version 12<br><\/li><li><strong>Storage:<\/strong> 75 GB available space<br><\/li><li><strong>Additional Notes:<\/strong> 1080P. Graphics Quality Preset \u201cLow\u201d. 60FPS Target. HDD Supported, SSD Recommended.<\/li><\/ul>","recommended":"<strong>Recommended:<\/strong><br><ul class=\"bb_ul\"><li>Requires a 64-bit processor and operating system<br><\/li><li><strong>OS:<\/strong> Windows 10 64-bit<br><\/li><li><strong>Processor:<\/strong> Intel\u00ae Core\u2122 i5-8400 Processor \/ AMD Ryzen\u2122 5 3600X Processor<br><\/li><li><strong>Memory:<\/strong> 16 GB RAM<br><\/li><li><strong>Graphics:<\/strong> NVIDIA GeForce RTX 2060 SUPER  or AMD Radeon RX 5700 XT<br><\/li><li><strong>DirectX:<\/strong> Version 12<br><\/li><li><strong>Storage:<\/strong> 75 GB available space<br><\/li><li><strong>Additional Notes:<\/strong> 1440p. Graphics Quality Preset \u201cMedium\u201d.\u00a0 60FPS Target. SSD Required.<\/li><\/ul>"},"steam_deck_compatibility":null,"deck_details":{"success":1,"results":{"appid":3489700,"resolved_category":3,"resolved_items":[{"display_type":4,"loc_token":"#SteamDeckVerified_TestResult_DefaultControllerConfigFullyFunctional"},{"display_type":4,"loc_token":"#SteamDeckVerified_TestResult_ControllerGlyphsMatchDeckDevice"},{"display_type":4,"loc_token":"#SteamDeckVerified_TestResult_InterfaceTextIsLegible"},{"display_type":4,"loc_token":"#SteamDeckVerified_TestResult_DefaultConfigurationIsPerformant"},{"display_type":1,"loc_token":"#SteamDeckVerified_TestResult_FirstTimeSetupRequiresActiveInternetConnection"},{"display_type":1,"loc_token":"#SteamDeckVerified_TestResult_ExternalControllersNotSupportedPrimaryPlayer"}],"steam_deck_blog_url":"","search_id":null,"steamos_resolved_category":2,"steamos_resolved_items":[{"display_type":3,"loc_token":"#SteamOS_TestResult_GameStartupFunctional"},{"display_type":1,"loc_token":"#SteamOS_TestResult_FirstTimeSetupRequiresActiveInternetConnection"},{"display_type":1,"loc_token":"#SteamOS_TestResult_ExternalControllersNotSupportedPrimaryPlayer"}]}}},{"appid":429660,"name":"Tales of Berseria","playtime_forever":45,"img_icon_url":"bc14b91107afcf731e5c324e3f1ef83098d8a8fa","has_community_visible_stats":true,"playtime_windows_forever":0,"playtime_mac_forever":0,"playtime_linux_forever":45,"playtime_deck_forever":45,"rtime_last_played":1701460880,"playtime_disconnected":37,"system_requirements":{"OS":{"min":null,"max":null},"Processor":{"min":"Intel Core 2 Duo E8400 3.0GHz or AMD Phenom II X2 550, 3.1GHz","max":"Intel Core i5-750, 2.66GHz or AMD Phenom II X4 965, 3.2GHz"},"Memory":{"min":"2 GB RAM","max":"4 GB RAM"},"Graphics":{"min":"GeForce 9800 GTX or AMD Radeon HD 4850","max":"GeForce GTX 560 or Radeon HD 7870"},"DirectX":{"min":"Version 9.0c","max":"Version 9.0c"},"Network":{"min":null,"max":null},"Storage":{"min":"15 GB available space","max":"15 GB available space"},"Additional Notes":{"min":"Requires a 64-bit processor and operating system","max":"Requires a 64-bit processor and operating system"}},"system_requirements_raw":{"minimum":"<strong>Minimum:<\/strong><br><ul class=\"bb_ul\"><li>Requires a 64-bit processor and operating system<br><\/li><li><strong>OS *:<\/strong> Windows 7, 8, 10 (64-bit)<br><\/li><li><strong>Processor:<\/strong> Intel Core 2 Duo E8400 3.0GHz or AMD Phenom II X2 550, 3.1GHz<br><\/li><li><strong>Memory:<\/strong> 2 GB RAM<br><\/li><li><strong>Graphics:<\/strong> GeForce 9800 GTX or AMD Radeon HD 4850<br><\/li><li><strong>DirectX:<\/strong> Version 9.0c<br><\/li><li><strong>Storage:<\/strong> 15 GB available space<br><\/li><li><strong>Sound Card:<\/strong> DirectX 11 compatible<\/li><\/ul>","recommended":"<strong>Recommended:<\/strong><br><ul class=\"bb_ul\"><li>Requires a 64-bit processor and operating system<br><\/li><li><strong>OS *:<\/strong> Windows 7, 8, 10 (64-bit)<br><\/li><li><strong>Processor:<\/strong> Intel Core i5-750, 2.66GHz or AMD Phenom II X4 965, 3.2GHz<br><\/li><li><strong>Memory:<\/strong> 4 GB RAM<br><\/li><li><strong>Graphics:<\/strong> GeForce GTX 560 or Radeon HD 7870<br><\/li><li><strong>DirectX:<\/strong> Version 9.0c<br><\/li><li><strong>Storage:<\/strong> 15 GB available space<br><\/li><li><strong>Sound Card:<\/strong> DirectX 11 compatible<\/li><\/ul>"},"steam_deck_compatibility":null,"deck_details":{"success":1,"results":{"appid":429660,"resolved_category":1,"resolved_items":[{"display_type":2,"loc_token":"#SteamDeckVerified_TestResult_SteamOSDoesNotSupport"}],"steam_deck_blog_url":"","search_id":null,"steamos_resolved_category":1,"steamos_resolved_items":[{"display_type":2,"loc_token":"#SteamOS_TestResult_SteamOSDoesNotSupport"}]}}},{"appid":1486350,"name":"VRoid Studio","playtime_forever":9,"img_icon_url":"45bc7fb4c2cf56058fe27d226c10bd8e213de998","playtime_windows_forever":9,"playtime_mac_forever":0,"playtime_linux_forever":0,"playtime_deck_forever":0,"rtime_last_played":1730052822,"playtime_disconnected":77,"system_requirements":{"OS":{"min":"Windows 10 \/ 11","max":"Windows 10 \/ 11"},"Processor":{"min":"Intel Core i5 6th gen or later \/ AMD Ryzen 5 3rd gen or later","max":"Intel Core i9 9th gen or later \/ AMD Ryzen 9 5th gen or later"},"Memory":{"min":"8 GB RAM","max":"16 GB RAM"},"Graphics":{"min":"Intel Iris Graphics 540 or higher","max":"Intel Iris Graphics 630 or higher"},"DirectX":{"min":null,"max":null},"Network":{"min":null,"max":null},"Storage":{"min":"10 GB available space","max":"10 GB available space"},"Additional Notes":{"min":"Requires a 64-bit processor and operating system","max":"Requires a 64-bit processor and operating system"}},"system_requirements_raw":{"minimum":"<strong>Minimum:<\/strong><br><ul class=\"bb_ul\"><li>Requires a 64-bit processor and operating system<br><\/li><li><strong>OS:<\/strong> Windows 10 \/ 11<br><\/li><li><strong>Processor:<\/strong> Intel Core i5 6th gen or later \/ AMD Ryzen 5 3rd gen or later<br><\/li><li><strong>Memory:<\/strong> 8 GB RAM<br><\/li><li><strong>Graphics:<\/strong> Intel Iris Graphics 540 or higher<br><\/li><li><strong>Storage:<\/strong> 10 GB available space<\/li><\/ul>","recommended":"<strong>Recommended:<\/strong><br><ul class=\"bb_ul\"><li>Requires a 64-bit processor and operating system<br><\/li><li><strong>OS:<\/strong> Windows 10 \/ 11<br><\/li><li><strong>Processor:<\/strong> Intel Core i9 9th gen or later \/ AMD Ryzen 9 5th gen or later<br><\/li><li><strong>Memory:<\/strong> 16 GB RAM<br><\/li><li><strong>Graphics:<\/strong> Intel Iris Graphics 630 or higher<br><\/li><li><strong>Storage:<\/strong> 10 GB available space<\/li><\/ul>"},"steam_deck_compatibility":null,"deck_details":{"success":1,"results":{"appid":1486350,"resolved_category":1,"resolved_items":[{"display_type":2,"loc_token":"#SteamDeckVerified_TestResult_SteamOSDoesNotSupport_Software"}],"steam_deck_blog_url":"","search_id":null,"steamos_resolved_category":1,"steamos_resolved_items":[{"display_type":2,"loc_token":"#SteamOS_TestResult_SteamOSDoesNotSupport_Software"}]}}}]
