[
    {
        "id": "6i7Kn4PKBzs",
        "title": "Death Note but they are BROKE",
        "uploader": "KoreanSwede",
        "file": "6i7Kn4PKBzs.mp4",
        "uploaded": "2025-06-21T20:10:56+00:00",
        "url": "https:\/\/alcea-wisteria.de\/ytarchive\/6i7Kn4PKBzs.mp4",
        "waybackurl": "https:\/\/web.archive.org\/web\/20250621201058\/https:\/\/alcea-wisteria.de\/ytarchive\/6i7Kn4PKBzs.mp4"
    },
    {
        "id": "Q-HJXLLQ_As",
        "title": "L Gets Invited on a Double Date",
        "uploader": "KoreanSwede",
        "file": "Q-HJXLLQ_As.mp4",
        "uploaded": "2025-06-21T20:29:05+00:00",
        "url": "https:\/\/alcea-wisteria.de\/ytarchive\/Q-HJXLLQ_As.mp4",
        "waybackurl": "https:\/\/web.archive.org\/web\/20250621202908\/https:\/\/alcea-wisteria.de\/ytarchive\/Q-HJXLLQ_As.mp4"
    },
    {
        "id": "EID8aNDq93s",
        "title": "Light Yagami Self Reports",
        "uploader": "KoreanSwede",
        "file": "EID8aNDq93s.mp4",
        "uploaded": "2025-06-21T20:32:40+00:00",
        "url": "https:\/\/alcea-wisteria.de\/ytarchive\/EID8aNDq93s.mp4",
        "waybackurl": "https:\/\/web.archive.org\/web\/20250621203235\/https:\/\/alcea-wisteria.de\/ytarchive\/EID8aNDq93s.mp4"
    },
    {
        "id": "47SQLhG1mAQ",
        "title": "Light Yagami Opens a Hotline",
        "uploader": "KoreanSwede",
        "file": "47SQLhG1mAQ.mp4",
        "uploaded": "2025-06-21T20:53:46+00:00",
        "url": "https:\/\/alcea-wisteria.de\/ytarchive\/47SQLhG1mAQ.mp4",
        "waybackurl": "https:\/\/web.archive.org\/web\/20250621205336\/https:\/\/alcea-wisteria.de\/ytarchive\/47SQLhG1mAQ.mp4"
    },
    {
        "id": "IOcQD04-0yw",
        "title": "Sakurai when designing Sonic in Brawl",
        "uploader": "UR2SLOW",
        "file": "IOcQD04-0yw.mp4",
        "uploaded": "2025-06-21T21:55:14+00:00",
        "url": "https:\/\/alcea-wisteria.de\/ytarchive\/IOcQD04-0yw.mp4",
        "waybackurl": "https:\/\/web.archive.org\/web\/20250621215504\/https:\/\/alcea-wisteria.de\/ytarchive\/IOcQD04-0yw.mp4"
    },
    {
        "id": "HLbdWih7GGM",
        "title": "NACH 23 JAHREN: ENDLICH das ENDE des MYSTERIUMS in DETEKTIV CONAN!??",
        "uploader": "mexSan",
        "file": "HLbdWih7GGM.mp4",
        "uploaded": "2025-06-21T22:10:11+00:00",
        "url": "https:\/\/alcea-wisteria.de\/ytarchive\/HLbdWih7GGM.mp4",
        "waybackurl": "https:\/\/web.archive.org\/web\/20250621220957\/https:\/\/alcea-wisteria.de\/ytarchive\/HLbdWih7GGM.mp4"
    },
    {
        "id": "hmFoBwoInN4",
        "title": "\"What am I supposed to do if I can't use the Keyblade?\"",
        "uploader": "Stickman Sham",
        "file": "hmFoBwoInN4.mp4",
        "uploaded": "2025-06-21T22:15:50+00:00",
        "url": "https:\/\/alcea-wisteria.de\/ytarchive\/hmFoBwoInN4.mp4",
        "waybackurl": "https:\/\/web.archive.org\/web\/20250621221534\/https:\/\/alcea-wisteria.de\/ytarchive\/hmFoBwoInN4.mp4"
    },
    {
        "id": "_jiGWPeLXXM",
        "title": "Die Jagd nach Marcell D'Avis",
        "uploader": "2 Bored Guys",
        "file": "_jiGWPeLXXM.mp4",
        "uploaded": "2025-06-21T22:26:59+00:00",
        "url": "https:\/\/alcea-wisteria.de\/ytarchive\/_jiGWPeLXXM.mp4",
        "waybackurl": "https:\/\/web.archive.org\/web\/20250621222640\/https:\/\/alcea-wisteria.de\/ytarchive\/_jiGWPeLXXM.mp4"
    },
    {
        "id": "IwgICbILJ9o",
        "title": "Near's Theme - Ultra Epic Version",
        "uploader": "CJ Music",
        "file": "IwgICbILJ9o.mp4",
        "uploaded": "2025-06-21T22:32:42+00:00",
        "url": "https:\/\/alcea-wisteria.de\/ytarchive\/IwgICbILJ9o.mp4",
        "waybackurl": "https:\/\/web.archive.org\/web\/20250622154401\/https:\/\/alcea-wisteria.de\/ytarchive\/fin\/IwgICbILJ9o.mp4"
    },
    {
        "id": "QK818g-QcII",
        "title": "Near's Theme vs. Mello's Theme - Epic Mashup",
        "uploader": "CJ Music",
        "file": "QK818g-QcII.mp4",
        "uploaded": "2025-06-21T22:36:12+00:00",
        "url": "https:\/\/alcea-wisteria.de\/ytarchive\/QK818g-QcII.mp4",
        "waybackurl": "https:\/\/web.archive.org\/web\/20250621223604\/https:\/\/alcea-wisteria.de\/ytarchive\/QK818g-QcII.mp4"
    },
    {
        "id": "ZHeyxvvdQuY",
        "title": "the 358\/2 days experience",
        "uploader": "Stickman Sham",
        "file": "ZHeyxvvdQuY.mp4",
        "uploaded": "2025-06-21T22:48:41+00:00",
        "url": "https:\/\/alcea-wisteria.de\/ytarchive\/ZHeyxvvdQuY.mp4",
        "waybackurl": "https:\/\/web.archive.org\/web\/20250621224829\/https:\/\/alcea-wisteria.de\/ytarchive\/ZHeyxvvdQuY.mp4"
    },
    {
        "id": "S8fBDijXwr0",
        "title": "Vrains But It’s Just Kolter Talking About Hotdogs",
        "uploader": "Plumbum",
        "file": "S8fBDijXwr0.mp4",
        "uploaded": "2025-06-21T22:58:24+00:00",
        "url": "https:\/\/alcea-wisteria.de\/ytarchive\/S8fBDijXwr0.mp4",
        "waybackurl": "https:\/\/web.archive.org\/web\/20250621225812\/https:\/\/alcea-wisteria.de\/ytarchive\/S8fBDijXwr0.mp4"
    },
    {
        "id": "TOD5Cdm3oEE",
        "title": "Episode 17 - The Blair Affair [In The Booth]",
        "uploader": "xthedarkone",
        "file": "TOD5Cdm3oEE.mp4",
        "uploaded": "2025-06-21T23:02:38+00:00",
        "url": "https:\/\/alcea-wisteria.de\/ytarchive\/TOD5Cdm3oEE.mp4",
        "waybackurl": "https:\/\/web.archive.org\/web\/20250621230226\/https:\/\/alcea-wisteria.de\/ytarchive\/TOD5Cdm3oEE.mp4"
    },
    {
        "id": "iS9t99I29ic",
        "title": "Yugi Vs Kaiba But It's Modern Yu-Gi-Oh Ft. Jeff Leonard",
        "uploader": "RedMufflerMan",
        "file": "iS9t99I29ic.mp4",
        "uploaded": "2025-06-21T23:22:24+00:00",
        "url": "https:\/\/alcea-wisteria.de\/ytarchive\/iS9t99I29ic.mp4",
        "waybackurl": "https:\/\/web.archive.org\/web\/20250621232356\/https:\/\/alcea-wisteria.de\/ytarchive\/iS9t99I29ic.mp4"
    },
    {
        "id": "EL-ihLLz3R0",
        "title": "Columbo SOLVES The Death Note Case",
        "uploader": "RedMufflerMan",
        "file": "EL-ihLLz3R0.mp4",
        "uploaded": "2025-06-21T23:33:33+00:00",
        "url": "https:\/\/alcea-wisteria.de\/ytarchive\/EL-ihLLz3R0.mp4",
        "waybackurl": "https:\/\/web.archive.org\/web\/20250621233318\/https:\/\/alcea-wisteria.de\/ytarchive\/EL-ihLLz3R0.mp4"
    },
    {
        "id": "skUXejbALgU",
        "title": "Sakurai when Designing Ridley",
        "uploader": "UR2SLOW",
        "file": "skUXejbALgU.mp4",
        "uploaded": "2025-06-22T08:26:56+00:00",
        "url": "https:\/\/alcea-wisteria.de\/ytarchive\/skUXejbALgU.mp4",
        "waybackurl": "https:\/\/web.archive.org\/web\/20250622082644\/https:\/\/alcea-wisteria.de\/ytarchive\/skUXejbALgU.mp4"
    },
    {
        "id": "84DOc6vYcqU",
        "title": "Kamikaze Kaitou Jeanne - AMV - Headstrong to Take You On",
        "uploader": "MagitekPange",
        "file": "84DOc6vYcqU.mp4",
        "uploaded": "2025-06-22T10:42:34+00:00",
        "url": "https:\/\/alcea-wisteria.de\/ytarchive\/84DOc6vYcqU.mp4",
        "waybackurl": "https:\/\/web.archive.org\/web\/20250622104227\/https:\/\/alcea-wisteria.de\/ytarchive\/84DOc6vYcqU.mp4"
    },
    {
        "id": "rr5oHkSxEi8",
        "title": "AMV - Phoenix Wright - Became So Numb",
        "uploader": "Cedric Molines",
        "file": "rr5oHkSxEi8.mp4",
        "uploaded": "2025-06-22T10:45:53+00:00",
        "url": "https:\/\/alcea-wisteria.de\/ytarchive\/rr5oHkSxEi8.mp4",
        "waybackurl": "https:\/\/web.archive.org\/web\/20250622104542\/https:\/\/alcea-wisteria.de\/ytarchive\/rr5oHkSxEi8.mp4"
    },
    {
        "id": "j8AYgdQ6C-Q",
        "title": "Marionette, AMV❥\/\/Yusaku ✘ Aoi』",
        "uploader": "KyuuHina Yuzu Pendulum",
        "file": "j8AYgdQ6C-Q.mp4",
        "uploaded": "2025-06-22T10:48:53+00:00",
        "url": "https:\/\/alcea-wisteria.de\/ytarchive\/j8AYgdQ6C-Q.mp4",
        "waybackurl": "https:\/\/web.archive.org\/web\/20250622104835\/https:\/\/alcea-wisteria.de\/ytarchive\/j8AYgdQ6C-Q.mp4"
    },
    {
        "id": "JqNyC4uz3rI",
        "title": "2025 04 18 MOVEON",
        "uploader": "꧁BouCea•Liora꧂",
        "file": "JqNyC4uz3rI.mp4",
        "uploaded": "2025-06-22T11:13:21+00:00",
        "url": "https:\/\/alcea-wisteria.de\/ytarchive\/JqNyC4uz3rI.mp4",
        "waybackurl": "https:\/\/web.archive.org\/web\/20250622111302\/https:\/\/alcea-wisteria.de\/ytarchive\/JqNyC4uz3rI.mp4"
    },
    {
        "id": "dQxhQgAYg6M",
        "title": "Shadow serves a drink.",
        "uploader": "Roger van der Weide",
        "file": "dQxhQgAYg6M.mp4",
        "uploaded": "2025-06-22T12:13:39+00:00",
        "url": "https:\/\/alcea-wisteria.de\/ytarchive\/dQxhQgAYg6M.mp4",
        "waybackurl": "https:\/\/web.archive.org\/web\/20250622121330\/https:\/\/alcea-wisteria.de\/ytarchive\/dQxhQgAYg6M.mp4"
    },
    {
        "id": "PF21ylzyzCE",
        "title": "Apple reacts iOS19",
        "uploader": "SamTime",
        "file": "PF21ylzyzCE.mp4",
        "uploaded": "2025-06-22T12:16:08+00:00",
        "url": "https:\/\/alcea-wisteria.de\/ytarchive\/PF21ylzyzCE.mp4",
        "waybackurl": "https:\/\/web.archive.org\/web\/20250622122026\/https:\/\/alcea-wisteria.de\/ytarchive\/PF21ylzyzCE.mp4"
    },
    {
        "id": "zrTploWLKRY",
        "title": "A Cloud Strife Tribute",
        "uploader": "Georgie17xx",
        "file": "zrTploWLKRY.mp4",
        "uploaded": "2025-06-22T13:05:26+00:00",
        "url": "https:\/\/alcea-wisteria.de\/ytarchive\/zrTploWLKRY.mp4",
        "waybackurl": "https:\/\/web.archive.org\/web\/20250622130514\/https:\/\/alcea-wisteria.de\/ytarchive\/zrTploWLKRY.mp4"
    },
    {
        "id": "4rh1Ke_stDo",
        "title": "Kaitou Joker Amv - Silent Scream",
        "uploader": "Rose Twist",
        "file": "4rh1Ke_stDo.mp4",
        "uploaded": "2025-06-22T13:21:30+00:00",
        "url": "https:\/\/alcea-wisteria.de\/ytarchive\/4rh1Ke_stDo.mp4",
        "waybackurl": "https:\/\/web.archive.org\/web\/20250622132119\/https:\/\/alcea-wisteria.de\/ytarchive\/4rh1Ke_stDo.mp4"
    },
    {
        "id": "HV4XYwwUuNU",
        "title": "Subaru x MisoraGeo x Sonia   Dreams of an Absolution.avi",
        "uploader": "TheTercx",
        "file": "HV4XYwwUuNU.mp4",
        "uploaded": "2025-06-22T13:33:00+00:00",
        "url": "https:\/\/alcea-wisteria.de\/ytarchive\/HV4XYwwUuNU.mp4",
        "waybackurl": "https:\/\/web.archive.org\/web\/20250622133315\/https:\/\/alcea-wisteria.de\/ytarchive\/HV4XYwwUuNU.mp4"
    },
    {
        "id": "2u-e2Wu4C_w",
        "title": "Ai & Conan .... In The End ....",
        "uploader": "Maria Sole Pecchioni",
        "file": "2u-e2Wu4C_w.mp4",
        "uploaded": "2025-06-22T13:39:58+00:00",
        "url": "https:\/\/alcea-wisteria.de\/ytarchive\/2u-e2Wu4C_w.mp4",
        "waybackurl": "https:\/\/web.archive.org\/web\/20250622133952\/https:\/\/alcea-wisteria.de\/ytarchive\/2u-e2Wu4C_w.mp4"
    },
    {
        "id": "UQqFOZ2N-1U",
        "title": "Nier: Automata - I Remember [GMV]",
        "uploader": "Chef",
        "file": "UQqFOZ2N-1U.mp4",
        "uploaded": "2025-06-22T13:42:14+00:00",
        "url": "https:\/\/alcea-wisteria.de\/ytarchive\/UQqFOZ2N-1U.mp4",
        "waybackurl": "https:\/\/web.archive.org\/web\/20250622134254\/https:\/\/alcea-wisteria.de\/ytarchive\/UQqFOZ2N-1U.mp4"
    },
    {
        "id": "YQN8jEQeE58",
        "title": "Light Yagami Has No RIzz",
        "uploader": "KoreanSwede",
        "file": "YQN8jEQeE58.mp4",
        "uploaded": "2025-06-22T15:25:46+00:00",
        "url": "https:\/\/alcea-wisteria.de\/ytarchive\/YQN8jEQeE58.mp4",
        "waybackurl": "https:\/\/web.archive.org\/web\/20250622165904\/https:\/\/alcea-wisteria.de\/ytarchive\/fin\/YQN8jEQeE58.mp4"
    },
    {
        "id": "r4GfqjvIvlU",
        "title": "Death Note but they order Fast Food",
        "uploader": "Solid jj",
        "file": "r4GfqjvIvlU.mp4",
        "uploaded": "2025-06-22T15:35:47+00:00",
        "url": "https:\/\/alcea-wisteria.de\/ytarchive\/r4GfqjvIvlU.mp4",
        "waybackurl": "https:\/\/web.archive.org\/web\/20250622153537\/https:\/\/alcea-wisteria.de\/ytarchive\/r4GfqjvIvlU.mp4"
    },
    {
        "id": "qv3jq9bkPEk",
        "title": "Minoru Tanaka Theme - An Epic Original Track",
        "uploader": "CJ Music",
        "file": "qv3jq9bkPEk.mp4",
        "uploaded": "2025-06-22T15:51:06+00:00",
        "url": "https:\/\/alcea-wisteria.de\/ytarchive\/qv3jq9bkPEk.mp4",
        "waybackurl": "https:\/\/web.archive.org\/web\/20250622155056\/https:\/\/alcea-wisteria.de\/ytarchive\/qv3jq9bkPEk.mp4"
    },
    {
        "id": "I4AzJhmfe-Y",
        "title": "Yu-Gi-Oh! Vrains Abridged | Parody",
        "uploader": "[ Shana Reviews ]",
        "file": "I4AzJhmfe-Y.mp4",
        "uploaded": "2025-06-22T16:42:17+00:00",
        "url": "https:\/\/alcea-wisteria.de\/ytarchive\/I4AzJhmfe-Y.mp4",
        "waybackurl": "https:\/\/web.archive.org\/web\/20250622164159\/https:\/\/alcea-wisteria.de\/ytarchive\/I4AzJhmfe-Y.mp4"
    },
    {
        "id": "KJHsuQqohRs",
        "title": "VRAINS Ep 59 in 33 Seconds",
        "uploader": "WeeblordJay",
        "file": "KJHsuQqohRs.mp4",
        "uploaded": "2025-06-22T16:49:42+00:00",
        "url": "https:\/\/alcea-wisteria.de\/ytarchive\/KJHsuQqohRs.mp4",
        "waybackurl": "https:\/\/web.archive.org\/web\/20250622164934\/https:\/\/alcea-wisteria.de\/ytarchive\/KJHsuQqohRs.mp4"
    },
    {
        "id": "J4AsepKOqoE",
        "title": "Yu-Gi-Oh! VRAINS But Only When Yusaku Is Smiling",
        "uploader": "Pichu Gamer527",
        "file": "J4AsepKOqoE.mp4",
        "uploaded": "2025-06-22T16:51:58+00:00",
        "url": "https:\/\/alcea-wisteria.de\/ytarchive\/J4AsepKOqoE.mp4",
        "waybackurl": "https:\/\/web.archive.org\/web\/20250622165147\/https:\/\/alcea-wisteria.de\/ytarchive\/J4AsepKOqoE.mp4"
    },
    {
        "id": "nY9pPgtkYo4",
        "title": "Impossible - Maron\/Chiaki (AMV)",
        "uploader": "MsJewell16",
        "file": "nY9pPgtkYo4.mp4",
        "uploaded": "2025-06-22T20:24:02+00:00",
        "url": "https:\/\/alcea-wisteria.de\/ytarchive\/nY9pPgtkYo4.mp4",
        "waybackurl": "https:\/\/web.archive.org\/web\/20250622202351\/https:\/\/alcea-wisteria.de\/ytarchive\/nY9pPgtkYo4.mp4"
    },
    {
        "id": "8jVPtwOD_EY",
        "title": "Death Note But It's Trump Winning the Election",
        "uploader": "KoreanSwede",
        "file": "8jVPtwOD_EY.mp4",
        "uploaded": "2025-06-22T20:57:47+00:00",
        "url": "https:\/\/alcea-wisteria.de\/ytarchive\/8jVPtwOD_EY.mp4",
        "waybackurl": "https:\/\/web.archive.org\/web\/20250622205739\/https:\/\/alcea-wisteria.de\/ytarchive\/8jVPtwOD_EY.mp4"
    },
    {
        "id": "yR4jTVpD4R0",
        "title": "The INSANITY of Yu-Gi-Oh GX",
        "uploader": "Solid jj",
        "file": "yR4jTVpD4R0.mp4",
        "uploaded": "2025-06-22T21:02:34+00:00",
        "url": "https:\/\/alcea-wisteria.de\/ytarchive\/yR4jTVpD4R0.mp4",
        "waybackurl": "https:\/\/web.archive.org\/web\/20250622210225\/https:\/\/alcea-wisteria.de\/ytarchive\/yR4jTVpD4R0.mp4"
    },
    {
        "id": "6EqQ19w1NoU",
        "title": "Listens to Jojo Once",
        "uploader": "TheEpicNub",
        "file": "6EqQ19w1NoU.mp4",
        "uploaded": "2025-06-22T21:16:20+00:00",
        "url": "https:\/\/alcea-wisteria.de\/ytarchive\/6EqQ19w1NoU.mp4",
        "waybackurl": "https:\/\/web.archive.org\/web\/20250622211614\/https:\/\/alcea-wisteria.de\/ytarchive\/6EqQ19w1NoU.mp4"
    },
    {
        "id": "_KRb_qV9P4g",
        "title": "Smoother animation ≠ Better animation [read description]",
        "uploader": "Noodle",
        "file": "_KRb_qV9P4g.mp4",
        "uploaded": "2025-06-22T21:19:39+00:00",
        "url": "https:\/\/alcea-wisteria.de\/ytarchive\/_KRb_qV9P4g.mp4",
        "waybackurl": "https:\/\/web.archive.org\/web\/20250622211927\/https:\/\/alcea-wisteria.de\/ytarchive\/_KRb_qV9P4g.mp4"
    },
    {
        "id": "IDdcA0IPxXg",
        "title": "Phoenix Wright - Smooth Criminal",
        "uploader": "MaximumVolty",
        "file": "IDdcA0IPxXg.mp4",
        "uploaded": "2025-06-22T21:21:18+00:00",
        "url": "https:\/\/alcea-wisteria.de\/ytarchive\/IDdcA0IPxXg.mp4",
        "waybackurl": "https:\/\/web.archive.org\/web\/20250622212111\/https:\/\/alcea-wisteria.de\/ytarchive\/IDdcA0IPxXg.mp4"
    },
    {
        "id": "RcNdpRrVRCk",
        "title": "Yu-Gi-Oh! Logic BUT Animated",
        "uploader": "Claymizer",
        "file": "RcNdpRrVRCk.mp4",
        "uploaded": "2025-06-22T21:22:31+00:00",
        "url": "https:\/\/alcea-wisteria.de\/ytarchive\/RcNdpRrVRCk.mp4",
        "waybackurl": "https:\/\/web.archive.org\/web\/20250622212225\/https:\/\/alcea-wisteria.de\/ytarchive\/RcNdpRrVRCk.mp4"
    },
    {
        "id": "xX2UpSjOuTU",
        "title": "Light Yagami \"LOVES\" Fat People",
        "uploader": "KoreanSwede",
        "file": "xX2UpSjOuTU.mp4",
        "uploaded": "2025-06-23T20:50:24+00:00",
        "url": "https:\/\/alcea-wisteria.de\/ytarchive\/xX2UpSjOuTU.mp4",
        "waybackurl": "https:\/\/web.archive.org\/web\/20250623205010\/https:\/\/alcea-wisteria.de\/ytarchive\/xX2UpSjOuTU.mp4"
    },
    {
        "id": "kBK_cwdUyio",
        "title": "Gold Glitter Extracted From Childs Ear (Nociception and Pain)",
        "uploader": "Durham Hearing Specialists",
        "file": "kBK_cwdUyio.mp4",
        "uploaded": "2025-06-24T16:44:37+00:00",
        "url": "https:\/\/alcea-wisteria.de\/ytarchive\/kBK_cwdUyio.mp4",
        "waybackurl": "https:\/\/web.archive.org\/web\/20250624164426\/https:\/\/alcea-wisteria.de\/ytarchive\/kBK_cwdUyio.mp4"
    },
    {
        "id": "jCC8fPQOaxU",
        "title": "Mobile Homes: Last Week Tonight with John Oliver (HBO)",
        "uploader": "LastWeekTonight",
        "file": "jCC8fPQOaxU.mp4",
        "uploaded": "2025-06-24T18:22:35+00:00",
        "url": "https:\/\/alcea-wisteria.de\/ytarchive\/jCC8fPQOaxU.mp4",
        "waybackurl": "https:\/\/web.archive.org\/web\/20250624182220\/https:\/\/alcea-wisteria.de\/ytarchive\/jCC8fPQOaxU.mp4"
    },
    {
        "id": "Sqa8Zo2XWc4",
        "title": "Artificial Intelligence: Last Week Tonight with John Oliver (HBO)",
        "uploader": "LastWeekTonight",
        "file": "Sqa8Zo2XWc4.mp4",
        "uploaded": "2025-06-24T18:24:16+00:00",
        "url": "https:\/\/alcea-wisteria.de\/ytarchive\/Sqa8Zo2XWc4.mp4",
        "waybackurl": "https:\/\/web.archive.org\/web\/20250624182357\/https:\/\/alcea-wisteria.de\/ytarchive\/Sqa8Zo2XWc4.mp4"
    },
    {
        "id": "zsjZ2r9Ygzw",
        "title": "Encryption: Last Week Tonight with John Oliver (HBO)",
        "uploader": "LastWeekTonight",
        "file": "zsjZ2r9Ygzw.mp4",
        "uploaded": "2025-06-24T18:25:47+00:00",
        "url": "https:\/\/alcea-wisteria.de\/ytarchive\/zsjZ2r9Ygzw.mp4",
        "waybackurl": "https:\/\/web.archive.org\/web\/20250624182530\/https:\/\/alcea-wisteria.de\/ytarchive\/zsjZ2r9Ygzw.mp4"
    },
    {
        "id": "ScmJvmzDcG0",
        "title": "Forensic Science: Last Week Tonight with John Oliver (HBO)",
        "uploader": "LastWeekTonight",
        "file": "ScmJvmzDcG0.mp4",
        "uploaded": "2025-06-24T18:27:11+00:00",
        "url": "https:\/\/alcea-wisteria.de\/ytarchive\/ScmJvmzDcG0.mp4",
        "waybackurl": "https:\/\/web.archive.org\/web\/20250624182656\/https:\/\/alcea-wisteria.de\/ytarchive\/ScmJvmzDcG0.mp4"
    },
    {
        "id": "h-TaQEFTQYw",
        "title": "Der reichste Mann der Welt",
        "uploader": "Jules",
        "file": "h-TaQEFTQYw.mp4",
        "uploaded": "2025-06-24T18:31:30+00:00",
        "url": "https:\/\/alcea-wisteria.de\/ytarchive\/h-TaQEFTQYw.mp4",
        "waybackurl": "https:\/\/web.archive.org\/web\/20250624183356\/https:\/\/alcea-wisteria.de\/ytarchive\/h-TaQEFTQYw.mp4"
    },
    {
        "id": "TWpg1RmzAbc",
        "title": "AI Slop: Last Week Tonight with John Oliver (HBO)",
        "uploader": "LastWeekTonight",
        "file": "TWpg1RmzAbc.mp4",
        "uploaded": "2025-06-24T19:06:09+00:00",
        "url": "https:\/\/alcea-wisteria.de\/ytarchive\/TWpg1RmzAbc.mp4",
        "waybackurl": "https:\/\/web.archive.org\/web\/20250624190549\/https:\/\/alcea-wisteria.de\/ytarchive\/TWpg1RmzAbc.mp4"
    },
    {
        "id": "BNi7vehedYY",
        "title": "Was wurde eigentlich aus ART ATTACK?",
        "uploader": "FlexerQ",
        "file": "BNi7vehedYY.mp4",
        "uploaded": "2025-06-24T19:17:36+00:00",
        "url": "https:\/\/alcea-wisteria.de\/ytarchive\/BNi7vehedYY.mp4",
        "waybackurl": "https:\/\/web.archive.org\/web\/20250624191721\/https:\/\/alcea-wisteria.de\/ytarchive\/BNi7vehedYY.mp4"
    },
    {
        "id": "9XN57BhyZwk",
        "title": "The Instagrabbing of \/r\/dankmemes",
        "uploader": "Internet Historian",
        "file": "9XN57BhyZwk.mp4",
        "uploaded": "2025-06-24T20:20:10+00:00",
        "url": "https:\/\/alcea-wisteria.de\/ytarchive\/9XN57BhyZwk.mp4",
        "waybackurl": "https:\/\/web.archive.org\/web\/20250624202004\/https:\/\/alcea-wisteria.de\/ytarchive\/9XN57BhyZwk.mp4"
    },
    {
        "id": "Dui0tYvUa1I",
        "title": "Ace Attorney, but it's Inappropriate Anime and Toxic Fandoms | objection.lol",
        "uploader": "Genra",
        "file": "Dui0tYvUa1I.mp4",
        "uploaded": "2025-06-24T20:36:37+00:00",
        "url": "https:\/\/alcea-wisteria.de\/ytarchive\/Dui0tYvUa1I.mp4",
        "waybackurl": "https:\/\/web.archive.org\/web\/20250624203621\/https:\/\/alcea-wisteria.de\/ytarchive\/Dui0tYvUa1I.mp4"
    },
    {
        "id": "tLp8MxDM04U",
        "title": "Phoenix Wright - Harder, Better, Faster, Stronger REMASTERED | DAFT PUNK",
        "uploader": "Chessete",
        "file": "tLp8MxDM04U.mp4",
        "uploaded": "2025-06-24T20:38:21+00:00",
        "url": "https:\/\/alcea-wisteria.de\/ytarchive\/tLp8MxDM04U.mp4",
        "waybackurl": "https:\/\/web.archive.org\/web\/20250624203814\/https:\/\/alcea-wisteria.de\/ytarchive\/tLp8MxDM04U.mp4"
    },
    {
        "id": "tuTmZ_wPIEU",
        "title": "Phoenix Wright - Harder, Better, Faster, Stronger | Daft Punk",
        "uploader": "Chessete",
        "file": "tuTmZ_wPIEU.mp4",
        "uploaded": "2025-06-24T20:40:25+00:00",
        "url": "https:\/\/alcea-wisteria.de\/ytarchive\/tuTmZ_wPIEU.mp4",
        "waybackurl": "https:\/\/web.archive.org\/web\/20250624204015\/https:\/\/alcea-wisteria.de\/ytarchive\/tuTmZ_wPIEU.mp4"
    },
    {
        "id": "p4R-FA5qbz4",
        "title": "Phoenix Wright - Don't Stop Believin' | Ace Attorney",
        "uploader": "Chessete",
        "file": "p4R-FA5qbz4.mp4",
        "uploaded": "2025-06-24T20:41:59+00:00",
        "url": "https:\/\/alcea-wisteria.de\/ytarchive\/p4R-FA5qbz4.mp4",
        "waybackurl": "https:\/\/web.archive.org\/web\/20250624204152\/https:\/\/alcea-wisteria.de\/ytarchive\/p4R-FA5qbz4.mp4"
    },
    {
        "id": "D4v87sfAafk",
        "title": "Phoenix Wright - Take On Me | a-ha",
        "uploader": "Chessete",
        "file": "D4v87sfAafk.mp4",
        "uploaded": "2025-06-24T20:47:09+00:00",
        "url": "https:\/\/alcea-wisteria.de\/ytarchive\/D4v87sfAafk.mp4",
        "waybackurl": "https:\/\/web.archive.org\/web\/20250624204659\/https:\/\/alcea-wisteria.de\/ytarchive\/D4v87sfAafk.mp4"
    },
    {
        "id": "BFYggbAn76Q",
        "title": "Phoenix Wright - The Final Countdown ft. Herlock Sholmes | Ace Attorney",
        "uploader": "Chessete",
        "file": "BFYggbAn76Q.mp4",
        "uploaded": "2025-06-24T20:54:32+00:00",
        "url": "https:\/\/alcea-wisteria.de\/ytarchive\/BFYggbAn76Q.mp4",
        "waybackurl": "https:\/\/web.archive.org\/web\/20250624205421\/https:\/\/alcea-wisteria.de\/ytarchive\/BFYggbAn76Q.mp4"
    },
    {
        "id": "WYSEdkQgm5k",
        "title": "Preparing for Trial (Ace Attorney Animation)[Paula Peroff]",
        "uploader": "Mornal",
        "file": "WYSEdkQgm5k.mp4",
        "uploaded": "2025-06-24T20:56:17+00:00",
        "url": "https:\/\/alcea-wisteria.de\/ytarchive\/WYSEdkQgm5k.mp4",
        "waybackurl": "https:\/\/web.archive.org\/web\/20250624205609\/https:\/\/alcea-wisteria.de\/ytarchive\/WYSEdkQgm5k.mp4"
    },
    {
        "id": "X7KmISVMBtc",
        "title": "Ace Attorney Comic Dub ULTIMATE Compilation (Volume 1)",
        "uploader": "Mornal",
        "file": "X7KmISVMBtc.mp4",
        "uploaded": "2025-06-24T20:58:09+00:00",
        "url": "https:\/\/alcea-wisteria.de\/ytarchive\/X7KmISVMBtc.mp4",
        "waybackurl": "https:\/\/web.archive.org\/web\/20250624205802\/https:\/\/alcea-wisteria.de\/ytarchive\/X7KmISVMBtc.mp4"
    },
    {
        "id": "MGDbglhUmi0",
        "title": "Steamed Hams but it's Mega Man Battle Network",
        "uploader": "Tukepuikko",
        "file": "MGDbglhUmi0.mp4",
        "uploaded": "2025-06-24T21:22:45+00:00",
        "url": "https:\/\/alcea-wisteria.de\/ytarchive\/MGDbglhUmi0.mp4",
        "waybackurl": "https:\/\/web.archive.org\/web\/20250624212233\/https:\/\/alcea-wisteria.de\/ytarchive\/MGDbglhUmi0.mp4"
    },
    {
        "id": "L-XtMNYHsZc",
        "title": "Steamed Hams but it's edited in the style of Nier Automata",
        "uploader": "SeshohoCian",
        "file": "L-XtMNYHsZc.mp4",
        "uploaded": "2025-06-24T21:29:34+00:00",
        "url": "https:\/\/alcea-wisteria.de\/ytarchive\/L-XtMNYHsZc.mp4",
        "waybackurl": "https:\/\/web.archive.org\/web\/20250624212922\/https:\/\/alcea-wisteria.de\/ytarchive\/L-XtMNYHsZc.mp4"
    },
    {
        "id": "fogWMPTntpQ",
        "title": "Konami hat uns alle Hops genommen.",
        "uploader": "Schattenspieler",
        "file": "fogWMPTntpQ.mp4",
        "uploaded": "2025-06-26T14:46:13+00:00",
        "url": "https:\/\/alcea-wisteria.de\/ytarchive\/fogWMPTntpQ.mp4",
        "waybackurl": "https:\/\/web.archive.org\/web\/20250626144556\/https:\/\/alcea-wisteria.de\/ytarchive\/fogWMPTntpQ.mp4"
    },
    {
        "id": "UIxaOJ_zoiQ",
        "title": "Yu-Gi-Oh! ABC-Das BESTE Deck - Warum?",
        "uploader": "Schattenspieler",
        "file": "UIxaOJ_zoiQ.mp4",
        "uploaded": "2025-06-26T14:48:30+00:00",
        "url": "https:\/\/alcea-wisteria.de\/ytarchive\/UIxaOJ_zoiQ.mp4",
        "waybackurl": "https:\/\/web.archive.org\/web\/20250626144822\/https:\/\/alcea-wisteria.de\/ytarchive\/UIxaOJ_zoiQ.mp4"
    },
    {
        "id": "r14rObOhI8M",
        "title": "Yu-Gi-Oh! True Draco das BESTE Deck - Warum?",
        "uploader": "Schattenspieler",
        "file": "r14rObOhI8M.mp4",
        "uploaded": "2025-06-26T14:49:49+00:00",
        "url": "https:\/\/alcea-wisteria.de\/ytarchive\/r14rObOhI8M.mp4",
        "waybackurl": "https:\/\/web.archive.org\/web\/20250626144937\/https:\/\/alcea-wisteria.de\/ytarchive\/r14rObOhI8M.mp4"
    },
    {
        "id": "XTvtR1-P1dc",
        "title": "Yu-Gi-Oh! Trickstar das BESTE Deck - Warum?",
        "uploader": "Schattenspieler",
        "file": "XTvtR1-P1dc.mp4",
        "uploaded": "2025-06-26T14:50:43+00:00",
        "url": "https:\/\/alcea-wisteria.de\/ytarchive\/XTvtR1-P1dc.mp4",
        "waybackurl": "https:\/\/web.archive.org\/web\/20250626145031\/https:\/\/alcea-wisteria.de\/ytarchive\/XTvtR1-P1dc.mp4"
    },
    {
        "id": "SdjMIlmCcoQ",
        "title": "Weihnachtsmärkte - aber WARUM?!?",
        "uploader": "Schattenspieler",
        "file": "SdjMIlmCcoQ.mp4",
        "uploaded": "2025-06-26T14:52:06+00:00",
        "url": "https:\/\/alcea-wisteria.de\/ytarchive\/SdjMIlmCcoQ.mp4",
        "waybackurl": "https:\/\/web.archive.org\/web\/20250626145159\/https:\/\/alcea-wisteria.de\/ytarchive\/SdjMIlmCcoQ.mp4"
    },
    {
        "id": "cRn1wcZLNw8",
        "title": "Yu-Gi-Oh! Früher war alles besser? (Die besten Meta Decks in der Geschichte von Yu-Gi-Oh!)",
        "uploader": "Schattenspieler",
        "file": "cRn1wcZLNw8.mp4",
        "uploaded": "2025-06-26T14:53:50+00:00",
        "url": "https:\/\/alcea-wisteria.de\/ytarchive\/cRn1wcZLNw8.mp4",
        "waybackurl": "https:\/\/web.archive.org\/web\/20250626145357\/https:\/\/alcea-wisteria.de\/ytarchive\/cRn1wcZLNw8.mp4"
    },
    {
        "id": "fI8y3riu7es",
        "title": "THE PERFECT Yu-Gi-Oh! DUEL",
        "uploader": "CardJournalist",
        "file": "fI8y3riu7es.mp4",
        "uploaded": "2025-06-26T15:01:42+00:00",
        "url": "https:\/\/alcea-wisteria.de\/ytarchive\/fI8y3riu7es.mp4",
        "waybackurl": "https:\/\/web.archive.org\/web\/20250626150123\/https:\/\/alcea-wisteria.de\/ytarchive\/fI8y3riu7es.mp4"
    },
    {
        "id": "x0ZvNSogFd8",
        "title": "Yu-Gi-Oh! Mystic Mine die BESTE Karte - Warum?",
        "uploader": "Schattenspieler",
        "file": "x0ZvNSogFd8.mp4",
        "uploaded": "2025-06-26T15:32:27+00:00",
        "url": "https:\/\/alcea-wisteria.de\/ytarchive\/x0ZvNSogFd8.mp4",
        "waybackurl": "https:\/\/web.archive.org\/web\/20250626153220\/https:\/\/alcea-wisteria.de\/ytarchive\/x0ZvNSogFd8.mp4"
    },
    {
        "id": "Qvlb-Yo6Rqo",
        "title": "How I made a 3D Level in a 2D Game",
        "uploader": "Spu7Nix",
        "file": "Qvlb-Yo6Rqo.mp4",
        "uploaded": "2025-06-27T17:30:35+00:00",
        "url": "https:\/\/alcea-wisteria.de\/ytarchive\/Qvlb-Yo6Rqo.mp4",
        "waybackurl": "https:\/\/web.archive.org\/web\/20250627173023\/https:\/\/alcea-wisteria.de\/ytarchive\/Qvlb-Yo6Rqo.mp4"
    },
    {
        "id": "DoQnniM4MSg",
        "title": "The Untold TRUTH Of Nintendo",
        "uploader": "MagnatesMedia",
        "file": "DoQnniM4MSg.mp4",
        "uploaded": "2025-06-29T13:51:30+00:00",
        "url": "https:\/\/alcea-wisteria.de\/ytarchive\/DoQnniM4MSg.mp4",
        "waybackurl": "https:\/\/web.archive.org\/web\/20250629135116\/https:\/\/alcea-wisteria.de\/ytarchive\/DoQnniM4MSg.mp4"
    },
    {
        "id": "DwTK_VT54OY",
        "title": "The Dark Truth About PayPal",
        "uploader": "MagnatesMedia",
        "file": "DwTK_VT54OY.mp4",
        "uploaded": "2025-06-29T13:56:51+00:00",
        "url": "https:\/\/alcea-wisteria.de\/ytarchive\/DwTK_VT54OY.mp4",
        "waybackurl": "https:\/\/web.archive.org\/web\/20250629135636\/https:\/\/alcea-wisteria.de\/ytarchive\/DwTK_VT54OY.mp4"
    },
    {
        "id": "h2Lw9Zs98Gg",
        "title": "2nd BEST Zelda Rap EVER!!!! - ANIMATED MUSIC VIDEO by Studio Yotta - Starbomb",
        "uploader": "Egoraptor",
        "file": "h2Lw9Zs98Gg.mp4",
        "uploaded": "2025-06-29T20:28:01+00:00",
        "url": "https:\/\/alcea-wisteria.de\/ytarchive\/h2Lw9Zs98Gg.mp4",
        "waybackurl": "https:\/\/web.archive.org\/web\/20250629202751\/https:\/\/alcea-wisteria.de\/ytarchive\/h2Lw9Zs98Gg.mp4"
    },
    {
        "id": "keAE9GXYB0w",
        "title": "BEST Zelda Rap IN THE WORLD!!! - ANIMATED MUSIC VIDEO!! (Animated by Shoocharu)",
        "uploader": "Egoraptor",
        "file": "keAE9GXYB0w.mp4",
        "uploaded": "2025-06-29T20:30:13+00:00",
        "url": "https:\/\/alcea-wisteria.de\/ytarchive\/keAE9GXYB0w.mp4",
        "waybackurl": "https:\/\/web.archive.org\/web\/20250629203002\/https:\/\/alcea-wisteria.de\/ytarchive\/keAE9GXYB0w.mp4"
    },
    {
        "id": "T5zL3FMyoq8",
        "title": "REGRETROID - Starbomb 3D Animated Music Video (by Antony Manley)",
        "uploader": "Egoraptor",
        "file": "T5zL3FMyoq8.mp4",
        "uploaded": "2025-06-29T20:38:21+00:00",
        "url": "https:\/\/alcea-wisteria.de\/ytarchive\/T5zL3FMyoq8.mp4",
        "waybackurl": "https:\/\/web.archive.org\/web\/20250629203810\/https:\/\/alcea-wisteria.de\/ytarchive\/T5zL3FMyoq8.mp4"
    },
    {
        "id": "cMVhb4WfJxY",
        "title": "Assi Reviews N°1 - Unterwegs in Düsterburg",
        "uploader": "Das Dennis",
        "file": "cMVhb4WfJxY.mp4",
        "uploaded": "2025-06-29T20:46:34+00:00",
        "url": "https:\/\/alcea-wisteria.de\/ytarchive\/cMVhb4WfJxY.mp4",
        "waybackurl": "https:\/\/web.archive.org\/web\/20250629204623\/https:\/\/alcea-wisteria.de\/ytarchive\/cMVhb4WfJxY.mp4"
    },
    {
        "id": "Rf6h3PUPBE8",
        "title": "Assi Reviews N°20 - Alte Macht",
        "uploader": "Das Dennis",
        "file": "Rf6h3PUPBE8.mp4",
        "uploaded": "2025-06-29T20:47:45+00:00",
        "url": "https:\/\/alcea-wisteria.de\/ytarchive\/Rf6h3PUPBE8.mp4",
        "waybackurl": "https:\/\/web.archive.org\/web\/20250629204734\/https:\/\/alcea-wisteria.de\/ytarchive\/Rf6h3PUPBE8.mp4"
    },
    {
        "id": "am5mXM8CqL8",
        "title": "Game Boy Advancekalender 24 - Metroid Zero Mission und Metroid Fusion",
        "uploader": "Das Dennis",
        "file": "am5mXM8CqL8.mp4",
        "uploaded": "2025-06-29T20:52:00+00:00",
        "url": "https:\/\/alcea-wisteria.de\/ytarchive\/am5mXM8CqL8.mp4",
        "waybackurl": "https:\/\/web.archive.org\/web\/20250629205141\/https:\/\/alcea-wisteria.de\/ytarchive\/am5mXM8CqL8.mp4"
    },
    {
        "id": "7o4PFz-izYE",
        "title": "Yu-Gi-Oh! SO BASTELT MAN(N)!!!",
        "uploader": "Schattenspieler",
        "file": "7o4PFz-izYE.mp4",
        "uploaded": "2025-06-29T20:57:19+00:00",
        "url": "https:\/\/alcea-wisteria.de\/ytarchive\/7o4PFz-izYE.mp4",
        "waybackurl": "https:\/\/web.archive.org\/web\/20250629205713\/https:\/\/alcea-wisteria.de\/ytarchive\/7o4PFz-izYE.mp4"
    },
    {
        "id": "MO0zP-SB5hk",
        "title": "FIXING YOUR FLAGS (YIAY #276)",
        "uploader": "jacksfilms",
        "file": "MO0zP-SB5hk.mp4",
        "uploaded": "2025-06-29T21:05:01+00:00",
        "url": "https:\/\/alcea-wisteria.de\/ytarchive\/MO0zP-SB5hk.mp4",
        "waybackurl": "https:\/\/web.archive.org\/web\/20250629210454\/https:\/\/alcea-wisteria.de\/ytarchive\/MO0zP-SB5hk.mp4"
    },
    {
        "id": "U7t7YZj2Xf4",
        "title": "Phoenix Wright - Never Gonna Give You Up | Rick Astley",
        "uploader": "Chessete",
        "file": "U7t7YZj2Xf4.mp4",
        "uploaded": "2025-06-30T05:45:06+00:00",
        "url": "https:\/\/alcea-wisteria.de\/ytarchive\/U7t7YZj2Xf4.mp4",
        "waybackurl": "https:\/\/web.archive.org\/web\/20250630054452\/https:\/\/alcea-wisteria.de\/ytarchive\/U7t7YZj2Xf4.mp4"
    },
    {
        "id": "UzjkSV2_N3M",
        "title": "Fresh Dumbledore - Nur ein Statist [WiWa Music Video] (HD)",
        "uploader": "WiWa",
        "file": "UzjkSV2_N3M.mp4",
        "uploaded": "2025-07-02T10:34:10+00:00",
        "url": "https:\/\/alcea-wisteria.de\/ytarchive\/UzjkSV2_N3M.mp4",
        "waybackurl": "https:\/\/web.archive.org\/web\/20250702103359\/https:\/\/alcea-wisteria.de\/ytarchive\/UzjkSV2_N3M.mp4"
    },
    {
        "id": "CigEcPN1HsA",
        "title": "Yu-Gi-Oh! ZeXal - Braving! [German Fancover]",
        "uploader": "BatterVoice",
        "file": "CigEcPN1HsA.mp4",
        "uploaded": "2025-07-04T04:49:41+00:00",
        "url": "https:\/\/alcea-wisteria.de\/ytarchive\/CigEcPN1HsA.mp4",
        "waybackurl": "https:\/\/web.archive.org\/web\/20250704044936\/https:\/\/alcea-wisteria.de\/ytarchive\/CigEcPN1HsA.mp4"
    },
    {
        "id": "izQpSQNly2o",
        "title": "Death Note - The World [German Fancover]",
        "uploader": "BatterVoice",
        "file": "izQpSQNly2o.mp4",
        "uploaded": "2025-07-04T05:01:23+00:00",
        "url": "https:\/\/alcea-wisteria.de\/ytarchive\/izQpSQNly2o.mp4",
        "waybackurl": "https:\/\/web.archive.org\/web\/20250704050114\/https:\/\/alcea-wisteria.de\/ytarchive\/izQpSQNly2o.mp4"
    },
    {
        "id": "oBTFK4hBP2U",
        "title": "Noragami - Kyouran Hey Kids!! [German Fancover]",
        "uploader": "BatterVoice",
        "file": "oBTFK4hBP2U.mp4",
        "uploaded": "2025-07-04T05:07:02+00:00",
        "url": "https:\/\/alcea-wisteria.de\/ytarchive\/oBTFK4hBP2U.mp4",
        "waybackurl": "https:\/\/web.archive.org\/web\/20250704050651\/https:\/\/alcea-wisteria.de\/ytarchive\/oBTFK4hBP2U.mp4"
    },
    {
        "id": "9rmBqIFeHN8",
        "title": "Counting to 100 in French with a NYC Cabbie",
        "uploader": "MattColbo",
        "file": "9rmBqIFeHN8.mp4",
        "uploaded": "2025-07-06T01:42:26+00:00",
        "url": "https:\/\/alcea-wisteria.de\/ytarchive\/9rmBqIFeHN8.mp4",
        "waybackurl": "https:\/\/web.archive.org\/web\/20250706014213\/https:\/\/alcea-wisteria.de\/ytarchive\/9rmBqIFeHN8.mp4"
    },
    {
        "id": "HluANRwPyNo",
        "title": "What people think programming is vs. how it actually is",
        "uploader": "Jombo",
        "file": "HluANRwPyNo.mp4",
        "uploaded": "2025-07-06T01:48:25+00:00",
        "url": "https:\/\/alcea-wisteria.de\/ytarchive\/HluANRwPyNo.mp4",
        "waybackurl": "https:\/\/web.archive.org\/web\/20250706014815\/https:\/\/alcea-wisteria.de\/ytarchive\/HluANRwPyNo.mp4"
    },
    {
        "id": "CqkivoGuFA4",
        "title": "Metroid Dread-oween - Jonny Nitpick",
        "uploader": "Jonny Nitpick",
        "file": "CqkivoGuFA4.mp4",
        "uploaded": "2025-07-07T14:15:26+00:00",
        "url": "https:\/\/alcea-wisteria.de\/ytarchive\/CqkivoGuFA4.mp4",
        "waybackurl": "https:\/\/web.archive.org\/web\/20250707141512\/https:\/\/alcea-wisteria.de\/ytarchive\/CqkivoGuFA4.mp4"
    },
    {
        "id": "3le47neQ1I8",
        "title": "I Love Super Mario 64 - Jonny Nitpick",
        "uploader": "Jonny Nitpick",
        "file": "3le47neQ1I8.mp4",
        "uploaded": "2025-07-07T14:24:58+00:00",
        "url": "https:\/\/alcea-wisteria.de\/ytarchive\/3le47neQ1I8.mp4",
        "waybackurl": "https:\/\/web.archive.org\/web\/20250707142522\/https:\/\/alcea-wisteria.de\/ytarchive\/3le47neQ1I8.mp4"
    },
    {
        "id": "tluGVvZ_Yqc",
        "title": "Link's Awakening VS Link's Awakening - Jonny Nitpick",
        "uploader": "Jonny Nitpick",
        "file": "tluGVvZ_Yqc.mp4",
        "uploaded": "2025-07-07T14:30:16+00:00",
        "url": "https:\/\/alcea-wisteria.de\/ytarchive\/tluGVvZ_Yqc.mp4",
        "waybackurl": "https:\/\/web.archive.org\/web\/20250707143000\/https:\/\/alcea-wisteria.de\/ytarchive\/tluGVvZ_Yqc.mp4"
    },
    {
        "id": "4kr12TbnR6Q",
        "title": "I turned my Switch into a Steam Deck",
        "uploader": "eternaliam",
        "file": "4kr12TbnR6Q.mp4",
        "uploaded": "2025-07-13T15:55:44+00:00",
        "url": "https:\/\/alcea-wisteria.de\/ytarchive\/4kr12TbnR6Q.mp4",
        "waybackurl": "https:\/\/web.archive.org\/web\/20250713155532\/https:\/\/alcea-wisteria.de\/ytarchive\/4kr12TbnR6Q.mp4"
    },
    {
        "id": "peS7MiQc_SM",
        "title": "A Certain Magical Index - Misaka Tsundere Moments (English Dub)",
        "uploader": "Super AnimeMaster38",
        "file": "peS7MiQc_SM.mp4",
        "uploaded": "2025-07-25T21:34:08+00:00",
        "url": "https:\/\/alcea-wisteria.de\/ytarchive\/peS7MiQc_SM.mp4",
        "waybackurl": "https:\/\/web.archive.org\/web\/20250725213602\/https:\/\/alcea-wisteria.de\/ytarchive\/peS7MiQc_SM.mp4"
    },
    {
        "id": "bY-Z5L2fvus",
        "title": "Damals war alles Besser",
        "uploader": "WazVin",
        "file": "bY-Z5L2fvus.mp4",
        "uploaded": "2025-07-27T09:38:23+00:00",
        "url": "https:\/\/alcea-wisteria.de\/ytarchive\/bY-Z5L2fvus.mp4",
        "waybackurl": "https:\/\/web.archive.org\/web\/20250727093807\/https:\/\/alcea-wisteria.de\/ytarchive\/bY-Z5L2fvus.mp4"
    },
    {
        "id": "j42-xZfTTQQ",
        "title": "Der Ort der Kindheit",
        "uploader": "FlexerQ",
        "file": "j42-xZfTTQQ.mp4",
        "uploaded": "2025-07-27T09:40:15+00:00",
        "url": "https:\/\/alcea-wisteria.de\/ytarchive\/j42-xZfTTQQ.mp4",
        "waybackurl": "https:\/\/web.archive.org\/web\/20250727094001\/https:\/\/alcea-wisteria.de\/ytarchive\/j42-xZfTTQQ.mp4"
    }
]