{"@context":["https://www.w3.org/ns/activitystreams","https://w3id.org/security/v1",{"manuallyApprovesFollowers":"as:manuallyApprovesFollowers","toot":"http://joinmastodon.org/ns#","featured":{"@id":"toot:featured","@type":"@id"},"featuredTags":{"@id":"toot:featuredTags","@type":"@id"},"alsoKnownAs":{"@id":"as:alsoKnownAs","@type":"@id"},"movedTo":{"@id":"as:movedTo","@type":"@id"},"schema":"http://schema.org#","PropertyValue":"schema:PropertyValue","value":"schema:value","discoverable":"toot:discoverable","Device":"toot:Device","Ed25519Signature":"toot:Ed25519Signature","Ed25519Key":"toot:Ed25519Key","Curve25519Key":"toot:Curve25519Key","EncryptedMessage":"toot:EncryptedMessage","publicKeyBase64":"toot:publicKeyBase64","deviceId":"toot:deviceId","claim":{"@type":"@id","@id":"toot:claim"},"fingerprintKey":{"@type":"@id","@id":"toot:fingerprintKey"},"identityKey":{"@type":"@id","@id":"toot:identityKey"},"devices":{"@type":"@id","@id":"toot:devices"},"messageFranking":"toot:messageFranking","messageType":"toot:messageType","cipherText":"toot:cipherText","suspended":"toot:suspended","memorial":"toot:memorial","indexable":"toot:indexable","Emoji":"toot:Emoji","focalPoint":{"@container":"@list","@id":"toot:focalPoint"},"Hashtag":"as:Hashtag"}],"id":"https://pb.todon.de/users/alcea","type":"Person","following":"https://pb.todon.de/users/alcea/following","followers":"https://pb.todon.de/users/alcea/followers","inbox":"https://pb.todon.de/users/alcea/inbox","outbox":"outbox.json","featured":"https://pb.todon.de/users/alcea/collections/featured","featuredTags":"https://pb.todon.de/users/alcea/collections/tags","preferredUsername":"alcea","name":"꧁~PhonePhobicCea~꧂","summary":"<p>:alcea:<br />blue✘dark<br /><a href=\"https://retrospring.net/Alcea\" target=\"_blank\" rel=\"nofollow noopener noreferrer\" translate=\"no\"><span class=\"invisible\">https://</span><span class=\"\">retrospring.net/Alcea</span><span class=\"invisible\"></span></a><br /><a href=\"https://last.fm/user/Alceawisteria\" target=\"_blank\" rel=\"nofollow noopener noreferrer\" translate=\"no\"><span class=\"invisible\">https://</span><span class=\"\">last.fm/user/Alceawisteria</span><span class=\"invisible\"></span></a><br /><a href=\"http://gg.gg/dekugames\" target=\"_blank\" rel=\"nofollow noopener noreferrer\" translate=\"no\"><span class=\"invisible\">http://</span><span class=\"\">gg.gg/dekugames</span><span class=\"invisible\"></span></a></p><p>❝Lover of JS\\PHP\\HTML - Reconstructeur of Sounds - Drawing terrible Fanart❞<br />• <a href=\"https://pb.todon.de/tags/ChaoticNeutral\" class=\"mention hashtag\" rel=\"tag\">#<span>ChaoticNeutral</span></a> • :tangofirstaid: s <a href=\"https://pb.todon.de/tags/guardian\" class=\"mention hashtag\" rel=\"tag\">#<span>guardian</span></a></p><p>:FUGoogle:</p><p><a href=\"https://pb.todon.de/tags/Boredomz\" class=\"mention hashtag\" rel=\"tag\">#<span>Boredomz</span></a></p><p><a href=\"https://gg.gg/lastmastodonavas\" target=\"_blank\" rel=\"nofollow noopener noreferrer\" translate=\"no\"><span class=\"invisible\">https://</span><span class=\"\">gg.gg/lastmastodonavas</span><span class=\"invisible\"></span></a></p><p><a href=\"https://pb.todon.de/tags/CurrListeningAlcea\" class=\"mention hashtag\" rel=\"tag\">#<span>CurrListeningAlcea</span></a> <a href=\"https://pb.todon.de/tags/StuffAlcea\" class=\"mention hashtag\" rel=\"tag\">#<span>StuffAlcea</span></a> <a href=\"https://pb.todon.de/tags/CodeAlcea\" class=\"mention hashtag\" rel=\"tag\">#<span>CodeAlcea</span></a><br /><a href=\"https://pb.todon.de/tags/DoodlesAlcea\" class=\"mention hashtag\" rel=\"tag\">#<span>DoodlesAlcea</span></a> <a href=\"https://pb.todon.de/tags/NonsenseAlcea\" class=\"mention hashtag\" rel=\"tag\">#<span>NonsenseAlcea</span></a> <a href=\"https://pb.todon.de/tags/AweAlcea\" class=\"mention hashtag\" rel=\"tag\">#<span>AweAlcea</span></a> <a href=\"https://pb.todon.de/tags/RamblingsAlcea\" class=\"mention hashtag\" rel=\"tag\">#<span>RamblingsAlcea</span></a> <a href=\"https://pb.todon.de/tags/ConfusedCea\" class=\"mention hashtag\" rel=\"tag\">#<span>ConfusedCea</span></a> <a href=\"https://pb.todon.de/tags/Moodz\" class=\"mention hashtag\" rel=\"tag\">#<span>Moodz</span></a> <a href=\"https://pb.todon.de/tags/GameAlcea\" class=\"mention hashtag\" rel=\"tag\">#<span>GameAlcea</span></a> <a href=\"https://pb.todon.de/tags/AnimuAlcea\" class=\"mention hashtag\" rel=\"tag\">#<span>AnimuAlcea</span></a> <a href=\"https://pb.todon.de/tags/TvShowAlcea\" class=\"mention hashtag\" rel=\"tag\">#<span>TvShowAlcea</span></a></p><p>( <a href=\"https://pb.todon.de/tags/fedi22\" class=\"mention hashtag\" rel=\"tag\">#<span>fedi22</span></a> <a href=\"https://pb.todon.de/tags/music\" class=\"mention hashtag\" rel=\"tag\">#<span>music</span></a>  )</p>","url":"https://pb.todon.de/@alcea","manuallyApprovesFollowers":true,"discoverable":true,"indexable":true,"published":"2023-01-04T00:00:00Z","memorial":false,"devices":"https://pb.todon.de/users/alcea/collections/devices","publicKey":{"id":"https://pb.todon.de/users/alcea#main-key","owner":"https://pb.todon.de/users/alcea","publicKeyPem":"-----BEGIN PUBLIC KEY-----\nMIIBIjANBgkqhkiG9w0BAQEFAAOCAQ8AMIIBCgKCAQEAvpnFbanrzy3MfPRcG3HI\nOU5A7+yT8vUHyoFAJD4VsOxtIhUe1hu9R/7lm9/edQWx44XKPxtSdgI3t6Lehv61\nCXH0jO9qHMExNsmgZYIKU9+rpo4fYL5fdpzGKGO+ANjFn7VHSsx00KhG/VYU1ZbH\n4HxuMA9OgNR9BjJmNgLnb1qDPg9zkXgAgvzDl4HpX5ntA7rJEA1WEyqA63D+dM6L\naInm6zmVaMJfhgzcU3oUJPHJDYzbMtq0A7DJhENeRnKCAA/48tbxmJV+rj63lDdd\nDEG3wtFiSI67hQH85oWB5RZMYuRWV2Q+Cwz0z+xtrvMYxDHC7447ojQMBuGPPpCH\nkQIDAQAB\n-----END PUBLIC KEY-----\n"},"tag":[{"id":"https://pb.todon.de/emojis/489","type":"Emoji","name":":alcea:","updated":"2023-01-06T18:59:21Z","icon":{"type":"Image","mediaType":"image/png","url":"https://pb.todon.de/system/custom_emojis/images/000/000/489/original/3b84680786afa1b5.png"}},{"id":"https://pb.todon.de/emojis/12152","type":"Emoji","name":":tangofirstaid:","updated":"2023-10-08T13:59:41Z","icon":{"type":"Image","mediaType":"image/png","url":"https://pb.todon.de/system/custom_emojis/images/000/012/152/original/8dc384849cce3316.png"}},{"id":"https://pb.todon.de/emojis/12115","type":"Emoji","name":":FUGoogle:","updated":"2023-10-07T19:35:18Z","icon":{"type":"Image","mediaType":"image/png","url":"https://pb.todon.de/system/custom_emojis/images/000/012/115/original/becd65ccd685294d.png"}},{"type":"Hashtag","href":"https://pb.todon.de/tags/currlisteningalcea","name":"#currlisteningalcea"},{"type":"Hashtag","href":"https://pb.todon.de/tags/stuffalcea","name":"#stuffalcea"},{"type":"Hashtag","href":"https://pb.todon.de/tags/doodlesalcea","name":"#doodlesalcea"},{"type":"Hashtag","href":"https://pb.todon.de/tags/nonsensealcea","name":"#nonsensealcea"},{"type":"Hashtag","href":"https://pb.todon.de/tags/fedi22","name":"#fedi22"},{"type":"Hashtag","href":"https://pb.todon.de/tags/music","name":"#music"},{"type":"Hashtag","href":"https://pb.todon.de/tags/animualcea","name":"#animualcea"},{"type":"Hashtag","href":"https://pb.todon.de/tags/codealcea","name":"#codealcea"},{"type":"Hashtag","href":"https://pb.todon.de/tags/confusedcea","name":"#confusedcea"},{"type":"Hashtag","href":"https://pb.todon.de/tags/tvshowalcea","name":"#tvshowalcea"},{"type":"Hashtag","href":"https://pb.todon.de/tags/chaoticneutral","name":"#chaoticneutral"},{"type":"Hashtag","href":"https://pb.todon.de/tags/guardian","name":"#guardian"},{"type":"Hashtag","href":"https://pb.todon.de/tags/ramblingsalcea","name":"#ramblingsalcea"},{"type":"Hashtag","href":"https://pb.todon.de/tags/moodz","name":"#moodz"},{"type":"Hashtag","href":"https://pb.todon.de/tags/awealcea","name":"#awealcea"},{"type":"Hashtag","href":"https://pb.todon.de/tags/boredomz","name":"#boredomz"},{"type":"Hashtag","href":"https://pb.todon.de/tags/gamealcea","name":"#gamealcea"}],"attachment":[{"type":"PropertyValue","name":"Home","value":"<a href=\"https://alceawis.de/verify.html#diarykeeper\" target=\"_blank\" rel=\"nofollow noopener noreferrer me\" translate=\"no\"><span class=\"invisible\">https://</span><span class=\"ellipsis\">alceawis.de/verify.html#diaryk</span><span class=\"invisible\">eeper</span></a>"},{"type":"PropertyValue","name":"Blog","value":"<a href=\"https://alceawis.de/verify.html#blog\" target=\"_blank\" rel=\"nofollow noopener noreferrer me\" translate=\"no\"><span class=\"invisible\">https://</span><span class=\"\">alceawis.de/verify.html#blog</span><span class=\"invisible\"></span></a>"},{"type":"PropertyValue","name":"Underrated","value":"<a href=\"https://alceawis.de/verify.html#underrated\" target=\"_blank\" rel=\"nofollow noopener noreferrer me\" translate=\"no\"><span class=\"invisible\">https://</span><span class=\"ellipsis\">alceawis.de/verify.html#underr</span><span class=\"invisible\">ated</span></a>"},{"type":"PropertyValue","name":"Jukebox","value":"<a href=\"https://alceawis.de/verify.html#jukebox\" target=\"_blank\" rel=\"nofollow noopener noreferrer me\" translate=\"no\"><span class=\"invisible\">https://</span><span class=\"ellipsis\">alceawis.de/verify.html#jukebo</span><span class=\"invisible\">x</span></a>"}],"endpoints":{"sharedInbox":"https://pb.todon.de/inbox"},"icon":{"type":"Image","mediaType":"image/png","url":"avatar.png"},"image":{"type":"Image","mediaType":"image/png","url":"header.png"},"likes":"likes.json","bookmarks":"bookmarks.json"}