[
    {
        "text": "Test\n\nhttps:\/\/ry3yr.github.io",
        "x": "70",
        "y": "41"
    },
    {
        "text": "https:\/\/codepen.io\/ryedai1\/pen\/XWwEyLw \n\nSourceCode",
        "x": "648",
        "y": "152"
    },
    {
        "text": "aaaaaaaaaaaaaaaaa-aaaaaa\nhttps:\/\/rest.1a-insec.net",
        "x": "1156",
        "y": "25"
    },
    {
        "text": "Cat Cat Cat !!\n\nhttps:\/\/www.youtube.com\/watch?v=hUm_HXYLB8s",
        "x": "895",
        "y": "396"
    },
    {
        "text": null,
        "x": null,
        "y": null
    },
    {
        "text": null,
        "x": null,
        "y": null
    },
    {
        "text": null,
        "x": null,
        "y": null
    },
    {
        "text": null,
        "x": null,
        "y": null
    },
    {
        "text": null,
        "x": null,
        "y": null
    },
    {
        "text": null,
        "x": null,
        "y": null
    },
    {
        "text": null,
        "x": null,
        "y": null
    },
    {
        "text": null,
        "x": null,
        "y": null
    },
    {
        "text": null,
        "x": null,
        "y": null
    }
]