{
  "items": [
    {
      "name": "13 Sentinels: Aegis Rim",
      "link": "https://www.dekudeals.com/items/13-sentinels-aegis-rim",
      "added_at": "2023-06-13T15:53:23+00:00",
      "status": "playing",
      "format": "physical",
      "price_paid": 3399,
      "price_paid_currency": "EUR"
    },
    {
      "name": "Advance Wars 1+2: Re-Boot Camp",
      "link": "https://www.dekudeals.com/items/advance-wars-1-plus-2-re-boot-camp",
      "added_at": "2023-04-28T18:40:02+00:00",
      "format": "physical",
      "price_paid": 4899,
      "price_paid_currency": "EUR",
      "note": "Online capable\nGBA"
    },
    {
      "name": "Alan Wake Remastered",
      "link": "https://www.dekudeals.com/items/alan-wake-remastered",
      "added_at": "2022-10-21T00:26:25+00:00",
      "status": "abandoned",
      "format": "digital",
      "price_paid": 1900,
      "price_paid_currency": "EUR"
    },
    {
      "name": "American Fugitive",
      "link": "https://www.dekudeals.com/items/american-fugitive",
      "added_at": "2021-05-28T17:18:25+00:00",
      "format": "digital",
      "price_paid": 199,
      "price_paid_currency": "EUR",
      "note": "CauseItWasCheap"
    },
    {
      "name": "Apex Legends",
      "link": "https://www.dekudeals.com/items/apex-legends",
      "added_at": "2021-04-11T08:12:20+00:00",
      "status": "abandoned",
      "format": "digital",
      "price_paid": 100,
      "price_paid_currency": "EUR",
      "note": "EAID: 1Aoi9\n\nEssential",
      "rating": 4
    },
    {
      "name": "ASTRAL CHAIN",
      "link": "https://www.dekudeals.com/items/astral-chain",
      "added_at": "2023-03-19T13:07:39+00:00",
      "format": "physical",
      "price_paid": 3400,
      "price_paid_currency": "EUR"
    },
    {
      "name": "ASTRONEER",
      "link": "https://www.dekudeals.com/items/astroneer",
      "added_at": "2022-07-30T21:33:07+00:00",
      "format": "digital",
      "price_paid": 2239,
      "price_paid_currency": "EUR",
      "note": "OnlineCap\nPhysAvailAlso (Japan)"
    },
    {
      "name": "Blazing Beaks",
      "link": "https://www.dekudeals.com/items/blazing-beaks",
      "added_at": "2021-01-28T09:07:41+00:00",
      "format": "digital",
      "price_paid": 200,
      "price_paid_currency": "EUR"
    },
    {
      "name": "Bleed Complete Bundle",
      "link": "https://www.dekudeals.com/items/bleed-complete-bundle",
      "added_at": "2021-03-31T16:19:23+00:00",
      "format": "digital",
      "price_paid": 399,
      "price_paid_currency": "EUR"
    },
    {
      "name": "Bloodstained: Ritual of the Night",
      "link": "https://www.dekudeals.com/items/bloodstained-ritual-of-the-night",
      "added_at": "2021-01-28T09:17:07+00:00",
      "status": "abandoned",
      "format": "physical",
      "price_paid": 1400,
      "price_paid_currency": "EUR",
      "note": "#Currently stuck at Bloodless >< ...",
      "rating": 4
    },
    {
      "name": "Burnout Paradise Remastered",
      "link": "https://www.dekudeals.com/items/burnout-paradise-remastered",
      "added_at": "2021-01-28T09:06:32+00:00",
      "format": "physical",
      "price_paid": 2000,
      "price_paid_currency": "EUR",
      "note": "OnlineCap"
    },
    {
      "name": "Clubhouse Games: 51 Worldwide Classics",
      "link": "https://www.dekudeals.com/items/clubhouse-games-51-worldwide-classics",
      "added_at": "2021-01-28T09:05:38+00:00",
      "format": "physical",
      "price_paid": 3500,
      "price_paid_currency": "EUR",
      "note": "Darts&Bowling being only 2P is sad\n\n📦\nOnlineCap\nEssential ",
      "rating": 4
    },
    {
      "name": "Conduct TOGETHER!",
      "link": "https://www.dekudeals.com/items/conduct-together",
      "added_at": "2021-02-02T19:06:26+00:00",
      "format": "digital",
      "price_paid": 199,
      "price_paid_currency": "EUR"
    },
    {
      "name": "Contra Anniversary Collection",
      "link": "https://www.dekudeals.com/items/contra-anniversary-collection",
      "added_at": "2021-01-28T09:08:52+00:00",
      "format": "digital",
      "price_paid": 500,
      "price_paid_currency": "EUR"
    },
    {
      "name": "Death Road to Canada",
      "link": "https://www.dekudeals.com/items/death-road-to-canada",
      "added_at": "2021-02-24T16:55:28+00:00",
      "format": "digital",
      "price_paid": 749,
      "price_paid_currency": "EUR",
      "note": "PhysAvailAlso"
    },
    {
      "name": "Duke Nukem 3D: 20th Anniversary World Tour",
      "link": "https://www.dekudeals.com/items/duke-nukem-3d-20th-anniversary-world-tour",
      "added_at": "2021-01-28T09:08:37+00:00",
      "format": "digital",
      "price_paid": 500,
      "price_paid_currency": "EUR",
      "note": "OnlineCap"
    },
    {
      "name": "EA SPORTS FIFA 20 Nintendo Switch Legacy Edition",
      "link": "https://www.dekudeals.com/items/ea-sports-fifa-20-nintendo-switch-legacy-edition",
      "added_at": "2021-01-28T09:13:45+00:00",
      "format": "physical",
      "price_paid": 2000,
      "price_paid_currency": "EUR",
      "note": "OnlineCap"
    },
    {
      "name": "Enter the Gungeon",
      "link": "https://www.dekudeals.com/items/enter-the-gungeon",
      "added_at": "2021-04-01T18:58:28+00:00",
      "format": "digital",
      "price_paid": 749,
      "price_paid_currency": "EUR",
      "note": "PhysAvailAlso"
    },
    {
      "name": "Final Fantasy VII & Final Fantasy VIII Remastered Twin Pack",
      "link": "https://www.dekudeals.com/items/final-fantasy-vii-final-fantasy-viii-remastered-twin-pack",
      "added_at": "2021-01-28T09:06:53+00:00",
      "format": "physical",
      "price_paid": 3500,
      "price_paid_currency": "EUR",
      "note": "MSRP: unknown\n📦"
    },
    {
      "name": "FINAL FANTASY X/X-2 HD Remaster",
      "link": "https://www.dekudeals.com/items/final-fantasy-x-x-2-hd-remaster",
      "added_at": "2021-04-16T06:12:30+00:00",
      "status": "completed",
      "format": "physical",
      "price_paid": 2700,
      "price_paid_currency": "EUR",
      "note": "📦"
    },
    {
      "name": "Freakout: Calamity TV Show",
      "link": "https://www.dekudeals.com/items/freakout-calamity-tv-show",
      "added_at": "2021-03-12T22:45:40+00:00",
      "format": "digital",
      "price_paid": 224,
      "price_paid_currency": "EUR",
      "note": "CauseItWasCheap"
    },
    {
      "name": "FUZE4 Nintendo Switch",
      "link": "https://www.dekudeals.com/items/fuze4-nintendo",
      "added_at": "2021-11-05T16:49:17+00:00",
      "format": "digital",
      "price_paid": 2000,
      "price_paid_currency": "EUR"
    },
    {
      "name": "Gear.Club Unlimited",
      "link": "https://www.dekudeals.com/items/gear-club-unlimited",
      "added_at": "2021-03-22T19:00:40+00:00",
      "format": "digital",
      "price_paid": 298,
      "price_paid_currency": "EUR",
      "note": "PhysAvailAlso"
    },
    {
      "name": "Ghost Trick: Phantom Detective",
      "link": "https://www.dekudeals.com/items/ghost-trick-phantom-detective",
      "added_at": "2023-03-19T13:08:00+00:00",
      "format": "physical",
      "price_paid": 4400,
      "price_paid_currency": "EUR",
      "note": "Playasia order 30 Jun 2023"
    },
    {
      "name": "Grand Theft Auto: The Trilogy – The Definitive Edition",
      "link": "https://www.dekudeals.com/items/grand-theft-auto-the-trilogy-the-definitive-edition",
      "added_at": "2021-11-11T19:58:48+00:00",
      "status": "playing",
      "format": "digital",
      "price_paid": 5999,
      "price_paid_currency": "EUR",
      "note": "Essential (despite issues)",
      "rating": 3
    },
    {
      "name": "The Great Ace Attorney Chronicles",
      "link": "https://www.dekudeals.com/items/the-great-ace-attorney-chronicles",
      "added_at": "2022-08-04T13:07:06+00:00",
      "format": "digital",
      "price_paid": 2479,
      "price_paid_currency": "EUR"
    },
    {
      "name": "GRID Autosport",
      "link": "https://www.dekudeals.com/items/grid-autosport",
      "added_at": "2021-04-01T14:23:26+00:00",
      "format": "digital",
      "price_paid": 1999,
      "price_paid_currency": "EUR",
      "note": "OnlineCap"
    },
    {
      "name": "Haven",
      "link": "https://www.dekudeals.com/items/haven",
      "added_at": "2021-04-17T15:27:24+00:00",
      "status": "playing",
      "format": "digital",
      "price_paid": 1999,
      "price_paid_currency": "EUR",
      "note": "PhysAvailAlso  - Essential",
      "rating": 4
    },
    {
      "name": "Immortals Fenyx Rising",
      "link": "https://www.dekudeals.com/items/immortals-fenyx-rising",
      "added_at": "2021-01-28T09:04:17+00:00",
      "format": "physical",
      "price_paid": 4000,
      "price_paid_currency": "EUR",
      "note": "Essential",
      "rating": 4
    },
    {
      "name": "Indivisible",
      "link": "https://www.dekudeals.com/items/indivisible",
      "added_at": "2022-09-19T16:47:02+00:00",
      "format": "digital",
      "price_paid": 749,
      "price_paid_currency": "EUR",
      "note": "MP + CauseItWasCheap\n\n\nHilarious 2d platformer with atb esque combat\n",
      "rating": 3
    },
    {
      "name": "KINGDOM HEARTS - HD 1.5+2.5 ReMIX - Cloud Version",
      "link": "https://www.dekudeals.com/items/kingdom-hearts-hd-1-5-plus-2-5-remix-cloud-version",
      "added_at": "2022-12-21T14:05:09+00:00",
      "format": "digital",
      "price_paid": 2399,
      "price_paid_currency": "EUR",
      "note": "rebrand.ly/cloudgamingnothx"
    },
    {
      "name": "The Legend of Zelda: Tears of the Kingdom",
      "link": "https://www.dekudeals.com/items/the-legend-of-zelda-tears-of-the-kingdom",
      "added_at": "2023-05-12T15:30:34+00:00",
      "status": "playing",
      "format": "physical",
      "price_paid": 6399,
      "price_paid_currency": "EUR"
    },
    {
      "name": "LEGO CITY Undercover",
      "link": "https://www.dekudeals.com/items/lego-city-undercover",
      "added_at": "2021-01-28T09:07:09+00:00",
      "status": "completed",
      "format": "physical",
      "price_paid": 2900,
      "price_paid_currency": "EUR",
      "note": "📦"
    },
    {
      "name": "LEGRAND LEGACY: Tale of the Fatebounds",
      "link": "https://www.dekudeals.com/items/legrand-legacy-tale-of-the-fatebounds",
      "added_at": "2021-01-28T09:07:54+00:00",
      "format": "digital",
      "price_paid": 200,
      "price_paid_currency": "EUR"
    },
    {
      "name": "Mana Spark",
      "link": "https://www.dekudeals.com/items/mana-spark",
      "added_at": "2021-03-07T13:09:51+00:00",
      "format": "digital",
      "price_paid": 17,
      "price_paid_currency": "EUR",
      "note": "CauseItWasCheap"
    },
    {
      "name": "Mega Man Battle Network Legacy Collection",
      "link": "https://www.dekudeals.com/items/mega-man-battle-network-legacy-collection",
      "added_at": "2023-04-16T20:45:43+00:00",
      "status": "playing",
      "format": "digital",
      "price_paid": 5999,
      "price_paid_currency": "EUR",
      "note": "Online capable\nExcellent collection\nGBA"
    },
    {
      "name": "Mega Man Zero/ZX Legacy Collection",
      "link": "https://www.dekudeals.com/items/mega-man-zero-zx-legacy-collection",
      "added_at": "2021-01-28T09:10:59+00:00",
      "format": "digital",
      "price_paid": 2000,
      "price_paid_currency": "EUR",
      "note": "PhysAvailAlso\nOnlineCap",
      "rating": 4
    },
    {
      "name": "Metroid Prime Remastered",
      "link": "https://www.dekudeals.com/items/metroid-prime-remastered",
      "added_at": "2023-02-10T13:54:28+00:00",
      "format": "digital",
      "price_paid": 3999,
      "price_paid_currency": "EUR"
    },
    {
      "name": "Modern Combat Blackout",
      "link": "https://www.dekudeals.com/items/modern-combat-blackout",
      "added_at": "2023-04-07T16:24:27+00:00",
      "status": "playing",
      "format": "digital",
      "price_paid": 199,
      "price_paid_currency": "EUR",
      "note": "( Also @ Wisteria - NintyAcc)\nBecause it was cheap\nOnline capable"
    },
    {
      "name": "NieR:Automata The End of YoRHa Edition",
      "link": "https://www.dekudeals.com/items/nier-automata-the-end-of-yorha-edition-switch",
      "added_at": "2022-12-09T00:38:05+00:00",
      "status": "playing",
      "format": "physical",
      "price_paid": 3999,
      "price_paid_currency": "EUR",
      "note": "DigitalAlso",
      "rating": 5
    },
    {
      "name": "Notes",
      "link": "https://www.dekudeals.com/items/notes",
      "added_at": "2022-09-25T11:32:24+00:00",
      "format": "digital",
      "price_paid": 99,
      "price_paid_currency": "EUR",
      "note": "Good for some handy data\nCauseItWasCheap"
    },
    {
      "name": "Ori and the Blind Forest: Definitive Edition",
      "link": "https://www.dekudeals.com/items/ori-and-the-blind-forest-de",
      "added_at": "2023-04-30T07:32:11+00:00",
      "format": "digital",
      "price_paid": 499,
      "price_paid_currency": "EUR",
      "note": "Cause it was cheap (& is good)"
    },
    {
      "name": "Pascal's Wager: Definitive Edition",
      "link": "https://www.dekudeals.com/items/pascals-wager-definitive-edition-switch",
      "added_at": "2022-08-02T19:33:40+00:00",
      "format": "digital",
      "price_paid": 1999,
      "price_paid_currency": "EUR"
    },
    {
      "name": "Persona 5 Royal",
      "link": "https://www.dekudeals.com/items/persona5-royal",
      "added_at": "2022-12-09T00:38:17+00:00",
      "format": "physical",
      "price_paid": 4800,
      "price_paid_currency": "EUR"
    },
    {
      "name": "Pocket Mini Golf",
      "link": "https://www.dekudeals.com/items/pocket-mini-golf",
      "added_at": "2021-01-28T09:08:06+00:00",
      "format": "digital",
      "price_paid": 100,
      "price_paid_currency": "EUR",
      "note": "CauseItWasCheap"
    },
    {
      "name": "Pokémon Scarlet",
      "link": "https://www.dekudeals.com/items/pokémon-scarlet",
      "added_at": "2022-12-03T14:20:57+00:00",
      "format": "physical",
      "price_paid": 3000,
      "price_paid_currency": "EUR"
    },
    {
      "name": "Pokémon Shining Pearl",
      "link": "https://www.dekudeals.com/items/pokemon-shining-pearl",
      "added_at": "2022-09-10T04:41:52+00:00",
      "format": "physical",
      "price_paid": 4000,
      "price_paid_currency": "EUR",
      "note": "Only Pkmn with full Gen 1-4 Roster\nProbably the last good Pkmn game\n\nhttps://m.youtube.com/watch?v=FtYdnwBXp8M&list=PLHACfIDFF66rhd6lplzOG_5oOs-ugb8gd&index=7",
      "rating": 4
    },
    {
      "name": "Police Stories",
      "link": "https://www.dekudeals.com/items/police-stories",
      "added_at": "2022-12-31T20:52:08+00:00",
      "format": "digital",
      "price_paid": 299,
      "price_paid_currency": "EUR"
    },
    {
      "name": "Portal Companion Collection",
      "link": "https://www.dekudeals.com/items/portal-companion-collection",
      "added_at": "2022-06-30T10:13:44+00:00",
      "format": "digital",
      "price_paid": 1899,
      "price_paid_currency": "EUR",
      "note": "CauseItIsNecessary\nEssential",
      "rating": 3
    },
    {
      "name": "Q-YO Blaster",
      "link": "https://www.dekudeals.com/items/q-yo-blaster",
      "added_at": "2021-03-18T21:41:07+00:00",
      "format": "digital",
      "price_paid": 99,
      "price_paid_currency": "EUR",
      "note": "CauseItWasCheap"
    },
    {
      "name": "Resident Evil Revelations 2",
      "link": "https://www.dekudeals.com/items/resident-evil-revelations-2",
      "added_at": "2021-01-28T09:04:05+00:00",
      "format": "digital",
      "price_paid": 800,
      "price_paid_currency": "EUR",
      "note": "PhysAvailAlso"
    },
    {
      "name": "RIVE: Ultimate Edition",
      "link": "https://www.dekudeals.com/items/rive-ultimate-edition",
      "added_at": "2021-02-24T16:46:57+00:00",
      "format": "digital",
      "price_paid": 149,
      "price_paid_currency": "EUR",
      "note": "CauseItWasCheap"
    },
    {
      "name": "Saints Row IV: Re-Elected",
      "link": "https://www.dekudeals.com/items/saints-row-4-re-elected",
      "added_at": "2021-01-28T09:11:10+00:00",
      "status": "completed",
      "format": "digital",
      "price_paid": 2000,
      "price_paid_currency": "EUR",
      "note": "PhysAvailAlso\nOnlineCap",
      "rating": 3
    },
    {
      "name": "SAINTS ROW: THE THIRD - THE FULL PACKAGE",
      "link": "https://www.dekudeals.com/items/saints-row-the-third-the-full-package",
      "added_at": "2021-08-17T21:02:18+00:00",
      "status": "completed",
      "format": "digital",
      "price_paid": 1399,
      "price_paid_currency": "EUR",
      "note": "PhysAvailAlso\nOnlineCap",
      "rating": 4
    },
    {
      "name": "Sniper Elite 4",
      "link": "https://www.dekudeals.com/items/sniper-elite-4",
      "added_at": "2023-04-24T17:29:50+00:00",
      "format": "digital",
      "price_paid": 1359,
      "price_paid_currency": "EUR",
      "note": "Online Capable\n\n(Again) Cause it was cheap"
    },
    {
      "name": "SONIC FORCES",
      "link": "https://www.dekudeals.com/items/sonic-forces",
      "added_at": "2022-04-29T11:23:20+00:00",
      "format": "digital",
      "price_paid": 999,
      "price_paid_currency": "EUR",
      "rating": 2
    },
    {
      "name": "Sonic Frontiers",
      "link": "https://www.dekudeals.com/items/sonic-frontiers-switch",
      "added_at": "2022-11-26T14:50:37+00:00",
      "format": "physical",
      "price_paid": 4000,
      "price_paid_currency": "EUR"
    },
    {
      "name": "Spinny's Journey",
      "link": "https://www.dekudeals.com/items/spinnys-journey",
      "added_at": "2021-04-17T18:39:05+00:00",
      "format": "digital",
      "price_paid": 839,
      "price_paid_currency": "EUR"
    },
    {
      "name": "Stardew Valley",
      "link": "https://www.dekudeals.com/items/stardew-valley",
      "added_at": "2021-08-08T08:18:11+00:00",
      "format": "digital",
      "price_paid": 899,
      "price_paid_currency": "EUR",
      "note": "CauseItWasCheap"
    },
    {
      "name": "Super Bomberman R",
      "link": "https://www.dekudeals.com/items/super-bomberman-r",
      "added_at": "2021-04-02T20:31:08+00:00",
      "format": "digital",
      "price_paid": 749,
      "price_paid_currency": "EUR",
      "note": "PhysAvailAlso\nOnlineCap"
    },
    {
      "name": "Super Chariot",
      "link": "https://www.dekudeals.com/items/super-chariot",
      "added_at": "2021-02-04T21:37:26+00:00",
      "format": "digital",
      "price_paid": 149,
      "price_paid_currency": "EUR",
      "note": "PhysAvailAlso"
    },
    {
      "name": "Super Toy Cars",
      "link": "https://www.dekudeals.com/items/super-toy-cars",
      "added_at": "2021-05-14T11:27:49+00:00",
      "format": "digital",
      "price_paid": 99,
      "price_paid_currency": "EUR",
      "note": "CauseItWasCheap"
    },
    {
      "name": "SWORD ART ONLINE: FATAL BULLET Complete Edition",
      "link": "https://www.dekudeals.com/items/sword-art-online-fatal-bullet-complete-edition",
      "added_at": "2022-06-10T23:15:12+00:00",
      "format": "digital",
      "price_paid": 899,
      "price_paid_currency": "EUR",
      "note": "Essential\nOn linencap",
      "rating": 3
    },
    {
      "name": "Tales of Vesperia: Definitive Edition",
      "link": "https://www.dekudeals.com/items/tales-of-vesperia-definitive-edition",
      "added_at": "2021-04-24T19:56:32+00:00",
      "status": "abandoned",
      "format": "digital",
      "price_paid": 1249,
      "price_paid_currency": "EUR",
      "note": "PhysAvailAlso\n\n(stuck) 17.9.21 The Dragon on the Mountain https://m.youtube.com/watch?v=HsUDRxigaBk\n"
    },
    {
      "name": "Thief Simulator",
      "link": "https://www.dekudeals.com/items/thief-simulator",
      "added_at": "2021-01-28T09:07:26+00:00",
      "status": "completed",
      "format": "digital",
      "price_paid": 200,
      "price_paid_currency": "EUR",
      "note": "Most fun \"simulator\" yet\n\nCauseItWasCheap"
    },
    {
      "name": "Timespinner",
      "link": "https://www.dekudeals.com/items/timespinner",
      "added_at": "2021-01-28T09:08:22+00:00",
      "format": "digital",
      "price_paid": 1000,
      "price_paid_currency": "EUR",
      "note": "PhysAvailAlso"
    },
    {
      "name": "Tony Hawk's Pro Skater 1 + 2",
      "link": "https://www.dekudeals.com/items/tony-hawks-pro-skater-1-plus-2",
      "added_at": "2023-01-06T13:05:51+00:00",
      "format": "digital",
      "price_paid": 1799,
      "price_paid_currency": "EUR",
      "note": "Cause it was cheap\n+ multiplayer\n+ online stage builder"
    },
    {
      "name": "Worms W.M.D",
      "link": "https://www.dekudeals.com/items/worms-wmd",
      "added_at": "2021-05-28T10:05:49+00:00",
      "format": "digital",
      "price_paid": 749,
      "price_paid_currency": "EUR",
      "note": "OnlineCap"
    },
    {
      "name": "Yooka-Laylee",
      "link": "https://www.dekudeals.com/items/yooka-laylee",
      "added_at": "2021-02-13T15:11:09+00:00",
      "format": "digital",
      "price_paid": 999,
      "price_paid_currency": "EUR",
      "note": "PhysAvailAlso"
    },
    {
      "name": "Yu-Gi-Oh! Legacy of the Duelist: Link Evolution",
      "link": "https://www.dekudeals.com/items/yu-gi-oh-legacy-of-the-duelist-link-evolution",
      "added_at": "2021-02-28T17:44:12+00:00",
      "status": "completed",
      "format": "digital",
      "price_paid": 1599,
      "price_paid_currency": "EUR",
      "note": "PhysAvailAlso\nOnlineCap",
      "rating": 4
    },
    {
      "name": "Yu-Gi-Oh! Master Duel",
      "link": "https://www.dekudeals.com/items/yu-gi-oh-master-duel",
      "added_at": "2023-05-07T07:27:22+00:00",
      "status": "playing",
      "format": "digital",
      "price_paid": 0,
      "price_paid_currency": "EUR",
      "note": "1Aoi9 872-167-114"
    }
  ]
}