<TaskerData sr="" dvi="1" tv="4.9u4m">
	<Task sr="task4">
		<cdate>1736578339525</cdate>
		<edate>1736580760161</edate>
		<id>4</id>
		<nme>TrackSend</nme>
		<pri>100</pri>
		<Action sr="act0" ve="7">
			<code>118</code>
			<Str sr="arg0" ve="3">https://alcea-wisteria.de/PHP//0demo/2025-01-11-InfoRelays/2025-01-11-CurrPlaying/trackrelay.php?track=%Trackinfo</Str>
			<Str sr="arg1" ve="3"/>
			<Str sr="arg2" ve="3"/>
			<Str sr="arg3" ve="3"/>
			<Str sr="arg4" ve="3"/>
			<Int sr="arg5" val="10"/>
			<Str sr="arg6" ve="3"/>
			<Str sr="arg7" ve="3"/>
			<Int sr="arg8" val="0"/>
		</Action>
	</Task>
</TaskerData>
