<TaskerData sr="" dvi="1" tv="4.9u4m">
	<Task sr="task13">
		<cdate>1766436427918</cdate>
		<edate>1766436443750</edate>
		<id>13</id>
		<nme>TrackAudioPlayerSend</nme>
		<Action sr="act0" ve="7">
			<code>118</code>
			<Str sr="arg0" ve="3">https://alcea-wisteria.de/PHP/0demo/2025-12-22-DeviceNAppCtrl/%5BAndroid%5D_Poweramp%E2%80%90%28Tasker%29%2820251222%29/save_track.php?track=%Trackinfo</Str>
			<Str sr="arg1" ve="3"/>
			<Str sr="arg2" ve="3"/>
			<Str sr="arg3" ve="3"/>
			<Str sr="arg4" ve="3"/>
			<Int sr="arg5" val="10"/>
			<Str sr="arg6" ve="3"/>
			<Str sr="arg7" ve="3"/>
			<Int sr="arg8" val="0"/>
		</Action>
	</Task>
</TaskerData>
