[{"user":"alcea","weight":64,"dressed":"notdressed","date":"2024-02-21","time":"1410"},{"user":"aoi","weight":64,"dressed":"dressed","date":"2024-02-20","time":"1243"},{"user":"aoi","weight":57,"dressed":"dressed","date":"2022-05-20","time":"1600"},{"user":"aoi","weight":61,"dressed":"dressed","date":"2022-04-11","time":"1300"},{"user":"aoi","weight":62,"dressed":"dressed","date":"2020-12-31","time":"1345"},{"user":"aoi","weight":64,"dressed":"dressed","date":"2020-11-20","time":"1240"},{"user":"aoi","weight":63,"dressed":"notdressed","date":"2019-08-21","time":"1141"},{"user":"aoi","weight":62,"dressed":"dressed","date":"2019-04-15","time":"1141"},{"user":"aoi","weight":64,"dressed":"dressed","date":"2018-07-31","time":"1045"},{"user":"aoi","weight":60,"dressed":"dressed","date":"2018-06-14","time":"1252"},{"user":"aoi","weight":62,"dressed":"dressed","date":"2018-04-07","time":"950"},{"user":"aoi","weight":63,"dressed":"dressed","date":"2018-04-05","time":"1140"},{"user":"aoi","weight":64,"dressed":"dressed","date":"2018-03-12","time":"1019"},{"user":"aoi","weight":65,"dressed":"dressed","date":"2017-12-24","time":"2054"},{"user":"aoi","weight":59,"dressed":"dressed","date":"2017-11-20","time":"747"},{"user":"aoi","weight":63,"dressed":"dressed","date":"2017-11-09","time":"730"},{"user":"aoi","weight":63,"dressed":"dressed","date":"2017-11-01","time":"1920"},{"user":"aoi","weight":61,"dressed":"dressed","date":"2017-09-20","time":"712"},{"user":"aoi","weight":64,"dressed":"dressed","date":"2017-09-09","time":"1256"},{"user":"aoi","weight":64,"dressed":"dressed","date":"2017-08-11","time":"740"},{"user":"aoi","weight":63,"dressed":"dressed","date":"2017-07-15","time":"1830"},{"user":"aoi","weight":65,"dressed":"dressed","date":"2017-06-16","time":"2238"},{"user":"aoi","weight":60,"dressed":"dressed","date":"2017-01-17","time":"414"},{"user":"aoi","weight":59,"dressed":"notdressed","date":"2017-01-09","time":"1102"},{"user":"aoi","weight":60,"dressed":"dressed","date":"2016-11-14","time":"1653"},{"user":"aoi","weight":62,"dressed":"dressed","date":"2016-11-13","time":"803"},{"user":"aoi","weight":64,"dressed":"dressed","date":"2016-10-19","time":"739"},{"user":"aoi","weight":64,"dressed":"dressed","date":"2016-10-19","time":"739"}]