<TaskerData sr="" dvi="1" tv="4.9u4m">
	<Profile sr="prof3" ve="2">
		<cdate>1736577940945</cdate>
		<edate>1736578113627</edate>
		<id>3</id>
		<mid0>2</mid0>
		<nme>PowerampTrackChange</nme>
		<Event sr="con0" ve="2">
			<code>599</code>
			<pri>0</pri>
			<Str sr="arg0" ve="3">com.maxmpz.audioplayer.TRACK_CHANGED</Str>
			<Int sr="arg1" val="0"/>
			<Int sr="arg2" val="0"/>
			<Str sr="arg3" ve="3"/>
			<Str sr="arg4" ve="3"/>
		</Event>
	</Profile>
	<Task sr="task2">
		<cdate>1736577593144</cdate>
		<edate>1736580762573</edate>
		<id>2</id>
		<nme>Curr</nme>
		<pri>100</pri>
		<Action sr="act0" ve="7">
			<code>129</code>
			<Str sr="arg0" ve="3">var regex = new RegExp(/([A-Za-z]*)=(.*?),/g);
while (matcher = regex.exec(track)) {
  setLocal(matcher[1].toLowerCase(), matcher[2]);
}</Str>
			<Str sr="arg1" ve="3"/>
			<Int sr="arg2" val="1"/>
			<Int sr="arg3" val="45"/>
		</Action>
		<Action sr="act1" ve="7">
			<code>548</code>
			<Str sr="arg0" ve="3">%title %artist</Str>
			<Int sr="arg1" val="0"/>
		</Action>
		<Action sr="act2" ve="7">
			<code>118</code>
			<on>false</on>
			<Str sr="arg0" ve="3">https://alcea-wisteria.de/PHP//0demo/2025-01-11-InfoRelays/2025-01-11-CurrPlaying/trackrelay.php?track=%Trackinfo</Str>
			<Str sr="arg1" ve="3"/>
			<Str sr="arg2" ve="3"/>
			<Str sr="arg3" ve="3"/>
			<Str sr="arg4" ve="3"/>
			<Int sr="arg5" val="10"/>
			<Str sr="arg6" ve="3"/>
			<Str sr="arg7" ve="3"/>
			<Int sr="arg8" val="0"/>
		</Action>
		<Action sr="act3" ve="7">
			<code>547</code>
			<Str sr="arg0" ve="3">%Trackinfo</Str>
			<Str sr="arg1" ve="3">%title %artist</Str>
			<Int sr="arg2" val="0"/>
			<Int sr="arg3" val="0"/>
			<Int sr="arg4" val="0"/>
		</Action>
	</Task>
</TaskerData>
