[
    {
        "date": "2025-08-04 13:38:26",
        "mode": "response_code",
        "domainname": "alceawis.de",
        "response_code": 200
    },
    {
        "date": "2025-08-04 13:38:32",
        "mode": "response_code",
        "domainname": "alceawis.de",
        "response_code": 200
    },
    {
        "date": "2025-08-05 03:19:10",
        "mode": "response_code",
        "domainname": "alceawis.de",
        "response_code": 200
    },
    {
        "date": "2025-08-06 11:34:00",
        "mode": "response_code",
        "domainname": "alceawis.de",
        "response_code": 200
    },
    {
        "date": "2025-08-07 11:34:00",
        "mode": "response_code",
        "domainname": "alceawis.de",
        "response_code": 200
    },
    {
        "date": "2025-08-08 19:58:03",
        "mode": "response_code",
        "domainname": "alceawis.de",
        "response_code": 200
    },
    {
        "date": "2025-08-08 20:12:00",
        "mode": "response_code",
        "domainname": "alceawis.de",
        "response_code": 200
    },
    {
        "date": "2025-08-08 23:40:41",
        "mode": "response_code",
        "domainname": "alceawis.de",
        "response_code": 0
    },
    {
        "date": "2025-08-09 00:33:43",
        "mode": "response_code",
        "domainname": "alceawis.de",
        "response_code": 200
    },
    {
        "date": "2025-08-09 00:42:36",
        "mode": "response_code",
        "domainname": "alceawis.de",
        "response_code": 200
    },
    {
        "date": "2025-08-09 04:36:29",
        "mode": "response_code",
        "domainname": "alceawis.de",
        "response_code": 200
    },
    {
        "date": "2025-08-09 11:34:00",
        "mode": "response_code",
        "domainname": "alceawis.de",
        "response_code": 200
    },
    {
        "date": "2025-08-09 20:12:00",
        "mode": "response_code",
        "domainname": "alceawis.de",
        "response_code": 200
    },
    {
        "date": "2025-08-10 00:36:21",
        "mode": "response_code",
        "domainname": "alceawis.de",
        "response_code": 200
    },
    {
        "date": "2025-08-10 18:38:39",
        "mode": "response_code",
        "domainname": "alceawis.de",
        "response_code": 200
    },
    {
        "date": "2025-08-10 18:43:29",
        "mode": "response_code",
        "domainname": "alceawis.de",
        "response_code": 200
    },
    {
        "date": "2025-08-10 19:02:05",
        "mode": "response_code",
        "domainname": "alceawis.de",
        "response_code": 200
    },
    {
        "date": "2025-08-10 20:12:00",
        "mode": "response_code",
        "domainname": "alceawis.de",
        "response_code": 200
    },
    {
        "date": "2025-08-10 20:18:59",
        "mode": "response_code",
        "domainname": "alceawis.de",
        "response_code": 200
    },
    {
        "date": "2025-08-11 11:34:00",
        "mode": "response_code",
        "domainname": "alceawis.de",
        "response_code": 200
    },
    {
        "date": "2025-08-11 20:12:00",
        "mode": "response_code",
        "domainname": "alceawis.de",
        "response_code": 200
    },
    {
        "date": "2025-08-11 12:58:00",
        "mode": "response_code",
        "domainname": "alceawis.de",
        "response_code": 200
    },
    {
        "date": "2025-08-12 12:58:00",
        "mode": "response_code",
        "domainname": "alceawis.de",
        "response_code": 200
    },
    {
        "date": "2025-08-12 18:00:00",
        "mode": "response_code",
        "domainname": "alceawis.de",
        "response_code": 200
    },
    {
        "date": "2025-08-13 00:07:13",
        "mode": "response_code",
        "domainname": "alceawis.de",
        "response_code": 200
    },
    {
        "date": "2025-08-13 12:58:00",
        "mode": "response_code",
        "domainname": "alceawis.de",
        "response_code": 200
    },
    {
        "date": "2025-08-13 18:00:00",
        "mode": "response_code",
        "domainname": "alceawis.de",
        "response_code": 200
    },
    {
        "date": "2025-08-14 12:58:00",
        "mode": "response_code",
        "domainname": "alceawis.de",
        "response_code": 200
    },
    {
        "date": "2025-08-14 18:00:00",
        "mode": "response_code",
        "domainname": "alceawis.de",
        "response_code": 200
    },
    {
        "date": "2025-08-15 11:34:00",
        "mode": "response_code",
        "domainname": "alceawis.de",
        "response_code": 200
    },
    {
        "date": "2025-08-15 18:12:00",
        "mode": "response_code",
        "domainname": "alceawis.de",
        "response_code": 200
    },
    {
        "date": "2025-08-16 11:34:00",
        "mode": "response_code",
        "domainname": "alceawis.de",
        "response_code": 200
    },
    {
        "date": "2025-08-16 18:12:00",
        "mode": "response_code",
        "domainname": "alceawis.de",
        "response_code": 200
    },
    {
        "date": "2025-08-17 11:34:00",
        "mode": "response_code",
        "domainname": "alceawis.de",
        "response_code": 200
    },
    {
        "date": "2025-08-17 18:12:00",
        "mode": "response_code",
        "domainname": "alceawis.de",
        "response_code": 200
    },
    {
        "date": "2025-08-18 11:34:00",
        "mode": "response_code",
        "domainname": "alceawis.de",
        "response_code": 200
    },
    {
        "date": "2025-08-18 18:12:00",
        "mode": "response_code",
        "domainname": "alceawis.de",
        "response_code": 200
    },
    {
        "date": "2025-08-19 11:34:00",
        "mode": "response_code",
        "domainname": "alceawis.de",
        "response_code": 200
    },
    {
        "date": "2025-08-19 18:12:00",
        "mode": "response_code",
        "domainname": "alceawis.de",
        "response_code": 200
    },
    {
        "date": "2025-08-20 11:34:00",
        "mode": "response_code",
        "domainname": "alceawis.de",
        "response_code": 200
    },
    {
        "date": "2025-08-20 18:12:00",
        "mode": "response_code",
        "domainname": "alceawis.de",
        "response_code": 200
    },
    {
        "date": "2025-08-21 02:45:37",
        "mode": "response_code",
        "domainname": "alceawis.de",
        "response_code": 200
    },
    {
        "date": "2025-08-21 11:34:00",
        "mode": "response_code",
        "domainname": "alceawis.de",
        "response_code": 200
    },
    {
        "date": "2025-08-21 18:12:00",
        "mode": "response_code",
        "domainname": "alceawis.de",
        "response_code": 200
    },
    {
        "date": "2025-08-22 11:34:00",
        "mode": "response_code",
        "domainname": "alceawis.de",
        "response_code": 200
    },
    {
        "date": "2025-08-22 18:12:00",
        "mode": "response_code",
        "domainname": "alceawis.de",
        "response_code": 200
    },
    {
        "date": "2025-08-22 23:26:30",
        "mode": "response_code",
        "domainname": "alceawis.de",
        "response_code": 200
    },
    {
        "date": "2025-08-23 11:34:00",
        "mode": "response_code",
        "domainname": "alceawis.de",
        "response_code": 200
    },
    {
        "date": "2025-08-23 18:12:00",
        "mode": "response_code",
        "domainname": "alceawis.de",
        "response_code": 200
    },
    {
        "date": "2025-08-24 11:34:00",
        "mode": "response_code",
        "domainname": "alceawis.de",
        "response_code": 200
    },
    {
        "date": "2025-08-24 18:12:00",
        "mode": "response_code",
        "domainname": "alceawis.de",
        "response_code": 200
    },
    {
        "date": "2025-08-25 11:34:00",
        "mode": "response_code",
        "domainname": "alceawis.de",
        "response_code": 200
    },
    {
        "date": "2025-08-25 18:12:00",
        "mode": "response_code",
        "domainname": "alceawis.de",
        "response_code": 200
    },
    {
        "date": "2025-08-26 11:34:00",
        "mode": "response_code",
        "domainname": "alceawis.de",
        "response_code": 200
    },
    {
        "date": "2025-08-26 18:12:00",
        "mode": "response_code",
        "domainname": "alceawis.de",
        "response_code": 200
    },
    {
        "date": "2025-08-27 11:34:00",
        "mode": "response_code",
        "domainname": "alceawis.de",
        "response_code": 200
    },
    {
        "date": "2025-08-27 18:12:00",
        "mode": "response_code",
        "domainname": "alceawis.de",
        "response_code": 200
    },
    {
        "date": "2025-08-28 11:34:00",
        "mode": "response_code",
        "domainname": "alceawis.de",
        "response_code": 200
    },
    {
        "date": "2025-08-28 17:17:39",
        "mode": "response_code",
        "domainname": "alceawis.de",
        "response_code": 200
    },
    {
        "date": "2025-08-28 18:12:00",
        "mode": "response_code",
        "domainname": "alceawis.de",
        "response_code": 200
    },
    {
        "date": "2025-08-29 11:34:00",
        "mode": "response_code",
        "domainname": "alceawis.de",
        "response_code": 200
    },
    {
        "date": "2025-08-29 18:12:00",
        "mode": "response_code",
        "domainname": "alceawis.de",
        "response_code": 200
    },
    {
        "date": "2025-08-30 11:34:00",
        "mode": "response_code",
        "domainname": "alceawis.de",
        "response_code": 200
    },
    {
        "date": "2025-08-30 18:12:00",
        "mode": "response_code",
        "domainname": "alceawis.de",
        "response_code": 200
    },
    {
        "date": "2025-08-31 11:34:00",
        "mode": "response_code",
        "domainname": "alceawis.de",
        "response_code": 200
    },
    {
        "date": "2025-08-31 17:36:20",
        "mode": "response_code",
        "domainname": "alceawis.de",
        "response_code": 200
    },
    {
        "date": "2025-08-31 18:12:00",
        "mode": "response_code",
        "domainname": "alceawis.de",
        "response_code": 200
    },
    {
        "date": "2025-08-31 20:41:13",
        "mode": "response_code",
        "domainname": "alceawis.de",
        "response_code": 200
    },
    {
        "date": "2025-09-01 00:55:02",
        "mode": "response_code",
        "domainname": "alceawis.de",
        "response_code": 200
    },
    {
        "date": "2025-09-01 11:34:00",
        "mode": "response_code",
        "domainname": "alceawis.de",
        "response_code": 200
    },
    {
        "date": "2025-09-01 18:12:00",
        "mode": "response_code",
        "domainname": "alceawis.de",
        "response_code": 200
    },
    {
        "date": "2025-09-02 11:34:00",
        "mode": "response_code",
        "domainname": "alceawis.de",
        "response_code": 200
    },
    {
        "date": "2025-09-02 18:12:00",
        "mode": "response_code",
        "domainname": "alceawis.de",
        "response_code": 200
    },
    {
        "date": "2025-09-02 23:02:16",
        "mode": "response_code",
        "domainname": "alceawis.de",
        "response_code": 200
    },
    {
        "date": "2025-09-03 02:04:06",
        "mode": "response_code",
        "domainname": "alceawis.de",
        "response_code": 200
    },
    {
        "date": "2025-09-03 02:19:06",
        "mode": "response_code",
        "domainname": "alceawis.de",
        "response_code": 200
    },
    {
        "date": "2025-09-03 02:19:14",
        "mode": "response_code",
        "domainname": "alceawis.de",
        "response_code": 200
    },
    {
        "date": "2025-09-03 20:59:42",
        "mode": "response_code",
        "domainname": "alceawis.de",
        "response_code": 200
    },
    {
        "date": "2025-09-03 23:16:57",
        "mode": "response_code",
        "domainname": "alceawis.de",
        "response_code": 200
    },
    {
        "date": "2025-09-04 02:57:36",
        "mode": "response_code",
        "domainname": "alceawis.de",
        "response_code": 404
    },
    {
        "date": "2025-09-04 11:34:00",
        "mode": "response_code",
        "domainname": "alceawis.de",
        "response_code": 404
    },
    {
        "date": "2025-09-04 18:12:00",
        "mode": "response_code",
        "domainname": "alceawis.de",
        "response_code": 404
    },
    {
        "date": "2025-09-05 11:34:00",
        "mode": "response_code",
        "domainname": "alceawis.de",
        "response_code": 200
    },
    {
        "date": "2025-09-05 18:12:00",
        "mode": "response_code",
        "domainname": "alceawis.de",
        "response_code": 200
    },
    {
        "date": "2025-09-06 11:34:00",
        "mode": "response_code",
        "domainname": "alceawis.de",
        "response_code": 200
    },
    {
        "date": "2025-09-06 18:12:00",
        "mode": "response_code",
        "domainname": "alceawis.de",
        "response_code": 200
    },
    {
        "date": "2025-09-07 12:54:58",
        "mode": "response_code",
        "domainname": "alceawis.de",
        "response_code": 200
    },
    {
        "date": "2025-09-07 14:56:37",
        "mode": "response_code",
        "domainname": "alceawis.de",
        "response_code": 200
    },
    {
        "date": "2025-09-07 18:12:00",
        "mode": "response_code",
        "domainname": "alceawis.de",
        "response_code": 200
    },
    {
        "date": "2025-09-08 16:18:16",
        "mode": "response_code",
        "domainname": "alceawis.de",
        "response_code": 200
    },
    {
        "date": "2025-09-09 10:49:27",
        "mode": "response_code",
        "domainname": "alceawis.de",
        "response_code": 200
    },
    {
        "date": "2025-09-10 04:52:06",
        "mode": "response_code",
        "domainname": "alceawis.de",
        "response_code": 200
    },
    {
        "date": "2025-09-11 13:02:35",
        "mode": "response_code",
        "domainname": "alceawis.de",
        "response_code": 200
    },
    {
        "date": "2025-09-12 09:45:07",
        "mode": "response_code",
        "domainname": "alceawis.de",
        "response_code": 200
    },
    {
        "date": "2025-09-12 11:34:00",
        "mode": "response_code",
        "domainname": "alceawis.de",
        "response_code": 200
    },
    {
        "date": "2025-09-13 11:34:00",
        "mode": "response_code",
        "domainname": "alceawis.de",
        "response_code": 200
    },
    {
        "date": "2025-09-13 23:52:00",
        "mode": "response_code",
        "domainname": "alceawis.de",
        "response_code": 200
    },
    {
        "date": "2025-09-14 14:59:09",
        "mode": "response_code",
        "domainname": "alceawis.de",
        "response_code": 200
    },
    {
        "date": "2025-09-14 18:12:00",
        "mode": "response_code",
        "domainname": "alceawis.de",
        "response_code": 200
    },
    {
        "date": "2025-09-14 23:52:00",
        "mode": "response_code",
        "domainname": "alceawis.de",
        "response_code": 200
    },
    {
        "date": "2025-09-15 20:34:06",
        "mode": "response_code",
        "domainname": "alceawis.de",
        "response_code": 200
    },
    {
        "date": "2025-09-15 23:52:00",
        "mode": "response_code",
        "domainname": "alceawis.de",
        "response_code": 200
    },
    {
        "date": "2025-09-16 23:22:53",
        "mode": "response_code",
        "domainname": "alceawis.de",
        "response_code": 200
    },
    {
        "date": "2025-09-16 23:52:00",
        "mode": "response_code",
        "domainname": "alceawis.de",
        "response_code": 200
    },
    {
        "date": "2025-09-17 20:50:14",
        "mode": "response_code",
        "domainname": "alceawis.de",
        "response_code": 200
    },
    {
        "date": "2025-09-17 23:52:00",
        "mode": "response_code",
        "domainname": "alceawis.de",
        "response_code": 200
    },
    {
        "date": "2025-09-19 03:23:24",
        "mode": "response_code",
        "domainname": "alceawis.de",
        "response_code": 200
    },
    {
        "date": "2025-09-18 23:52:02",
        "mode": "response_code",
        "domainname": "alcea-wisteria.de",
        "response_code": 200
    },
    {
        "date": "2025-09-19 20:59:27",
        "mode": "response_code",
        "domainname": "alceawis.de",
        "response_code": 200
    },
    {
        "date": "2025-09-19 23:52:00",
        "mode": "response_code",
        "domainname": "alceawis.de",
        "response_code": 200
    },
    {
        "date": "2025-09-20 21:56:27",
        "mode": "response_code",
        "domainname": "alceawis.de",
        "response_code": 200
    },
    {
        "date": "2025-09-20 23:52:00",
        "mode": "response_code",
        "domainname": "alceawis.de",
        "response_code": 200
    },
    {
        "date": "2025-09-21 12:49:08",
        "mode": "response_code",
        "domainname": "alceawis.de",
        "response_code": 200
    },
    {
        "date": "2025-09-21 18:12:00",
        "mode": "response_code",
        "domainname": "alceawis.de",
        "response_code": 200
    },
    {
        "date": "2025-09-21 23:52:00",
        "mode": "response_code",
        "domainname": "alceawis.de",
        "response_code": 200
    },
    {
        "date": "2025-09-22 13:27:43",
        "mode": "response_code",
        "domainname": "alceawis.de",
        "response_code": 200
    },
    {
        "date": "2025-09-22 18:12:00",
        "mode": "response_code",
        "domainname": "alceawis.de",
        "response_code": 200
    },
    {
        "date": "2025-09-22 23:52:00",
        "mode": "response_code",
        "domainname": "alceawis.de",
        "response_code": 200
    },
    {
        "date": "2025-09-23 11:34:00",
        "mode": "response_code",
        "domainname": "alceawis.de",
        "response_code": 200
    },
    {
        "date": "2025-09-23 18:12:00",
        "mode": "response_code",
        "domainname": "alceawis.de",
        "response_code": 200
    },
    {
        "date": "2025-09-23 23:52:00",
        "mode": "response_code",
        "domainname": "alceawis.de",
        "response_code": 200
    },
    {
        "date": "2025-09-24 11:34:00",
        "mode": "response_code",
        "domainname": "alceawis.de",
        "response_code": 200
    },
    {
        "date": "2025-09-24 18:12:00",
        "mode": "response_code",
        "domainname": "alceawis.de",
        "response_code": 200
    },
    {
        "date": "2025-09-24 23:52:00",
        "mode": "response_code",
        "domainname": "alceawis.de",
        "response_code": 200
    },
    {
        "date": "2025-09-24 23:52:00",
        "mode": "response_code",
        "domainname": "alceawis.de",
        "response_code": 200
    },
    {
        "date": "2025-09-25 08:56:20",
        "mode": "response_code",
        "domainname": "alceawis.de",
        "response_code": 200
    },
    {
        "date": "2025-09-25 11:34:00",
        "mode": "response_code",
        "domainname": "alceawis.de",
        "response_code": 200
    },
    {
        "date": "2025-09-25 18:12:00",
        "mode": "response_code",
        "domainname": "alceawis.de",
        "response_code": 200
    },
    {
        "date": "2025-09-25 23:52:00",
        "mode": "response_code",
        "domainname": "alceawis.de",
        "response_code": 200
    },
    {
        "date": "2025-09-26 11:34:00",
        "mode": "response_code",
        "domainname": "alceawis.de",
        "response_code": 200
    },
    {
        "date": "2025-09-26 18:12:00",
        "mode": "response_code",
        "domainname": "alceawis.de",
        "response_code": 200
    },
    {
        "date": "2025-09-26 23:52:00",
        "mode": "response_code",
        "domainname": "alceawis.de",
        "response_code": 200
    },
    {
        "date": "2025-09-27 11:34:00",
        "mode": "response_code",
        "domainname": "alceawis.de",
        "response_code": 200
    },
    {
        "date": "2025-09-27 18:12:00",
        "mode": "response_code",
        "domainname": "alceawis.de",
        "response_code": 200
    },
    {
        "date": "2025-09-27 23:52:00",
        "mode": "response_code",
        "domainname": "alceawis.de",
        "response_code": 200
    },
    {
        "date": "2025-09-28 11:34:00",
        "mode": "response_code",
        "domainname": "alceawis.de",
        "response_code": 200
    },
    {
        "date": "2025-09-28 18:12:00",
        "mode": "response_code",
        "domainname": "alceawis.de",
        "response_code": 200
    },
    {
        "date": "2025-09-28 23:52:00",
        "mode": "response_code",
        "domainname": "alceawis.de",
        "response_code": 200
    },
    {
        "date": "2025-09-29 11:34:00",
        "mode": "response_code",
        "domainname": "alceawis.de",
        "response_code": 200
    },
    {
        "date": "2025-09-29 18:12:00",
        "mode": "response_code",
        "domainname": "alceawis.de",
        "response_code": 200
    },
    {
        "date": "2025-09-29 23:52:00",
        "mode": "response_code",
        "domainname": "alceawis.de",
        "response_code": 200
    },
    {
        "date": "2025-09-30 11:34:00",
        "mode": "response_code",
        "domainname": "alceawis.de",
        "response_code": 200
    },
    {
        "date": "2025-09-30 18:12:00",
        "mode": "response_code",
        "domainname": "alceawis.de",
        "response_code": 200
    },
    {
        "date": "2025-09-30 23:52:00",
        "mode": "response_code",
        "domainname": "alceawis.de",
        "response_code": 200
    },
    {
        "date": "2025-10-01 01:24:54",
        "mode": "response_code",
        "domainname": "alceawis.de",
        "response_code": 200
    },
    {
        "date": "2025-10-01 11:34:00",
        "mode": "response_code",
        "domainname": "alceawis.de",
        "response_code": 200
    },
    {
        "date": "2025-10-01 18:12:00",
        "mode": "response_code",
        "domainname": "alceawis.de",
        "response_code": 200
    },
    {
        "date": "2025-10-01 23:52:00",
        "mode": "response_code",
        "domainname": "alceawis.de",
        "response_code": 200
    },
    {
        "date": "2025-10-02 11:34:00",
        "mode": "response_code",
        "domainname": "alceawis.de",
        "response_code": 200
    },
    {
        "date": "2025-10-02 18:12:00",
        "mode": "response_code",
        "domainname": "alceawis.de",
        "response_code": 200
    },
    {
        "date": "2025-10-02 23:52:00",
        "mode": "response_code",
        "domainname": "alceawis.de",
        "response_code": 200
    },
    {
        "date": "2025-10-03 11:34:00",
        "mode": "response_code",
        "domainname": "alceawis.de",
        "response_code": 200
    },
    {
        "date": "2025-10-03 18:12:00",
        "mode": "response_code",
        "domainname": "alceawis.de",
        "response_code": 200
    },
    {
        "date": "2025-10-03 19:13:15",
        "mode": "response_code",
        "domainname": "alceawis.de",
        "response_code": 200
    },
    {
        "date": "2025-10-03 23:52:00",
        "mode": "response_code",
        "domainname": "alceawis.de",
        "response_code": 200
    },
    {
        "date": "2025-10-04 11:34:00",
        "mode": "response_code",
        "domainname": "alceawis.de",
        "response_code": 200
    },
    {
        "date": "2025-10-04 18:12:00",
        "mode": "response_code",
        "domainname": "alceawis.de",
        "response_code": 200
    },
    {
        "date": "2025-10-04 23:19:14",
        "mode": "response_code",
        "domainname": "alceawis.de",
        "response_code": 200
    },
    {
        "date": "2025-10-04 23:52:00",
        "mode": "response_code",
        "domainname": "alceawis.de",
        "response_code": 200
    },
    {
        "date": "2025-10-05 14:22:50",
        "mode": "response_code",
        "domainname": "alceawis.de",
        "response_code": 200
    },
    {
        "date": "2025-10-05 18:12:00",
        "mode": "response_code",
        "domainname": "alceawis.de",
        "response_code": 200
    },
    {
        "date": "2025-10-05 23:52:00",
        "mode": "response_code",
        "domainname": "alceawis.de",
        "response_code": 200
    },
    {
        "date": "2025-10-06 17:11:27",
        "mode": "response_code",
        "domainname": "alceawis.de",
        "response_code": 200
    },
    {
        "date": "2025-10-07 15:42:44",
        "mode": "response_code",
        "domainname": "alceawis.de",
        "response_code": 200
    },
    {
        "date": "2025-10-07 15:45:13",
        "mode": "response_code",
        "domainname": "alceawis.de",
        "response_code": 200
    },
    {
        "date": "2025-10-07 16:33:50",
        "mode": "response_code",
        "domainname": "alceawis.de",
        "response_code": 200
    },
    {
        "date": "2025-10-07 17:34:11",
        "mode": "response_code",
        "domainname": "alceawis.de",
        "response_code": 200
    },
    {
        "date": "2025-10-08 14:34:36",
        "mode": "response_code",
        "domainname": "alceawis.de",
        "response_code": 200
    },
    {
        "date": "2025-10-08 15:53:19",
        "mode": "response_code",
        "domainname": "alceawis.de",
        "response_code": 200
    },
    {
        "date": "2025-10-08 17:03:14",
        "mode": "response_code",
        "domainname": "alceawis.de",
        "response_code": 200
    },
    {
        "date": "2025-10-08 17:19:15",
        "mode": "response_code",
        "domainname": "alceawis.de",
        "response_code": 200
    },
    {
        "date": "2025-10-08 17:43:35",
        "mode": "response_code",
        "domainname": "alceawis.de",
        "response_code": 200
    },
    {
        "date": "2025-10-08 17:48:30",
        "mode": "response_code",
        "domainname": "alceawis.de",
        "response_code": 200
    },
    {
        "date": "2025-10-09 15:01:13",
        "mode": "response_code",
        "domainname": "alceawis.de",
        "response_code": 200
    },
    {
        "date": "2025-10-09 15:52:20",
        "mode": "response_code",
        "domainname": "alceawis.de",
        "response_code": 200
    },
    {
        "date": "2025-10-09 17:34:16",
        "mode": "response_code",
        "domainname": "alceawis.de",
        "response_code": 200
    },
    {
        "date": "2025-10-10 11:34:00",
        "mode": "response_code",
        "domainname": "alceawis.de",
        "response_code": 200
    },
    {
        "date": "2025-10-10 16:21:02",
        "mode": "response_code",
        "domainname": "alceawis.de",
        "response_code": 200
    },
    {
        "date": "2025-10-10 16:30:28",
        "mode": "response_code",
        "domainname": "alceawis.de",
        "response_code": 200
    },
    {
        "date": "2025-10-10 17:33:08",
        "mode": "response_code",
        "domainname": "alceawis.de",
        "response_code": 200
    },
    {
        "date": "2025-10-11 11:34:00",
        "mode": "response_code",
        "domainname": "alceawis.de",
        "response_code": 200
    },
    {
        "date": "2025-10-11 14:34:41",
        "mode": "response_code",
        "domainname": "alceawis.de",
        "response_code": 200
    },
    {
        "date": "2025-10-11 14:34:58",
        "mode": "response_code",
        "domainname": "alceawis.de",
        "response_code": 200
    },
    {
        "date": "2025-10-11 14:35:00",
        "mode": "response_code",
        "domainname": "alceawis.de",
        "response_code": 200
    },
    {
        "date": "2025-10-11 17:27:07",
        "mode": "response_code",
        "domainname": "alceawis.de",
        "response_code": 200
    },
    {
        "date": "2025-10-11 18:12:00",
        "mode": "response_code",
        "domainname": "alceawis.de",
        "response_code": 200
    },
    {
        "date": "2025-10-11 19:56:08",
        "mode": "response_code",
        "domainname": "alceawis.de",
        "response_code": 200
    },
    {
        "date": "2025-10-11 20:06:27",
        "mode": "response_code",
        "domainname": "alceawis.de",
        "response_code": 200
    },
    {
        "date": "2025-10-12 11:34:00",
        "mode": "response_code",
        "domainname": "alceawis.de",
        "response_code": 200
    },
    {
        "date": "2025-10-12 18:00:54",
        "mode": "response_code",
        "domainname": "alceawis.de",
        "response_code": 200
    },
    {
        "date": "2025-10-12 18:12:00",
        "mode": "response_code",
        "domainname": "alceawis.de",
        "response_code": 200
    },
    {
        "date": "2025-10-12 18:14:17",
        "mode": "response_code",
        "domainname": "alceawis.de",
        "response_code": 200
    },
    {
        "date": "2025-10-12 23:52:00",
        "mode": "response_code",
        "domainname": "alceawis.de",
        "response_code": 200
    },
    {
        "date": "2025-10-13 20:39:46",
        "mode": "response_code",
        "domainname": "alceawis.de",
        "response_code": 200
    },
    {
        "date": "2025-10-13 23:52:00",
        "mode": "response_code",
        "domainname": "alceawis.de",
        "response_code": 200
    },
    {
        "date": "2025-10-14 20:23:42",
        "mode": "response_code",
        "domainname": "alceawis.de",
        "response_code": 200
    },
    {
        "date": "2025-10-14 23:52:00",
        "mode": "response_code",
        "domainname": "alceawis.de",
        "response_code": 200
    },
    {
        "date": "2025-10-15 20:54:33",
        "mode": "response_code",
        "domainname": "alceawis.de",
        "response_code": 200
    },
    {
        "date": "2025-10-16 20:39:18",
        "mode": "response_code",
        "domainname": "alceawis.de",
        "response_code": 200
    },
    {
        "date": "2025-10-17 19:38:31",
        "mode": "response_code",
        "domainname": "alceawis.de",
        "response_code": 200
    },
    {
        "date": "2025-10-18 17:13:29",
        "mode": "response_code",
        "domainname": "alceawis.de",
        "response_code": 200
    },
    {
        "date": "2025-10-19 19:26:56",
        "mode": "response_code",
        "domainname": "alceawis.de",
        "response_code": 200
    },
    {
        "date": "2025-10-19 23:52:00",
        "mode": "response_code",
        "domainname": "alceawis.de",
        "response_code": 200
    },
    {
        "date": "2025-10-20 13:24:31",
        "mode": "response_code",
        "domainname": "alceawis.de",
        "response_code": 200
    },
    {
        "date": "2025-10-20 17:15:10",
        "mode": "response_code",
        "domainname": "alceawis.de",
        "response_code": 200
    },
    {
        "date": "2025-10-20 17:15:35",
        "mode": "response_code",
        "domainname": "alceawis.de",
        "response_code": 200
    },
    {
        "date": "2025-10-20 17:50:52",
        "mode": "response_code",
        "domainname": "alceawis.de",
        "response_code": 200
    },
    {
        "date": "2025-10-21 11:34:00",
        "mode": "response_code",
        "domainname": "alceawis.de",
        "response_code": 200
    },
    {
        "date": "2025-10-21 14:45:34",
        "mode": "response_code",
        "domainname": "alceawis.de",
        "response_code": 200
    },
    {
        "date": "2025-10-21 15:16:26",
        "mode": "response_code",
        "domainname": "alceawis.de",
        "response_code": 200
    },
    {
        "date": "2025-10-21 15:58:05",
        "mode": "response_code",
        "domainname": "alceawis.de",
        "response_code": 200
    },
    {
        "date": "2025-10-21 17:07:35",
        "mode": "response_code",
        "domainname": "alceawis.de",
        "response_code": 200
    },
    {
        "date": "2025-10-22 15:42:12",
        "mode": "response_code",
        "domainname": "alceawis.de",
        "response_code": 200
    },
    {
        "date": "2025-10-22 18:12:00",
        "mode": "response_code",
        "domainname": "alceawis.de",
        "response_code": 200
    },
    {
        "date": "2025-10-22 23:52:00",
        "mode": "response_code",
        "domainname": "alceawis.de",
        "response_code": 200
    },
    {
        "date": "2025-10-23 11:34:00",
        "mode": "response_code",
        "domainname": "alceawis.de",
        "response_code": 200
    },
    {
        "date": "2025-10-23 18:12:00",
        "mode": "response_code",
        "domainname": "alceawis.de",
        "response_code": 200
    },
    {
        "date": "2025-10-23 23:52:00",
        "mode": "response_code",
        "domainname": "alceawis.de",
        "response_code": 200
    },
    {
        "date": "2025-10-24 11:34:00",
        "mode": "response_code",
        "domainname": "alceawis.de",
        "response_code": 200
    },
    {
        "date": "2025-10-24 18:12:00",
        "mode": "response_code",
        "domainname": "alceawis.de",
        "response_code": 200
    },
    {
        "date": "2025-10-24 23:52:00",
        "mode": "response_code",
        "domainname": "alceawis.de",
        "response_code": 200
    },
    {
        "date": "2025-10-25 11:34:00",
        "mode": "response_code",
        "domainname": "alceawis.de",
        "response_code": 200
    },
    {
        "date": "2025-10-25 18:12:00",
        "mode": "response_code",
        "domainname": "alceawis.de",
        "response_code": 200
    },
    {
        "date": "2025-10-25 23:52:00",
        "mode": "response_code",
        "domainname": "alceawis.de",
        "response_code": 200
    },
    {
        "date": "2025-10-26 19:12:00",
        "mode": "response_code",
        "domainname": "alceawis.de",
        "response_code": 200
    },
    {
        "date": "2025-10-27 00:52:00",
        "mode": "response_code",
        "domainname": "alceawis.de",
        "response_code": 200
    },
    {
        "date": "2025-10-27 19:12:00",
        "mode": "response_code",
        "domainname": "alceawis.de",
        "response_code": 200
    },
    {
        "date": "2025-10-28 00:52:00",
        "mode": "response_code",
        "domainname": "alceawis.de",
        "response_code": 200
    },
    {
        "date": "2025-10-28 12:34:00",
        "mode": "response_code",
        "domainname": "alceawis.de",
        "response_code": 200
    },
    {
        "date": "2025-10-28 19:12:00",
        "mode": "response_code",
        "domainname": "alceawis.de",
        "response_code": 200
    },
    {
        "date": "2025-10-29 00:52:00",
        "mode": "response_code",
        "domainname": "alceawis.de",
        "response_code": 200
    },
    {
        "date": "2025-10-29 12:34:00",
        "mode": "response_code",
        "domainname": "alceawis.de",
        "response_code": 200
    },
    {
        "date": "2025-10-29 19:12:00",
        "mode": "response_code",
        "domainname": "alceawis.de",
        "response_code": 200
    },
    {
        "date": "2025-10-30 00:52:00",
        "mode": "response_code",
        "domainname": "alceawis.de",
        "response_code": 200
    },
    {
        "date": "2025-10-30 12:34:00",
        "mode": "response_code",
        "domainname": "alceawis.de",
        "response_code": 200
    },
    {
        "date": "2025-10-30 19:12:00",
        "mode": "response_code",
        "domainname": "alceawis.de",
        "response_code": 200
    },
    {
        "date": "2025-10-31 12:34:00",
        "mode": "response_code",
        "domainname": "alceawis.de",
        "response_code": 200
    },
    {
        "date": "2025-10-31 19:12:00",
        "mode": "response_code",
        "domainname": "alceawis.de",
        "response_code": 200
    },
    {
        "date": "2025-11-01 00:52:00",
        "mode": "response_code",
        "domainname": "alceawis.de",
        "response_code": 200
    },
    {
        "date": "2025-11-01 12:34:00",
        "mode": "response_code",
        "domainname": "alceawis.de",
        "response_code": 200
    },
    {
        "date": "2025-11-01 19:12:00",
        "mode": "response_code",
        "domainname": "alceawis.de",
        "response_code": 200
    },
    {
        "date": "2025-11-02 00:52:00",
        "mode": "response_code",
        "domainname": "alceawis.de",
        "response_code": 200
    },
    {
        "date": "2025-11-02 12:34:00",
        "mode": "response_code",
        "domainname": "alceawis.de",
        "response_code": 200
    },
    {
        "date": "2025-11-02 19:12:00",
        "mode": "response_code",
        "domainname": "alceawis.de",
        "response_code": 200
    },
    {
        "date": "2025-11-03 00:52:00",
        "mode": "response_code",
        "domainname": "alceawis.de",
        "response_code": 200
    },
    {
        "date": "2025-11-03 12:34:00",
        "mode": "response_code",
        "domainname": "alceawis.de",
        "response_code": 200
    },
    {
        "date": "2025-11-03 19:12:00",
        "mode": "response_code",
        "domainname": "alceawis.de",
        "response_code": 200
    },
    {
        "date": "2025-11-04 00:52:00",
        "mode": "response_code",
        "domainname": "alceawis.de",
        "response_code": 200
    },
    {
        "date": "2025-11-04 12:34:00",
        "mode": "response_code",
        "domainname": "alceawis.de",
        "response_code": 200
    },
    {
        "date": "2025-11-04 19:12:00",
        "mode": "response_code",
        "domainname": "alceawis.de",
        "response_code": 200
    },
    {
        "date": "2025-11-05 12:34:00",
        "mode": "response_code",
        "domainname": "alceawis.de",
        "response_code": 200
    },
    {
        "date": "2025-11-05 19:12:00",
        "mode": "response_code",
        "domainname": "alceawis.de",
        "response_code": 200
    },
    {
        "date": "2025-11-06 00:52:00",
        "mode": "response_code",
        "domainname": "alceawis.de",
        "response_code": 200
    },
    {
        "date": "2025-11-06 12:34:00",
        "mode": "response_code",
        "domainname": "alceawis.de",
        "response_code": 200
    },
    {
        "date": "2025-11-07 16:42:02",
        "mode": "response_code",
        "domainname": "alceawis.de",
        "response_code": 200
    },
    {
        "date": "2025-11-07 19:12:00",
        "mode": "response_code",
        "domainname": "alceawis.de",
        "response_code": 200
    },
    {
        "date": "2025-11-08 12:34:00",
        "mode": "response_code",
        "domainname": "alceawis.de",
        "response_code": 200
    },
    {
        "date": "2025-11-08 19:12:00",
        "mode": "response_code",
        "domainname": "alceawis.de",
        "response_code": 200
    },
    {
        "date": "2025-11-09 00:52:00",
        "mode": "response_code",
        "domainname": "alceawis.de",
        "response_code": 200
    },
    {
        "date": "2025-11-09 05:57:27",
        "mode": "response_code",
        "domainname": "alceawis.de",
        "response_code": 200
    },
    {
        "date": "2025-11-09 19:12:00",
        "mode": "response_code",
        "domainname": "alceawis.de",
        "response_code": 200
    },
    {
        "date": "2025-11-10 12:34:00",
        "mode": "response_code",
        "domainname": "alceawis.de",
        "response_code": 200
    },
    {
        "date": "2025-11-10 19:12:00",
        "mode": "response_code",
        "domainname": "alceawis.de",
        "response_code": 200
    },
    {
        "date": "2025-11-11 00:52:00",
        "mode": "response_code",
        "domainname": "alceawis.de",
        "response_code": 200
    },
    {
        "date": "2025-11-11 12:34:00",
        "mode": "response_code",
        "domainname": "alceawis.de",
        "response_code": 200
    },
    {
        "date": "2025-11-11 19:12:00",
        "mode": "response_code",
        "domainname": "alceawis.de",
        "response_code": 200
    },
    {
        "date": "2025-11-12 00:52:00",
        "mode": "response_code",
        "domainname": "alceawis.de",
        "response_code": 200
    },
    {
        "date": "2025-11-12 12:34:00",
        "mode": "response_code",
        "domainname": "alceawis.de",
        "response_code": 200
    },
    {
        "date": "2025-11-12 19:12:00",
        "mode": "response_code",
        "domainname": "alceawis.de",
        "response_code": 200
    },
    {
        "date": "2025-11-13 00:52:00",
        "mode": "response_code",
        "domainname": "alceawis.de",
        "response_code": 200
    },
    {
        "date": "2025-11-13 12:34:00",
        "mode": "response_code",
        "domainname": "alceawis.de",
        "response_code": 200
    },
    {
        "date": "2025-11-13 19:12:00",
        "mode": "response_code",
        "domainname": "alceawis.de",
        "response_code": 200
    },
    {
        "date": "2025-11-14 00:52:00",
        "mode": "response_code",
        "domainname": "alceawis.de",
        "response_code": 200
    },
    {
        "date": "2025-11-14 12:34:00",
        "mode": "response_code",
        "domainname": "alceawis.de",
        "response_code": 200
    },
    {
        "date": "2025-11-14 19:12:00",
        "mode": "response_code",
        "domainname": "alceawis.de",
        "response_code": 200
    },
    {
        "date": "2025-11-15 00:52:00",
        "mode": "response_code",
        "domainname": "alceawis.de",
        "response_code": 200
    },
    {
        "date": "2025-11-15 12:34:00",
        "mode": "response_code",
        "domainname": "alceawis.de",
        "response_code": 200
    },
    {
        "date": "2025-11-16 00:52:00",
        "mode": "response_code",
        "domainname": "alceawis.de",
        "response_code": 200
    },
    {
        "date": "2025-11-16 12:34:00",
        "mode": "response_code",
        "domainname": "alceawis.de",
        "response_code": 200
    },
    {
        "date": "2025-11-16 19:12:00",
        "mode": "response_code",
        "domainname": "alceawis.de",
        "response_code": 200
    },
    {
        "date": "2025-11-16 22:40:14",
        "mode": "response_code",
        "domainname": "alceawis.de",
        "response_code": 200
    },
    {
        "date": "2025-11-17 00:52:00",
        "mode": "response_code",
        "domainname": "alceawis.de",
        "response_code": 200
    },
    {
        "date": "2025-11-17 15:43:32",
        "mode": "response_code",
        "domainname": "alceawis.de",
        "response_code": 200
    },
    {
        "date": "2025-11-17 18:11:08",
        "mode": "response_code",
        "domainname": "alceawis.de",
        "response_code": 200
    },
    {
        "date": "2025-11-17 18:20:26",
        "mode": "response_code",
        "domainname": "alceawis.de",
        "response_code": 200
    },
    {
        "date": "2025-11-18 19:12:00",
        "mode": "response_code",
        "domainname": "alceawis.de",
        "response_code": 200
    },
    {
        "date": "2025-11-19 00:52:00",
        "mode": "response_code",
        "domainname": "alceawis.de",
        "response_code": 200
    },
    {
        "date": "2025-11-19 15:40:28",
        "mode": "response_code",
        "domainname": "alceawis.de",
        "response_code": 200
    },
    {
        "date": "2025-11-19 16:37:17",
        "mode": "response_code",
        "domainname": "alceawis.de",
        "response_code": 200
    },
    {
        "date": "2025-11-19 16:45:01",
        "mode": "response_code",
        "domainname": "alceawis.de",
        "response_code": 200
    },
    {
        "date": "2025-11-19 17:26:38",
        "mode": "response_code",
        "domainname": "alceawis.de",
        "response_code": 200
    },
    {
        "date": "2025-11-19 17:32:36",
        "mode": "response_code",
        "domainname": "alceawis.de",
        "response_code": 200
    },
    {
        "date": "2025-11-20 00:52:00",
        "mode": "response_code",
        "domainname": "alceawis.de",
        "response_code": 200
    },
    {
        "date": "2025-11-20 17:28:37",
        "mode": "response_code",
        "domainname": "alceawis.de",
        "response_code": 200
    },
    {
        "date": "2025-11-20 18:09:00",
        "mode": "response_code",
        "domainname": "alceawis.de",
        "response_code": 200
    },
    {
        "date": "2025-11-20 19:12:00",
        "mode": "response_code",
        "domainname": "alceawis.de",
        "response_code": 200
    },
    {
        "date": "2025-11-20 22:28:14",
        "mode": "response_code",
        "domainname": "alceawis.de",
        "response_code": 200
    },
    {
        "date": "2025-11-21 12:34:00",
        "mode": "response_code",
        "domainname": "alceawis.de",
        "response_code": 200
    },
    {
        "date": "2025-11-22 12:53:45",
        "mode": "response_code",
        "domainname": "alceawis.de",
        "response_code": 200
    },
    {
        "date": "2025-11-22 15:37:34",
        "mode": "response_code",
        "domainname": "alceawis.de",
        "response_code": 200
    },
    {
        "date": "2025-11-22 19:12:00",
        "mode": "response_code",
        "domainname": "alceawis.de",
        "response_code": 200
    },
    {
        "date": "2025-11-23 00:52:00",
        "mode": "response_code",
        "domainname": "alceawis.de",
        "response_code": 200
    },
    {
        "date": "2025-11-23 12:34:00",
        "mode": "response_code",
        "domainname": "alceawis.de",
        "response_code": 200
    },
    {
        "date": "2025-11-23 19:12:00",
        "mode": "response_code",
        "domainname": "alceawis.de",
        "response_code": 200
    },
    {
        "date": "2025-11-24 00:52:00",
        "mode": "response_code",
        "domainname": "alceawis.de",
        "response_code": 200
    },
    {
        "date": "2025-11-24 12:34:00",
        "mode": "response_code",
        "domainname": "alceawis.de",
        "response_code": 200
    },
    {
        "date": "2025-11-24 19:12:00",
        "mode": "response_code",
        "domainname": "alceawis.de",
        "response_code": 200
    },
    {
        "date": "2025-11-25 00:52:00",
        "mode": "response_code",
        "domainname": "alceawis.de",
        "response_code": 200
    },
    {
        "date": "2025-11-25 12:34:00",
        "mode": "response_code",
        "domainname": "alceawis.de",
        "response_code": 200
    },
    {
        "date": "2025-11-25 19:12:00",
        "mode": "response_code",
        "domainname": "alceawis.de",
        "response_code": 200
    },
    {
        "date": "2025-11-26 00:52:00",
        "mode": "response_code",
        "domainname": "alceawis.de",
        "response_code": 200
    },
    {
        "date": "2025-11-26 12:34:00",
        "mode": "response_code",
        "domainname": "alceawis.de",
        "response_code": 200
    },
    {
        "date": "2025-11-26 19:12:00",
        "mode": "response_code",
        "domainname": "alceawis.de",
        "response_code": 200
    },
    {
        "date": "2025-11-27 00:52:00",
        "mode": "response_code",
        "domainname": "alceawis.de",
        "response_code": 200
    },
    {
        "date": "2025-11-27 12:34:00",
        "mode": "response_code",
        "domainname": "alceawis.de",
        "response_code": 200
    },
    {
        "date": "2025-11-27 19:12:00",
        "mode": "response_code",
        "domainname": "alceawis.de",
        "response_code": 200
    },
    {
        "date": "2025-11-28 00:52:00",
        "mode": "response_code",
        "domainname": "alceawis.de",
        "response_code": 200
    },
    {
        "date": "2025-11-28 12:34:00",
        "mode": "response_code",
        "domainname": "alceawis.de",
        "response_code": 200
    },
    {
        "date": "2025-11-29 00:52:00",
        "mode": "response_code",
        "domainname": "alceawis.de",
        "response_code": 200
    },
    {
        "date": "2025-11-29 12:34:00",
        "mode": "response_code",
        "domainname": "alceawis.de",
        "response_code": 200
    },
    {
        "date": "2025-11-29 19:12:00",
        "mode": "response_code",
        "domainname": "alceawis.de",
        "response_code": 200
    },
    {
        "date": "2025-11-30 00:52:00",
        "mode": "response_code",
        "domainname": "alceawis.de",
        "response_code": 404
    },
    {
        "date": "2025-11-30 12:22:04",
        "mode": "response_code",
        "domainname": "alceawis.de",
        "response_code": 200
    },
    {
        "date": "2025-11-30 12:34:00",
        "mode": "response_code",
        "domainname": "alceawis.de",
        "response_code": 200
    },
    {
        "date": "2025-11-30 19:12:00",
        "mode": "response_code",
        "domainname": "alceawis.de",
        "response_code": 200
    },
    {
        "date": "2025-12-01 00:52:00",
        "mode": "response_code",
        "domainname": "alceawis.de",
        "response_code": 200
    },
    {
        "date": "2025-12-01 12:34:00",
        "mode": "response_code",
        "domainname": "alceawis.de",
        "response_code": 200
    },
    {
        "date": "2025-12-01 19:12:00",
        "mode": "response_code",
        "domainname": "alceawis.de",
        "response_code": 200
    },
    {
        "date": "2025-12-02 00:52:00",
        "mode": "response_code",
        "domainname": "alceawis.de",
        "response_code": 200
    },
    {
        "date": "2025-12-02 12:34:00",
        "mode": "response_code",
        "domainname": "alceawis.de",
        "response_code": 200
    },
    {
        "date": "2025-12-02 19:12:00",
        "mode": "response_code",
        "domainname": "alceawis.de",
        "response_code": 200
    },
    {
        "date": "2025-12-03 00:52:00",
        "mode": "response_code",
        "domainname": "alceawis.de",
        "response_code": 200
    },
    {
        "date": "2025-12-03 12:34:00",
        "mode": "response_code",
        "domainname": "alceawis.de",
        "response_code": 200
    },
    {
        "date": "2025-12-03 19:12:00",
        "mode": "response_code",
        "domainname": "alceawis.de",
        "response_code": 200
    },
    {
        "date": "2025-12-04 12:34:00",
        "mode": "response_code",
        "domainname": "alceawis.de",
        "response_code": 200
    },
    {
        "date": "2025-12-04 19:12:00",
        "mode": "response_code",
        "domainname": "alceawis.de",
        "response_code": 200
    },
    {
        "date": "2025-12-05 00:52:00",
        "mode": "response_code",
        "domainname": "alceawis.de",
        "response_code": 200
    },
    {
        "date": "2025-12-05 12:34:00",
        "mode": "response_code",
        "domainname": "alceawis.de",
        "response_code": 200
    },
    {
        "date": "2025-12-05 19:12:00",
        "mode": "response_code",
        "domainname": "alceawis.de",
        "response_code": 200
    },
    {
        "date": "2025-12-06 00:52:00",
        "mode": "response_code",
        "domainname": "alceawis.de",
        "response_code": 200
    },
    {
        "date": "2025-12-06 12:34:00",
        "mode": "response_code",
        "domainname": "alceawis.de",
        "response_code": 200
    },
    {
        "date": "2025-12-06 19:12:00",
        "mode": "response_code",
        "domainname": "alceawis.de",
        "response_code": 200
    },
    {
        "date": "2025-12-07 00:52:00",
        "mode": "response_code",
        "domainname": "alceawis.de",
        "response_code": 200
    },
    {
        "date": "2025-12-07 12:34:00",
        "mode": "response_code",
        "domainname": "alceawis.de",
        "response_code": 200
    },
    {
        "date": "2025-12-07 19:12:00",
        "mode": "response_code",
        "domainname": "alceawis.de",
        "response_code": 200
    },
    {
        "date": "2025-12-08 00:52:00",
        "mode": "response_code",
        "domainname": "alceawis.de",
        "response_code": 200
    }
]