[
    {
        "date": "2025-08-04 13:38:26",
        "mode": "response_code",
        "domainname": "alceawis.de",
        "response_code": 200
    },
    {
        "date": "2025-08-04 13:38:32",
        "mode": "response_code",
        "domainname": "alceawis.de",
        "response_code": 200
    },
    {
        "date": "2025-08-05 03:19:10",
        "mode": "response_code",
        "domainname": "alceawis.de",
        "response_code": 200
    },
    {
        "date": "2025-08-06 11:34:00",
        "mode": "response_code",
        "domainname": "alceawis.de",
        "response_code": 200
    },
    {
        "date": "2025-08-07 11:34:00",
        "mode": "response_code",
        "domainname": "alceawis.de",
        "response_code": 200
    },
    {
        "date": "2025-08-08 19:58:03",
        "mode": "response_code",
        "domainname": "alceawis.de",
        "response_code": 200
    },
    {
        "date": "2025-08-08 20:12:00",
        "mode": "response_code",
        "domainname": "alceawis.de",
        "response_code": 200
    },
    {
        "date": "2025-08-08 23:40:41",
        "mode": "response_code",
        "domainname": "alceawis.de",
        "response_code": 0
    },
    {
        "date": "2025-08-09 00:33:43",
        "mode": "response_code",
        "domainname": "alceawis.de",
        "response_code": 200
    },
    {
        "date": "2025-08-09 00:42:36",
        "mode": "response_code",
        "domainname": "alceawis.de",
        "response_code": 200
    },
    {
        "date": "2025-08-09 04:36:29",
        "mode": "response_code",
        "domainname": "alceawis.de",
        "response_code": 200
    },
    {
        "date": "2025-08-09 11:34:00",
        "mode": "response_code",
        "domainname": "alceawis.de",
        "response_code": 200
    },
    {
        "date": "2025-08-09 20:12:00",
        "mode": "response_code",
        "domainname": "alceawis.de",
        "response_code": 200
    },
    {
        "date": "2025-08-10 00:36:21",
        "mode": "response_code",
        "domainname": "alceawis.de",
        "response_code": 200
    },
    {
        "date": "2025-08-10 18:38:39",
        "mode": "response_code",
        "domainname": "alceawis.de",
        "response_code": 200
    },
    {
        "date": "2025-08-10 18:43:29",
        "mode": "response_code",
        "domainname": "alceawis.de",
        "response_code": 200
    },
    {
        "date": "2025-08-10 19:02:05",
        "mode": "response_code",
        "domainname": "alceawis.de",
        "response_code": 200
    },
    {
        "date": "2025-08-10 20:12:00",
        "mode": "response_code",
        "domainname": "alceawis.de",
        "response_code": 200
    },
    {
        "date": "2025-08-10 20:18:59",
        "mode": "response_code",
        "domainname": "alceawis.de",
        "response_code": 200
    },
    {
        "date": "2025-08-11 11:34:00",
        "mode": "response_code",
        "domainname": "alceawis.de",
        "response_code": 200
    },
    {
        "date": "2025-08-11 20:12:00",
        "mode": "response_code",
        "domainname": "alceawis.de",
        "response_code": 200
    },
    {
        "date": "2025-08-11 12:58:00",
        "mode": "response_code",
        "domainname": "alceawis.de",
        "response_code": 200
    },
    {
        "date": "2025-08-12 12:58:00",
        "mode": "response_code",
        "domainname": "alceawis.de",
        "response_code": 200
    },
    {
        "date": "2025-08-12 18:00:00",
        "mode": "response_code",
        "domainname": "alceawis.de",
        "response_code": 200
    },
    {
        "date": "2025-08-13 00:07:13",
        "mode": "response_code",
        "domainname": "alceawis.de",
        "response_code": 200
    },
    {
        "date": "2025-08-13 12:58:00",
        "mode": "response_code",
        "domainname": "alceawis.de",
        "response_code": 200
    },
    {
        "date": "2025-08-13 18:00:00",
        "mode": "response_code",
        "domainname": "alceawis.de",
        "response_code": 200
    },
    {
        "date": "2025-08-14 12:58:00",
        "mode": "response_code",
        "domainname": "alceawis.de",
        "response_code": 200
    },
    {
        "date": "2025-08-14 18:00:00",
        "mode": "response_code",
        "domainname": "alceawis.de",
        "response_code": 200
    },
    {
        "date": "2025-08-15 11:34:00",
        "mode": "response_code",
        "domainname": "alceawis.de",
        "response_code": 200
    },
    {
        "date": "2025-08-15 18:12:00",
        "mode": "response_code",
        "domainname": "alceawis.de",
        "response_code": 200
    },
    {
        "date": "2025-08-16 11:34:00",
        "mode": "response_code",
        "domainname": "alceawis.de",
        "response_code": 200
    },
    {
        "date": "2025-08-16 18:12:00",
        "mode": "response_code",
        "domainname": "alceawis.de",
        "response_code": 200
    },
    {
        "date": "2025-08-17 11:34:00",
        "mode": "response_code",
        "domainname": "alceawis.de",
        "response_code": 200
    },
    {
        "date": "2025-08-17 18:12:00",
        "mode": "response_code",
        "domainname": "alceawis.de",
        "response_code": 200
    },
    {
        "date": "2025-08-18 11:34:00",
        "mode": "response_code",
        "domainname": "alceawis.de",
        "response_code": 200
    },
    {
        "date": "2025-08-18 18:12:00",
        "mode": "response_code",
        "domainname": "alceawis.de",
        "response_code": 200
    },
    {
        "date": "2025-08-19 11:34:00",
        "mode": "response_code",
        "domainname": "alceawis.de",
        "response_code": 200
    },
    {
        "date": "2025-08-19 18:12:00",
        "mode": "response_code",
        "domainname": "alceawis.de",
        "response_code": 200
    },
    {
        "date": "2025-08-20 11:34:00",
        "mode": "response_code",
        "domainname": "alceawis.de",
        "response_code": 200
    },
    {
        "date": "2025-08-20 18:12:00",
        "mode": "response_code",
        "domainname": "alceawis.de",
        "response_code": 200
    },
    {
        "date": "2025-08-21 02:45:37",
        "mode": "response_code",
        "domainname": "alceawis.de",
        "response_code": 200
    },
    {
        "date": "2025-08-21 11:34:00",
        "mode": "response_code",
        "domainname": "alceawis.de",
        "response_code": 200
    },
    {
        "date": "2025-08-21 18:12:00",
        "mode": "response_code",
        "domainname": "alceawis.de",
        "response_code": 200
    },
    {
        "date": "2025-08-22 11:34:00",
        "mode": "response_code",
        "domainname": "alceawis.de",
        "response_code": 200
    },
    {
        "date": "2025-08-22 18:12:00",
        "mode": "response_code",
        "domainname": "alceawis.de",
        "response_code": 200
    },
    {
        "date": "2025-08-22 23:26:30",
        "mode": "response_code",
        "domainname": "alceawis.de",
        "response_code": 200
    },
    {
        "date": "2025-08-23 11:34:00",
        "mode": "response_code",
        "domainname": "alceawis.de",
        "response_code": 200
    },
    {
        "date": "2025-08-23 18:12:00",
        "mode": "response_code",
        "domainname": "alceawis.de",
        "response_code": 200
    },
    {
        "date": "2025-08-24 11:34:00",
        "mode": "response_code",
        "domainname": "alceawis.de",
        "response_code": 200
    },
    {
        "date": "2025-08-24 18:12:00",
        "mode": "response_code",
        "domainname": "alceawis.de",
        "response_code": 200
    },
    {
        "date": "2025-08-25 11:34:00",
        "mode": "response_code",
        "domainname": "alceawis.de",
        "response_code": 200
    },
    {
        "date": "2025-08-25 18:12:00",
        "mode": "response_code",
        "domainname": "alceawis.de",
        "response_code": 200
    },
    {
        "date": "2025-08-26 11:34:00",
        "mode": "response_code",
        "domainname": "alceawis.de",
        "response_code": 200
    },
    {
        "date": "2025-08-26 18:12:00",
        "mode": "response_code",
        "domainname": "alceawis.de",
        "response_code": 200
    },
    {
        "date": "2025-08-27 11:34:00",
        "mode": "response_code",
        "domainname": "alceawis.de",
        "response_code": 200
    },
    {
        "date": "2025-08-27 18:12:00",
        "mode": "response_code",
        "domainname": "alceawis.de",
        "response_code": 200
    },
    {
        "date": "2025-08-28 11:34:00",
        "mode": "response_code",
        "domainname": "alceawis.de",
        "response_code": 200
    },
    {
        "date": "2025-08-28 17:17:39",
        "mode": "response_code",
        "domainname": "alceawis.de",
        "response_code": 200
    },
    {
        "date": "2025-08-28 18:12:00",
        "mode": "response_code",
        "domainname": "alceawis.de",
        "response_code": 200
    },
    {
        "date": "2025-08-29 11:34:00",
        "mode": "response_code",
        "domainname": "alceawis.de",
        "response_code": 200
    },
    {
        "date": "2025-08-29 18:12:00",
        "mode": "response_code",
        "domainname": "alceawis.de",
        "response_code": 200
    },
    {
        "date": "2025-08-30 11:34:00",
        "mode": "response_code",
        "domainname": "alceawis.de",
        "response_code": 200
    },
    {
        "date": "2025-08-30 18:12:00",
        "mode": "response_code",
        "domainname": "alceawis.de",
        "response_code": 200
    },
    {
        "date": "2025-08-31 11:34:00",
        "mode": "response_code",
        "domainname": "alceawis.de",
        "response_code": 200
    },
    {
        "date": "2025-08-31 17:36:20",
        "mode": "response_code",
        "domainname": "alceawis.de",
        "response_code": 200
    },
    {
        "date": "2025-08-31 18:12:00",
        "mode": "response_code",
        "domainname": "alceawis.de",
        "response_code": 200
    },
    {
        "date": "2025-08-31 20:41:13",
        "mode": "response_code",
        "domainname": "alceawis.de",
        "response_code": 200
    },
    {
        "date": "2025-09-01 00:55:02",
        "mode": "response_code",
        "domainname": "alceawis.de",
        "response_code": 200
    },
    {
        "date": "2025-09-01 11:34:00",
        "mode": "response_code",
        "domainname": "alceawis.de",
        "response_code": 200
    },
    {
        "date": "2025-09-01 18:12:00",
        "mode": "response_code",
        "domainname": "alceawis.de",
        "response_code": 200
    },
    {
        "date": "2025-09-02 11:34:00",
        "mode": "response_code",
        "domainname": "alceawis.de",
        "response_code": 200
    },
    {
        "date": "2025-09-02 18:12:00",
        "mode": "response_code",
        "domainname": "alceawis.de",
        "response_code": 200
    },
    {
        "date": "2025-09-02 23:02:16",
        "mode": "response_code",
        "domainname": "alceawis.de",
        "response_code": 200
    },
    {
        "date": "2025-09-03 02:04:06",
        "mode": "response_code",
        "domainname": "alceawis.de",
        "response_code": 200
    },
    {
        "date": "2025-09-03 02:19:06",
        "mode": "response_code",
        "domainname": "alceawis.de",
        "response_code": 200
    },
    {
        "date": "2025-09-03 02:19:14",
        "mode": "response_code",
        "domainname": "alceawis.de",
        "response_code": 200
    },
    {
        "date": "2025-09-03 20:59:42",
        "mode": "response_code",
        "domainname": "alceawis.de",
        "response_code": 200
    },
    {
        "date": "2025-09-03 23:16:57",
        "mode": "response_code",
        "domainname": "alceawis.de",
        "response_code": 200
    },
    {
        "date": "2025-09-04 02:57:36",
        "mode": "response_code",
        "domainname": "alceawis.de",
        "response_code": 404
    },
    {
        "date": "2025-09-04 11:34:00",
        "mode": "response_code",
        "domainname": "alceawis.de",
        "response_code": 404
    },
    {
        "date": "2025-09-04 18:12:00",
        "mode": "response_code",
        "domainname": "alceawis.de",
        "response_code": 404
    },
    {
        "date": "2025-09-05 11:34:00",
        "mode": "response_code",
        "domainname": "alceawis.de",
        "response_code": 200
    },
    {
        "date": "2025-09-05 18:12:00",
        "mode": "response_code",
        "domainname": "alceawis.de",
        "response_code": 200
    },
    {
        "date": "2025-09-06 11:34:00",
        "mode": "response_code",
        "domainname": "alceawis.de",
        "response_code": 200
    },
    {
        "date": "2025-09-06 18:12:00",
        "mode": "response_code",
        "domainname": "alceawis.de",
        "response_code": 200
    },
    {
        "date": "2025-09-07 12:54:58",
        "mode": "response_code",
        "domainname": "alceawis.de",
        "response_code": 200
    },
    {
        "date": "2025-09-07 14:56:37",
        "mode": "response_code",
        "domainname": "alceawis.de",
        "response_code": 200
    },
    {
        "date": "2025-09-07 18:12:00",
        "mode": "response_code",
        "domainname": "alceawis.de",
        "response_code": 200
    },
    {
        "date": "2025-09-08 16:18:16",
        "mode": "response_code",
        "domainname": "alceawis.de",
        "response_code": 200
    },
    {
        "date": "2025-09-09 10:49:27",
        "mode": "response_code",
        "domainname": "alceawis.de",
        "response_code": 200
    },
    {
        "date": "2025-09-10 04:52:06",
        "mode": "response_code",
        "domainname": "alceawis.de",
        "response_code": 200
    },
    {
        "date": "2025-09-11 13:02:35",
        "mode": "response_code",
        "domainname": "alceawis.de",
        "response_code": 200
    },
    {
        "date": "2025-09-12 09:45:07",
        "mode": "response_code",
        "domainname": "alceawis.de",
        "response_code": 200
    },
    {
        "date": "2025-09-12 11:34:00",
        "mode": "response_code",
        "domainname": "alceawis.de",
        "response_code": 200
    },
    {
        "date": "2025-09-13 11:34:00",
        "mode": "response_code",
        "domainname": "alceawis.de",
        "response_code": 200
    },
    {
        "date": "2025-09-13 23:52:00",
        "mode": "response_code",
        "domainname": "alceawis.de",
        "response_code": 200
    },
    {
        "date": "2025-09-14 14:59:09",
        "mode": "response_code",
        "domainname": "alceawis.de",
        "response_code": 200
    },
    {
        "date": "2025-09-14 18:12:00",
        "mode": "response_code",
        "domainname": "alceawis.de",
        "response_code": 200
    },
    {
        "date": "2025-09-14 23:52:00",
        "mode": "response_code",
        "domainname": "alceawis.de",
        "response_code": 200
    }
]