[
    {
        "date": "2025-08-04 13:38:26",
        "mode": "response_code",
        "domainname": "alcea-wisteria.de",
        "response_code": 200
    },
    {
        "date": "2025-08-04 13:38:32",
        "mode": "response_code",
        "domainname": "alcea-wisteria.de",
        "response_code": 200
    },
    {
        "date": "2025-08-05 03:19:10",
        "mode": "response_code",
        "domainname": "alcea-wisteria.de",
        "response_code": 200
    },
    {
        "date": "2025-08-06 11:34:01",
        "mode": "response_code",
        "domainname": "alcea-wisteria.de",
        "response_code": 200
    },
    {
        "date": "2025-08-07 11:34:01",
        "mode": "response_code",
        "domainname": "alcea-wisteria.de",
        "response_code": 200
    },
    {
        "date": "2025-08-08 19:58:04",
        "mode": "response_code",
        "domainname": "alcea-wisteria.de",
        "response_code": 200
    },
    {
        "date": "2025-08-08 20:12:00",
        "mode": "response_code",
        "domainname": "alcea-wisteria.de",
        "response_code": 200
    },
    {
        "date": "2025-08-09 00:33:44",
        "mode": "response_code",
        "domainname": "alcea-wisteria.de",
        "response_code": 200
    },
    {
        "date": "2025-08-09 00:42:37",
        "mode": "response_code",
        "domainname": "alcea-wisteria.de",
        "response_code": 200
    },
    {
        "date": "2025-08-09 04:36:31",
        "mode": "response_code",
        "domainname": "alcea-wisteria.de",
        "response_code": 200
    },
    {
        "date": "2025-08-09 11:34:01",
        "mode": "response_code",
        "domainname": "alcea-wisteria.de",
        "response_code": 200
    },
    {
        "date": "2025-08-10 02:11:35",
        "mode": "response_code",
        "domainname": "alcea-wisteria.de",
        "response_code": 200
    }
]