[
    {
        "date": "2025-08-04 13:38:26",
        "mode": "file_check",
        "domainname": "alceawis.com",
        "response_code": 200
    },
    {
        "date": "2025-08-04 13:38:32",
        "mode": "file_check",
        "domainname": "alceawis.com",
        "response_code": 200
    },
    {
        "date": "2025-08-05 03:19:10",
        "mode": "file_check",
        "domainname": "alceawis.com",
        "response_code": 200
    },
    {
        "date": "2025-08-06 11:34:01",
        "mode": "file_check",
        "domainname": "alceawis.com",
        "response_code": 200
    },
    {
        "date": "2025-08-07 11:34:00",
        "mode": "file_check",
        "domainname": "alceawis.com",
        "response_code": 200
    },
    {
        "date": "2025-08-08 19:58:04",
        "mode": "file_check",
        "domainname": "alceawis.com",
        "response_code": 200
    },
    {
        "date": "2025-08-08 20:12:00",
        "mode": "file_check",
        "domainname": "alceawis.com",
        "response_code": 200
    },
    {
        "date": "2025-08-09 00:33:44",
        "mode": "file_check",
        "domainname": "alceawis.com",
        "response_code": 200
    },
    {
        "date": "2025-08-09 00:42:37",
        "mode": "file_check",
        "domainname": "alceawis.com",
        "response_code": 200
    },
    {
        "date": "2025-08-09 04:36:30",
        "mode": "file_check",
        "domainname": "alceawis.com",
        "response_code": 200
    },
    {
        "date": "2025-08-09 11:34:00",
        "mode": "file_check",
        "domainname": "alceawis.com",
        "response_code": 200
    },
    {
        "date": "2025-08-09 20:12:00",
        "mode": "file_check",
        "domainname": "alceawis.com",
        "response_code": 200
    },
    {
        "date": "2025-08-10 00:36:22",
        "mode": "file_check",
        "domainname": "alceawis.com",
        "response_code": 200
    },
    {
        "date": "2025-08-10 18:38:40",
        "mode": "file_check",
        "domainname": "alceawis.com",
        "response_code": 200
    },
    {
        "date": "2025-08-10 18:43:30",
        "mode": "file_check",
        "domainname": "alceawis.com",
        "response_code": 200
    },
    {
        "date": "2025-08-10 19:02:06",
        "mode": "file_check",
        "domainname": "alceawis.com",
        "response_code": 200
    },
    {
        "date": "2025-08-10 20:12:01",
        "mode": "file_check",
        "domainname": "alceawis.com",
        "response_code": 200
    },
    {
        "date": "2025-08-10 20:19:00",
        "mode": "file_check",
        "domainname": "alceawis.com",
        "response_code": 200
    },
    {
        "date": "2025-08-11 11:34:01",
        "mode": "file_check",
        "domainname": "alceawis.com",
        "response_code": 200
    },
    {
        "date": "2025-08-11 20:12:01",
        "mode": "file_check",
        "domainname": "alceawis.com",
        "response_code": 200
    },
    {
        "date": "2025-08-11 12:58:01",
        "mode": "file_check",
        "domainname": "alceawis.com",
        "response_code": 200
    },
    {
        "date": "2025-08-12 12:58:01",
        "mode": "file_check",
        "domainname": "alceawis.com",
        "response_code": 200
    },
    {
        "date": "2025-08-12 18:00:01",
        "mode": "file_check",
        "domainname": "alceawis.com",
        "response_code": 200
    },
    {
        "date": "2025-08-13 00:07:14",
        "mode": "file_check",
        "domainname": "alceawis.com",
        "response_code": 200
    },
    {
        "date": "2025-08-13 12:57:58",
        "mode": "file_check",
        "domainname": "alceawis.com",
        "response_code": 200
    },
    {
        "date": "2025-08-13 18:00:01",
        "mode": "file_check",
        "domainname": "alceawis.com",
        "response_code": 200
    },
    {
        "date": "2025-08-14 12:58:01",
        "mode": "file_check",
        "domainname": "alceawis.com",
        "response_code": 200
    },
    {
        "date": "2025-08-14 18:00:01",
        "mode": "file_check",
        "domainname": "alceawis.com",
        "response_code": 200
    },
    {
        "date": "2025-08-15 11:34:00",
        "mode": "file_check",
        "domainname": "alceawis.com",
        "response_code": 200
    },
    {
        "date": "2025-08-15 18:12:01",
        "mode": "file_check",
        "domainname": "alceawis.com",
        "response_code": 200
    },
    {
        "date": "2025-08-16 11:35:00",
        "mode": "file_check",
        "domainname": "alceawis.com",
        "response_code": 200
    },
    {
        "date": "2025-08-16 18:12:01",
        "mode": "file_check",
        "domainname": "alceawis.com",
        "response_code": 200
    },
    {
        "date": "2025-08-17 11:34:00",
        "mode": "file_check",
        "domainname": "alceawis.com",
        "response_code": 200
    }
]