[
    {
        "name": "[5\u20ac] STL file Cream the Rabbit\/SONIC \ud83d\udc07 \u30fb3D print design to download\u30fbCults",
        "url": "https:\/\/cults3d.com\/en\/3d-model\/game\/cream-the-rabbit-sonic",
        "downloadlink": "https:\/\/cults3d.com\/en\/3d-model\/game\/cream-the-rabbit-sonic",
        "imglink": "https:\/\/images.cults3d.com\/rK5v_1uqqWF5yPFprv_uZ6kicdY=\/516x516\/filters:no_upscale():format(webp)\/https:\/\/fbi.cults3d.com\/uploaders\/17591601\/illustration-file\/3b2e95eb-a227-4770-82c8-91879c33a855\/5.png",
        "time2print": "-",
        "maxdimension": "-",
        "support": "no",
        "date": "2025-01-21 09:51:51"
    },
    {
        "name": "CD Wall Mount by Holly1337 - Thingiverse",
        "url": "https:\/\/thingiverse.com\/thing:3642152#https:\/\/www.printables.com\/model\/615343-cd-wall-mount#https:\/\/www.thingiverse.com\/thing:4734412#https:\/\/www.printables.com\/model\/337374-cd-wall-mount-decoration",
        "downloadlink": "https:\/\/www.thingiverse.com\/thing:3642152\/zip",
        "imglink": "https:\/\/cdn.thingiverse.com\/renders\/f6\/48\/66\/0f\/43\/c36016faebb1d81649dc9e2a41b87bb4_display_large.jpg",
        "time2print": "-",
        "maxdimension": "-",
        "support": "no",
        "date": "2025-01-21 00:40:00"
    },
    {
        "name": "Apex Devotion (Dragon's Spine)",
        "url": "https:\/\/biast12.site\/Apex_PC_Archive\/Weapons\/Models\/Devotion\/devotion_v21_reactive_v\/",
        "downloadlink": "https:\/\/biast12.site\/Apex_PC_Archive\/Weapons\/Models\/Devotion\/devotion_v21_reactive_v\/devotion_v21_reactive_v_LOD0.obj",
        "imglink": "https:\/\/apexitemstore.com\/wp-content\/uploads\/2021\/08\/Dragons-Spine.jpg",
        "time2print": "-",
        "maxdimension": "-",
        "support": "no",
        "date": "2025-01-20 16:14:00"
    },
    {
        "name": "Guitarshape 3d pick holder",
        "url": "https:\/\/makerworld.com\/de\/models\/592801?from=search#profileId-514525",
        "downloadlink": "https:\/\/makerworld.com\/de\/models\/592801?from=search#profileId-514525",
        "imglink": "https:\/\/makerworld.bblmw.com\/makerworld\/model\/US61550ed9bd1350\/design\/2024-08-21_e3e16ffe1dee68.png?x-oss-process=image\/resize,w_1000\/format,webp",
        "time2print": "-",
        "maxdimension": "-",
        "support": "no",
        "date": "2025-01-20 16:12:31"
    },
    {
        "name": "Triaxial Motorized by mcmaven | Download free STL model | Printables.com",
        "url": "https:\/\/www.printables.com\/model\/83982-triaxial-motorized",
        "downloadlink": "https:\/\/www.printables.com\/model\/83982-triaxial-motorized",
        "imglink": "https:\/\/media.printables.com\/media\/prints\/83982\/images\/895405_00749f71-894d-493f-9cb0-2278ee250996\/thumbs\/inside\/1600x1200\/jpg\/large_display_img_20200621_210944040_83982.webp#https:\/\/media.printables.com\/media\/prints\/83982\/images\/895404_68662235-252d-4b12-999c-da97b799b1a7\/large_display_triaxial_motorized_timelapse_480x48.gif",
        "time2print": "-",
        "maxdimension": "-",
        "support": "no",
        "date": "2025-01-20 15:46:00"
    },
    {
        "name": "CD\\DVD Rack Shelf modular [printed]",
        "url": "https:\/\/ry3yr.github.io\/stl\/cdshelf_modded.zip#https:\/\/www.thingiverse.com\/thing:4607392#https:\/\/cults3d.com\/en\/3d-model\/home\/home-and-office-organizer-with-a-frame-and-modular-separators-flexible-storage#https:\/\/3axis.co\/foldablecollapsable-cd-standrack-3d-printer-model\/0rkygdq5kn\/",
        "downloadlink": "https:\/\/cults3d.com\/en\/3d-model\/home\/home-and-office-organizer-with-a-frame-and-modular-separators-flexible-storage",
        "imglink": "https:\/\/videos.cults3d.com\/_i85UKZqj4TrlfshIQem60C2D0Y=\/516x516\/filters:no_upscale():format(webp)\/https:\/\/fbi.cults3d.com\/uploaders\/29288318\/illustration-file\/a5498058-c814-4f16-a829-0bc0ba5bc734\/DVD-RACK.gif",
        "time2print": "-",
        "maxdimension": "-",
        "support": "no",
        "date": "2025-01-19 22:32:56"
    },
    {
        "name": "8BitDo Ultimate Phone Mount with Modular Mounting System by akmiller01 | Download free STL model | Printables.com [printed]",
        "url": "https:\/\/www.printables.com\/model\/416301-slim-8bitdo-ultimate-phone-mount-with-modular-moun#https:\/\/www.printables.com\/model\/378241-8bitdo-ultimate-phone-mount-with-modular-mounting-",
        "downloadlink": "https:\/\/www.printables.com\/model\/378241-8bitdo-ultimate-phone-mount-with-modular-mounting-",
        "imglink": "https:\/\/media.printables.com\/media\/prints\/378241\/images\/3177182_6798993e-e845-463b-9da7-ac36c2c2f169\/thumbs\/inside\/1600x1200\/jpg\/large_display_3e0a7854-619b-4ef2-8348-83f8be70424a_378241.webp",
        "time2print": "3h",
        "maxdimension": "-",
        "support": "no",
        "date": "2025-01-19 10:56:21"
    },
    {
        "name": "QUICK HANGER - HANG SYSTEM - Parametric by ART TOO | Download free STL model | Printables.com",
        "url": "https:\/\/www.printables.com\/model\/1098377-quick-hanger-hang-system-parametric",
        "downloadlink": "https:\/\/www.printables.com\/model\/1098377-quick-hanger-hang-system-parametric",
        "imglink": "https:\/\/media.printables.com\/media\/prints\/1098377\/images\/8302137_723d2c5c-3d0f-46b2-a5a3-e744a65eda25_ca40b92f-65bb-4ac6-918d-49e517ce8961\/thumbs\/inside\/1600x1200\/png\/render.webp",
        "time2print": "-",
        "maxdimension": "-",
        "support": "no",
        "date": "2025-01-18 07:55:41"
    },
    {
        "name": "Nintendo Switch Replacement Latch For Joy-Con Controllers. 3D Printer Model Free Download - 3axis.co",
        "url": "https:\/\/3axis.co\/nintendo-switch-replacement-latch-for-joy-con-controllers-3d-printer-model\/4m205x8ek7\/",
        "downloadlink": "https:\/\/3axis.co\/nintendo-switch-replacement-latch-for-joy-con-controllers-3d-printer-model\/4m205x8ek7\/",
        "imglink": "https:\/\/res.3axis.co\/b47f2146-4aa8-4bab-8752-5be363ad5b24\/images\/ecf33779-51bc-40ef-82c6-fc4fa0f6aa2e.jpg",
        "time2print": "-",
        "maxdimension": "-",
        "support": "no",
        "date": "2025-01-17 20:41:47"
    },
    {
        "name": "Fusion sword - Final Fantasy VII by AmyCantFlyNow - Thingiverse",
        "url": "https:\/\/www.thingiverse.com\/thing:1619241",
        "downloadlink": "blob:https:\/\/www.thingiverse.com\/0e2fc358-4332-4e61-9acc-c0a945b0ef06",
        "imglink": "https:\/\/cdn.thingiverse.com\/renders\/8f\/1b\/ae\/fb\/29\/32e6bf20fc8bba4b0536f98c2c677ec6_display_large.jpg",
        "time2print": "-",
        "maxdimension": "-",
        "support": "no",
        "date": "2025-01-17 16:23:52"
    },
    {
        "name": "ultima weapon keyblade kh3 by Silkburrito27",
        "url": "https:\/\/www.thingiverse.com\/thing:3720896#https:\/\/www.myminifactory.com\/object\/3d-print-ultima-weapon-kh3-96141",
        "downloadlink": "https:\/\/www.thingiverse.com\/thing:3720896#https:\/\/www.myminifactory.com\/object\/3d-print-ultima-weapon-kh3-96141",
        "imglink": "https:\/\/dl.myminifactory.com\/object-assets\/5d17f54b966f0\/images\/720X720-65531180-10156566777728460-7141487520310624256-n.jpg",
        "time2print": "-",
        "maxdimension": "-",
        "support": "no",
        "date": "2025-01-17 15:40:48"
    },
    {
        "name": "Scooter throttle \/ acelerador \/ pu\u00f1o by GhoTiC - Thingiverse [printed]",
        "url": "https:\/\/www.thingiverse.com\/thing:3003789\/files",
        "downloadlink": "https:\/\/www.thingiverse.com\/thing:3003789\/files",
        "imglink": "https:\/\/cdn.thingiverse.com\/renders\/53\/d8\/c7\/19\/d4\/58c4a82c4c66605ce1538dcb66fd3617_display_large.jpg",
        "time2print": "-",
        "maxdimension": "-",
        "support": "no",
        "date": "2025-01-17 13:15:25"
    },
    {
        "name": "One-Handed Nail Clipper Attachment Assistive Device by JKruk47 | Download free STL model | Printables.com",
        "url": "https:\/\/www.printables.com\/model\/1079118-one-handed-nail-clipper-attachment-assistive-devic",
        "downloadlink": "https:\/\/www.printables.com\/model\/1079118-one-handed-nail-clipper-attachment-assistive-devic",
        "imglink": "https:\/\/media.printables.com\/media\/prints\/1079118\/images\/8160897_6f5c5ddc-a09f-48a0-93fd-363ff90775bd_0f56a35f-354f-40b9-bcd0-e814fde531a1\/thumbs\/inside\/1600x1200\/png\/screenshot-2024-11-18-220350.webp",
        "time2print": "-",
        "maxdimension": "-",
        "support": "no",
        "date": "2025-01-17 11:44:49"
    },
    {
        "name": "UPDATED Vernier Calipers (cm) by kanga | Download free STL model | Printables.com",
        "url": "https:\/\/www.printables.com\/model\/1119026-updated-vernier-calipers-cm",
        "downloadlink": "https:\/\/www.printables.com\/model\/1119026-updated-vernier-calipers-cm",
        "imglink": "https:\/\/media.printables.com\/media\/prints\/719585\/images\/5638355_2cb87f31-6c9c-45a3-9e8a-b6a7d0d5199e_b5d9a298-9796-4a15-80b1-c3659860e7fb\/thumbs\/inside\/320x240\/jpeg\/57c4b5d8-30c6-46cf-b4c3-e2dae3d65f1e.webp",
        "time2print": "-",
        "maxdimension": "-",
        "support": "no",
        "date": "2025-01-16 23:29:09"
    },
    {
        "name": "Reusable Cable Tie \/ Zip Tie - Easy to use by 3DPrintHub | Download free STL model | Printables.com",
        "url": "https:\/\/www.printables.com\/model\/1123835-reusable-cable-tie-zip-tie-easy-to-use",
        "downloadlink": "https:\/\/www.printables.com\/model\/1123835-reusable-cable-tie-zip-tie-easy-to-use",
        "imglink": "https:\/\/media.printables.com\/media\/prints\/1123835\/previews\/thumbs\/inside\/1600x1200\/png\/c7432d794951a60e992d3eed11d0947096d94728.webp",
        "time2print": "-",
        "maxdimension": "-",
        "support": "no",
        "date": "2025-01-16 23:27:39"
    },
    {
        "name": "Airless Tennis Ball GEN 3 by TechSculpt | Download free STL model | Printables.com",
        "url": "https:\/\/www.printables.com\/model\/1105938-airless-tennis-ball-gen-3",
        "downloadlink": "https:\/\/www.printables.com\/model\/1105938-airless-tennis-ball-gen-3",
        "imglink": "https:\/\/media.printables.com\/media\/prints\/1063343\/images\/8231565_e0a1cef1-5850-4b04-9aac-3360cad1626c_69b20070-ed30-4858-bcce-f5671bdd0d94\/thumbs\/inside\/320x240\/jpeg\/img_3557.webp",
        "time2print": "-",
        "maxdimension": "-",
        "support": "no",
        "date": "2025-01-12 16:45:31"
    },
    {
        "name": "(Toy) Strong Flying Propeller \/ Pull Copter (No Supports) by Meister Edel | Download free STL model | Printables.com",
        "url": "https:\/\/www.printables.com\/model\/227852-strong-flying-propeller-pull-copter-no-supports",
        "downloadlink": "https:\/\/www.printables.com\/model\/227852-strong-flying-propeller-pull-copter-no-supports",
        "imglink": "https:\/\/media.printables.com\/media\/prints\/227852\/images\/2076412_0508ba0d-7792-48e1-bfe3-7dea80dbd716\/thumbs\/inside\/1600x1200\/jpg\/freibad1-6180005.webp",
        "time2print": "-",
        "maxdimension": "-",
        "support": "no",
        "date": "2025-01-12 16:41:29"
    },
    {
        "name": "3D BENCHY by Prusa Research | Download free STL model | Printables.com",
        "url": "https:\/\/www.printables.com\/model\/3161-3d-benchy",
        "downloadlink": "https:\/\/www.printables.com\/model\/3161-3d-benchy",
        "imglink": "https:\/\/media.printables.com\/media\/prints\/3161\/images\/20206_70fde6a0-6da1-4522-ba46-25f1bece7199\/thumbs\/inside\/1600x1200\/jpg\/benchy.webp",
        "time2print": "-",
        "maxdimension": "-",
        "support": "no",
        "date": "2025-01-12 16:32:02"
    },
    {
        "name": "LINE MARKER - DISTANCE MARKER (Easy to use) by ART TOO | Download free STL model | Printables.com",
        "url": "https:\/\/www.printables.com\/model\/1125213-line-marker-distance-marker-easy-to-use",
        "downloadlink": "https:\/\/www.printables.com\/model\/1125213-line-marker-distance-marker-easy-to-use",
        "imglink": "https:\/\/media.printables.com\/media\/prints\/1125213\/images\/8492208_56dcabec-774e-4737-a789-080bd7b7e4fc_fb66b565-fd08-4a76-aaa2-3ec8bb684235\/thumbs\/inside\/1600x1200\/png\/render.webp",
        "time2print": "-",
        "maxdimension": "-",
        "support": "no",
        "date": "2025-01-12 16:30:08"
    },
    {
        "name": "Flexible & sturdy phone arm (100% Printed) by FunkyArt | Download free STL model | Printables.com",
        "url": "https:\/\/www.printables.com\/model\/647794-flexible-sturdy-phone-arm-100-printed",
        "downloadlink": "https:\/\/www.printables.com\/model\/647794-flexible-sturdy-phone-arm-100-printed",
        "imglink": "https:\/\/media.printables.com\/media\/prints\/647794\/images\/5111940_97faaccf-c6d0-4500-a60e-2a3395d828e5_5589f94a-0102-4a1b-b5a0-a03c2f18365a\/thumbs\/inside\/1600x1200\/png\/haltearm_0009.webp",
        "time2print": "-",
        "maxdimension": "-",
        "support": "no",
        "date": "2025-01-12 15:51:59"
    },
    {
        "name": "Nintendo Switch OLED Cartridge Holder for Dock \/ Stand - 6 slot by moma1206 - Thingiverse",
        "url": "https:\/\/www.thingiverse.com\/thing:6430189",
        "downloadlink": "blob:https:\/\/www.thingiverse.com\/33073305-6698-4083-9b17-0bf9318cd5d8",
        "imglink": "https:\/\/cdn.thingiverse.com\/assets\/5c\/f1\/60\/31\/01\/999bc70a-e35f-4e72-8a0e-50acdfe1e873.jpg",
        "time2print": "-",
        "maxdimension": "-",
        "support": "no",
        "date": "2025-01-12 14:31:54"
    },
    {
        "name": "One-handed DualShock 4 by Akaki | Download free STL model | Printables.com [printed][1st print]",
        "url": "https:\/\/www.printables.com\/model\/126646-one-handed-dualshock-4\/files",
        "downloadlink": "https:\/\/ry3yr.github.io\/one-handed-dualshock-4-model_files.zip#https:\/\/files.printables.com\/media\/prints\/126646\/packs\/1210826_dba2f446-3f5c-4384-9632-d778c213edb2\/one-handed-dualshock-4-model_files.zip",
        "imglink": "https:\/\/media.printables.com\/media\/prints\/126646\/images\/1217250_caea99d7-c863-4914-9b94-45fe5f39c972\/thumbs\/inside\/1280x960\/jpg\/img_0729.webp",
        "time2print": "14h",
        "maxdimension": "-",
        "support": "no",
        "date": "2025-01-12 14:28:13"
    }
]