[
    {
        "name": "DS4 Switch mount (remixed)",
        "url": "https:\/\/ry3yr.github.io\/dualshock4-switch-mount_(rmx).zip#https:\/\/www.thingiverse.com\/thing:3516654\/files",
        "downloadlink": "https:\/\/ry3yr.github.io\/dualshock4-switch-mount_(rmx).zip",
        "imglink": "https:\/\/cdn.thingiverse.com\/renders\/4a\/99\/87\/9d\/15\/fb9c1b4e48c275e3fd72cf8e8ed98759_display_large.jpg",
        "time2print": "-",
        "maxdimension": "-",
        "support": "no",
        "date": "2025-01-18 12:30:40"
    },
    {
        "name": "null",
        "url": "https:\/\/commons.wikimedia.org\/wiki\/File:3D_printer.svg",
        "downloadlink": "https:\/\/commons.wikimedia.org\/wiki\/File:3D_printer.svg",
        "imglink": "https:\/\/commons.wikimedia.org\/wiki\/File:3D_printer.svg",
        "time2print": "-",
        "maxdimension": "-",
        "support": "no",
        "date": "2025-01-12 14:49:32"
    }
]