<TaskerData sr="" dvi="1" tv="4.9u4m">
	<Task sr="task11">
		<cdate>1766670407239</cdate>
		<edate>1766674003335</edate>
		<id>11</id>
		<nme>AcwsBackup</nme>
		<pri>100</pri>
		<Action sr="act0" ve="7">
			<code>118</code>
			<Str sr="arg0" ve="3">https://alceawis.de/mainzip.php?autobackup</Str>
			<Str sr="arg1" ve="3"/>
			<Str sr="arg2" ve="3"/>
			<Str sr="arg3" ve="3"/>
			<Str sr="arg4" ve="3"/>
			<Int sr="arg5" val="10"/>
			<Str sr="arg6" ve="3"/>
			<Str sr="arg7" ve="3"/>
			<Int sr="arg8" val="0"/>
		</Action>
		<Action sr="act1" ve="7">
			<code>30</code>
			<Int sr="arg0" val="0"/>
			<Int sr="arg1" val="10"/>
			<Int sr="arg2" val="0"/>
			<Int sr="arg3" val="0"/>
			<Int sr="arg4" val="0"/>
		</Action>
		<Action sr="act2" ve="7">
			<code>123</code>
			<Str sr="arg0" ve="3">su -c "sh /sdcard/exec/01download.sh &gt; /sdcard/exec/output.log 2&gt;&amp;1 || true"</Str>
			<Int sr="arg1" val="0"/>
			<Int sr="arg2" val="0"/>
			<Str sr="arg3" ve="3"/>
			<Str sr="arg4" ve="3"/>
			<Str sr="arg5" ve="3"/>
		</Action>
		<Action sr="act3" ve="7">
			<code>123</code>
			<Str sr="arg0" ve="3">su -c "sh /sdcard/exec/02upload.sh &gt; /sdcard/exec/output.log 2&gt;&amp;1"</Str>
			<Int sr="arg1" val="0"/>
			<Int sr="arg2" val="0"/>
			<Str sr="arg3" ve="3">%output</Str>
			<Str sr="arg4" ve="3">%output</Str>
			<Str sr="arg5" ve="3"/>
		</Action>
		<Action sr="act4" ve="7">
			<code>548</code>
			<on>false</on>
			<Str sr="arg0" ve="3">%output</Str>
			<Int sr="arg1" val="0"/>
		</Action>
	</Task>
</TaskerData>
