[
    {
        "url": "https:\/\/www.ebay.de\/itm\/296140242227?epid=23049977770&itmmeta=01HQEBWW9E3NXJ8RBJK9CTCEHH&hash=item44f3557d33%3Ag%3AXccAAOSw8CRkc6P2&itmprp=enc%3AAQAIAAAA0Gp3ieWZ9SLx6QoHUh5JqKKJ6AXINB%2FDJtgRvhCbnyVGKcfZ%2BLE4QXH%2Fx%2FZuzMpArYSGJXzr6jyZ2e4F4BB6YByorvYLF%2F46xdCgAJlRXBi3AgAR4uTYeXfAa7rPfFN6l8aLMQ3D9VgdWkfflLPGT0Svu7Tb1vUWbOIobzYFhN1cOx%2FADTF0jZaTFNW3JHqjM%2BgI4zabi54UGoMClBWFk4hQXHiY3%2BfRISfhnyLCVyvxIPGLazVE9nMU5oiBRgU9IIH9RZzMyJOtOw%2F4KMxGenI%3D%7Ctkp%3ABk9SR-zE88u7Yw&LH_BIN=1",
        "price": "20.0 EUR",
        "title": "Deadly Premonition 2 - A Blessing in Disguise (Nintendo Switch, 2020) NEU 45496423612 | eBay",
        "marketplace": "ebay",
        "date": "2024-02-24"
    }
]