[
    {
        "date": "2025-08-04 13:38:26",
        "mode": "response_code",
        "domainname": "alceawis.de",
        "response_code": 200
    },
    {
        "date": "2025-08-04 13:38:32",
        "mode": "response_code",
        "domainname": "alceawis.de",
        "response_code": 200
    },
    {
        "date": "2025-08-05 03:19:10",
        "mode": "response_code",
        "domainname": "alceawis.de",
        "response_code": 200
    },
    {
        "date": "2025-08-06 11:34:00",
        "mode": "response_code",
        "domainname": "alceawis.de",
        "response_code": 200
    },
    {
        "date": "2025-08-07 11:34:00",
        "mode": "response_code",
        "domainname": "alceawis.de",
        "response_code": 200
    },
    {
        "date": "2025-08-08 19:58:03",
        "mode": "response_code",
        "domainname": "alceawis.de",
        "response_code": 200
    },
    {
        "date": "2025-08-08 20:12:00",
        "mode": "response_code",
        "domainname": "alceawis.de",
        "response_code": 200
    },
    {
        "date": "2025-08-08 23:40:41",
        "mode": "response_code",
        "domainname": "alceawis.de",
        "response_code": 0
    },
    {
        "date": "2025-08-09 00:33:43",
        "mode": "response_code",
        "domainname": "alceawis.de",
        "response_code": 200
    },
    {
        "date": "2025-08-09 00:42:36",
        "mode": "response_code",
        "domainname": "alceawis.de",
        "response_code": 200
    },
    {
        "date": "2025-08-09 04:36:29",
        "mode": "response_code",
        "domainname": "alceawis.de",
        "response_code": 200
    },
    {
        "date": "2025-08-09 11:34:00",
        "mode": "response_code",
        "domainname": "alceawis.de",
        "response_code": 200
    },
    {
        "date": "2025-08-09 20:12:00",
        "mode": "response_code",
        "domainname": "alceawis.de",
        "response_code": 200
    },
    {
        "date": "2025-08-10 00:36:21",
        "mode": "response_code",
        "domainname": "alceawis.de",
        "response_code": 200
    },
    {
        "date": "2025-08-10 18:38:39",
        "mode": "response_code",
        "domainname": "alceawis.de",
        "response_code": 200
    },
    {
        "date": "2025-08-10 18:43:29",
        "mode": "response_code",
        "domainname": "alceawis.de",
        "response_code": 200
    },
    {
        "date": "2025-08-10 19:02:05",
        "mode": "response_code",
        "domainname": "alceawis.de",
        "response_code": 200
    },
    {
        "date": "2025-08-10 20:12:00",
        "mode": "response_code",
        "domainname": "alceawis.de",
        "response_code": 200
    },
    {
        "date": "2025-08-10 20:18:59",
        "mode": "response_code",
        "domainname": "alceawis.de",
        "response_code": 200
    },
    {
        "date": "2025-08-11 11:34:00",
        "mode": "response_code",
        "domainname": "alceawis.de",
        "response_code": 200
    },
    {
        "date": "2025-08-11 20:12:00",
        "mode": "response_code",
        "domainname": "alceawis.de",
        "response_code": 200
    },
    {
        "date": "2025-08-11 12:58:00",
        "mode": "response_code",
        "domainname": "alceawis.de",
        "response_code": 200
    }
]