[
    {
        "user": "alcea@alceawis.com",
        "url": "https://alceawis.com/notice/AxWUaYZukUOVrhcSrQ",
        "pfp": "https://alceawis.com/uploads/7ec207e13c920294e202c8007828db61de0e0e72fa3dd8f0dc6e94783d38a4c5.png",
        "added": "2025-08-25 09:17:58"
    },
    {
        "user": "Samb@mastodon.gamedev.place",
        "url": "https://mastodon.gamedev.place/@Samb/112933762886991797",
        "pfp": "https://cdn.masto.host/mastodongamedevplace/accounts/avatars/109/270/815/057/921/135/original/8e1fecc5ec4ed0c6.jpg",
        "added": "2025-08-25 09:18:09"
    },
    {
        "user": "dr_muesli@woof.tech",
        "url": "https://woof.tech/@dr_muesli/115056046900787616",
        "pfp": "https://cdn.woof.tech/accounts/avatars/113/820/856/641/199/543/original/f17907d049782ede.png",
        "added": "2025-08-25 09:18:15"
    },
    {
        "user": "mishihime@mastodon.cloud",
        "url": "https://mastodon.cloud/@mishihime/101350054798271299",
        "pfp": "https://media.mastodon.cloud/accounts/avatars/000/490/984/original/a112ebedc7efa070.gif",
        "added": "2025-08-25 09:29:50"
    },
    {
        "user": "Gargron@mastodon.social",
        "url": "https://mastodon.social/@Gargron/114562974330383649",
        "pfp": "https://files.mastodon.social/accounts/avatars/000/000/001/original/a0a49d80c3de5f75.png",
        "added": "2025-08-25 09:30:11"
    },
    {
        "user": "childless_cat_lady@mastodon.social",
        "url": "https://mastodon.social/@childless_cat_lady/113742335657203256",
        "pfp": "https://files.mastodon.social/accounts/avatars/113/078/595/980/408/132/original/5d54686e9c9166e3.jpg",
        "added": "2025-08-25 10:03:41"
    }
]