[
    {
        "date": "2025-08-09T18:27:37.564Z",
        "url": "https:\/\/alceawis.com\/notice\/Ax09tRYYlSqRUfQtUW",
        "preview": "And 𒐫 one more for #HTML mode𒐫:",
        "mode": "html",
        "mediaType": "text\/html"
    },
    {
        "date": "2025-08-09T18:23:52.510Z",
        "url": "https:\/\/alceawis.com\/notice\/Ax09Ygp2oMJml6FO0O",
        "preview": "𒐫MFM Mode test𒐫..#repost •acws ",
        "mode": "mfm",
        "mediaType": "text\/x.misskeymarkdown"
    },
    {
        "date": "2025-08-09T16:44:12.606Z",
        "url": "https:\/\/alceawis.com\/notice\/Ax00fDNtl9uTtlaQIC",
        "preview": "#Akkom #Misskey #MFM overviewhttp"
    },
    {
        "date": "2025-08-09T14:55:37.871Z",
        "url": "https:\/\/alceawis.com\/notice\/AwzqyQhpSK9HAtQsOu",
        "preview": "#Gosick #LetsGo :bun: https:\/\/ibb"
    },
    {
        "date": "2025-08-09T14:30:20.043Z",
        "url": "https:\/\/alceawis.com\/notice\/AwzoiS4mOUb4smQ9j6",
        "preview": "#CurrListeningAlceaRever's Edge -"
    },
    {
        "date": "2025-08-09T14:29:12.548Z",
        "url": "https:\/\/alceawis.com\/notice\/AwzocE9NG0uxxFbNIW",
        "preview": "#FLCL (FoolyCooly) is a show wher"
    },
    {
        "date": "2025-08-09T14:09:17.734Z",
        "url": "https:\/\/alceawis.com\/notice\/Awzmq2WB6Phi1Xj7K4",
        "preview": "Wait.Are you telling me #mastodon"
    },
    {
        "date": "2025-08-09T13:59:18.482Z",
        "url": "https:\/\/alceawis.com\/notice\/AwzlwmObLJyS5vpgrg",
        "preview": "#CurrListeningAlcea#FATE - KAIJI "
    },
    {
        "date": "2025-08-09T13:55:57.974Z",
        "url": "https:\/\/alceawis.com\/notice\/AwzleHwHqEOMQFltcu",
        "preview": "When is #HidekiTaniuchi finally c"
    },
    {
        "date": "2025-08-09T12:43:27.979Z",
        "url": "https:\/\/alceawis.com\/notice\/AwzfB7o9pXNksWgCrA",
        "preview": "#CurrListeningAlceaBauklötze [PB★"
    },
    {
        "date": "2025-08-09T12:36:26.288Z",
        "url": "https:\/\/alceawis.com\/notice\/AwzeYF8Kf1wiIuZm4W",
        "preview": "𒐫Except, of course, you're downl"
    },
    {
        "date": "2025-08-09T12:24:30.917Z",
        "url": "https:\/\/alceawis.com\/notice\/AwzdUG9GqQtcL8YG3s",
        "preview": "Hmm #Pleroma n #Akkoma got quite "
    },
    {
        "date": "2025-08-09T12:13:27.336Z",
        "url": "https:\/\/alceawis.com\/notice\/AwzcV4ajCQWypcDc7U",
        "preview": "𒐫In fact, a shocking number of \""
    },
    {
        "date": "2025-08-09T10:18:31.296Z",
        "url": "https:\/\/alceawis.com\/notice\/AwzSF9O4bMZhWy4I3U",
        "preview": "Buying a \"#klarstein dryfy 10 \" w"
    },
    {
        "date": "2025-08-09T08:14:14.731Z",
        "url": "https:\/\/alceawis.com\/notice\/AwzH9UrgjiIEuR1QUi",
        "preview": "#CurrListeningAlceaKinka no Kusar"
    },
    {
        "date": "2025-08-09T07:43:47.236Z",
        "url": "https:\/\/alceawis.com\/notice\/AwzEQxfgaX4zJM2nbM",
        "preview": "#CurrListeningAlcea #VocalTrance#"
    },
    {
        "date": "2025-08-09T05:58:07.470Z",
        "url": "https:\/\/alceawis.com\/notice\/Awz50Iosx4utUmYnom",
        "preview": "~Sentiments~ #VRAINS SD1( #Shinki"
    },
    {
        "date": "2025-08-09T05:32:24.622Z",
        "url": "https:\/\/alceawis.com\/notice\/Awz2i1ffltGPBnPOIS",
        "preview": "~KizunaWave~ - #RyuuseiNoRockmanh"
    },
    {
        "date": "2025-08-09T05:26:12.405Z",
        "url": "https:\/\/alceawis.com\/notice\/Awz29hI12jv68ByRyy",
        "preview": "𒐫We're Not Ready for Superintell"
    },
    {
        "date": "2025-08-09T05:11:18.762Z",
        "url": "https:\/\/alceawis.com\/notice\/Awz0pHHHwd47iAKiP2",
        "preview": "Say what you will about #LLM and "
    },
    {
        "date": "2025-08-08T21:13:36.394Z",
        "url": "https:\/\/alceawis.com\/notice\/AwyKC45ypIzBSTfBAW",
        "preview": "Huh resolving woof.tech 's #DNS l"
    },
    {
        "date": "2025-08-08T20:25:17.999Z",
        "url": "https:\/\/alceawis.com\/notice\/AwyFslAYZOGBRPLJtQ",
        "preview": "Cyber Party :ablobcatrave:  - Shi"
    },
    {
        "date": "2025-08-08T20:09:01.196Z",
        "url": "https:\/\/alceawis.com\/notice\/AwyEQgghXSSnTmQd6W",
        "preview": "#SelfBalancing trees and #Radix t"
    },
    {
        "date": "2025-08-08T19:08:55.449Z",
        "url": "https:\/\/alceawis.com\/notice\/Awy94A8VNtRYNfsDaK",
        "preview": "#CurrListeningAlceaCONAN KUMIKYOK"
    },
    {
        "date": "2025-08-08T18:47:38.744Z",
        "url": "https:\/\/alceawis.com\/notice\/Awy7AQkiJoTTkDbee8",
        "preview": "𒐫A brutally-simple proxy for Act"
    },
    {
        "date": "2025-08-08T03:16:27.000Z",
        "url": "https:\/\/alceawis.com\/notice\/Awwm3sNMvNRnC7lCN6",
        "preview": "#Akkoma #Backup instructionhttps:"
    },
    {
        "date": "2025-08-07T18:51:35.575Z",
        "url": "https:\/\/alceawis.com\/notice\/Aww30BqY5y22UCHFuy",
        "preview": "Wow#Indies are saving the #indust"
    },
    {
        "date": "2025-08-07T18:42:18.610Z",
        "url": "https:\/\/alceawis.com\/notice\/Aww2ApLG0X7lv79J5s",
        "preview": "#HerdlingIf #Pokemon was realisti"
    },
    {
        "date": "2025-08-07T18:21:50.520Z",
        "url": "https:\/\/alceawis.com\/notice\/Aww0LZPjMqLxnXEjAW",
        "preview": "#CurrListeningAlcea~ #Firewall Dr"
    },
    {
        "date": "2025-08-07T18:15:01.021Z",
        "url": "https:\/\/alceawis.com\/notice\/AwvzjnzCjx9ZzLozJI",
        "preview": "Forget #NSA . We got #NASA https:"
    },
    {
        "date": "2025-08-07T18:04:50.092Z",
        "url": "https:\/\/alceawis.com\/notice\/AwvypSrI6aLOFIFqWe",
        "preview": "#NSA open source index #project l"
    },
    {
        "date": "2025-08-07T02:53:15.305Z",
        "url": "https:\/\/alceawis.com\/notice\/AwufTY8vgUv1yeNigS",
        "preview": "The #duality of #archive org𒐫The"
    },
    {
        "date": "2025-08-07T00:49:02.612Z",
        "url": "https:\/\/alceawis.com\/notice\/AwuUOGGLdXY3Zw7xDc",
        "preview": "Cryillic \"e\" vs armenian \"e\"(Is T"
    },
    {
        "date": "2025-08-07T00:37:15.218Z",
        "url": "https:\/\/alceawis.com\/notice\/AwuTL1wKKgewKlerZ2",
        "preview": "𒐫You can restore the system to n"
    },
    {
        "date": "2025-08-06T18:51:26.635Z",
        "url": "https:\/\/alceawis.com\/notice\/AwtyTbl9wSfTAI2puK",
        "preview": "Praise chuthulu !Finally fixed th"
    },
    {
        "date": "2025-08-06T17:24:46.786Z",
        "url": "https:\/\/alceawis.com\/notice\/Awtqk4kT89TY4Y3ydM",
        "preview": "#Circlean 𒐫This project aims to "
    },
    {
        "date": "2025-08-06T08:10:39.317Z",
        "url": "https:\/\/alceawis.com\/notice\/Awt3I5j70Me1FASGm0",
        "preview": "𒐫Here is how #platforms die: fir"
    },
    {
        "date": "2025-08-05T21:38:22.811Z",
        "url": "https:\/\/alceawis.com\/notice\/Aws8rYyqXMhMikaXHU",
        "preview": "#CurrListeningAlceaIllenium - Fra"
    },
    {
        "date": "2025-08-05T18:59:44.637Z",
        "url": "https:\/\/alceawis.com\/notice\/AwruhnKQwBMky08KGG",
        "preview": "How annoying..Recent #android mad"
    },
    {
        "date": "2025-08-04T21:19:15.165Z",
        "url": "https:\/\/alceawis.com\/notice\/Awq2dgC9vbsR09tMTA",
        "preview": "#CurrListeningAlcea'No Way' by Gh"
    },
    {
        "date": "2025-08-04T20:40:52.567Z",
        "url": "https:\/\/alceawis.com\/notice\/AwpzDI0Uw8M0alA77I",
        "preview": "Oh yes !https:\/\/ibb.co\/B5zfjzY5ht"
    },
    {
        "date": "2025-08-04T20:12:53.034Z",
        "url": "https:\/\/alceawis.com\/notice\/AwpwiRxNh5i0Z5s4Rc",
        "preview": "#Kaomoji #lookuphttps:\/\/sirs0ri.g"
    },
    {
        "date": "2025-08-04T19:59:58.303Z",
        "url": "https:\/\/alceawis.com\/notice\/AwpvZ0QyYN9Ye1e9XE",
        "preview": "Ah yes.*looks up after showering*"
    },
    {
        "date": "2025-08-04T19:36:55.684Z",
        "url": "https:\/\/alceawis.com\/notice\/AwptVUyypikMK2kfuS",
        "preview": "Hmmm difficult #choice:ablobthink"
    },
    {
        "date": "2025-08-04T16:44:39.850Z",
        "url": "https:\/\/alceawis.com\/notice\/Awpe8KLehrTvMrqp28",
        "preview": "When you don't want to get anothe"
    },
    {
        "date": "2025-08-03T20:48:49.323Z",
        "url": "https:\/\/alceawis.com\/notice\/AwnvPYyorxNcZh3QUS",
        "preview": "#CurrListeningAlcea~Ogura Ikuya ~"
    },
    {
        "date": "2025-08-03T16:07:57.218Z",
        "url": "https:\/\/alceawis.com\/notice\/AwnWLSAxj9ddSYg4US",
        "preview": "#CurrListeningAlcea生きる希望 - #Plati"
    },
    {
        "date": "2025-08-03T15:49:07.106Z",
        "url": "https:\/\/alceawis.com\/notice\/AwnUfE5tanyhfYbmRU",
        "preview": "Mult #purpose #file ???https:\/\/m."
    },
    {
        "date": "2025-08-03T13:59:58.341Z",
        "url": "https:\/\/alceawis.com\/notice\/AwnKvJ6zhnsiK69SGO",
        "preview": "Mini Nurse vs devil is also great"
    },
    {
        "date": "2025-08-03T13:45:30.484Z",
        "url": "https:\/\/alceawis.com\/notice\/AwnJdGywml6wYEDxp2",
        "preview": "If you need early #christmas derp"
    },
    {
        "date": "2025-08-03T12:20:19.746Z",
        "url": "https:\/\/alceawis.com\/notice\/AwnC1x0JOv0ACG7Qv2",
        "preview": "~Beautiful~ :Alcea_Smile: https:\/"
    },
    {
        "date": "2025-08-03T11:21:04.883Z",
        "url": "https:\/\/alceawis.com\/notice\/Awn6k8Phb6xcDIaerg",
        "preview": "Hmm which one to choose...#akkoma"
    },
    {
        "date": "2025-08-03T10:46:02.666Z",
        "url": "https:\/\/alceawis.com\/notice\/Awn3cGf3oMfXqUv7ZI",
        "preview": "Why do anime #games always use #T"
    },
    {
        "date": "2025-08-03T09:38:41.999Z",
        "url": "https:\/\/alceawis.com\/notice\/AwmxbdldonXDUfJepE",
        "preview": "𒐫PrerequisitesBefore you start, "
    },
    {
        "date": "2025-08-02T22:07:26.241Z",
        "url": "https:\/\/alceawis.com\/notice\/AwlxukmBn0khZij5Tk",
        "preview": "#CurrListeningAlcea#Nightstep - H"
    },
    {
        "date": "2025-08-02T20:27:30.677Z",
        "url": "https:\/\/alceawis.com\/notice\/Awlozre8m5Kek8K8Jc",
        "preview": "Yep.Was the right call to bet on "
    },
    {
        "date": "2025-08-02T19:55:34.606Z",
        "url": "https:\/\/alceawis.com\/notice\/Awlm9ASftFtJqBhn0a",
        "preview": "Where I store this #instance 's b"
    },
    {
        "date": "2025-08-02T18:08:13.617Z",
        "url": "https:\/\/alceawis.com\/notice\/AwlcZBCikiAe8E0Xlw",
        "preview": "Since finishing the zip #pmx rend"
    },
    {
        "date": "2025-08-02T17:23:52.882Z",
        "url": "https:\/\/alceawis.com\/notice\/AwlYbnCK43xYjGoOv2",
        "preview": "DB App asking to change my pass d"
    },
    {
        "date": "2025-08-02T15:49:53.492Z",
        "url": "https:\/\/alceawis.com\/notice\/AwlQDkJELyG7Bf48jg",
        "preview": "#CurrListeningAlceaKaze ga Tsuyok"
    },
    {
        "date": "2025-08-02T15:26:13.246Z",
        "url": "https:\/\/alceawis.com\/notice\/AwlO6mfoxrZEaJBWbo",
        "preview": "I think if I ever #developed #amn"
    },
    {
        "date": "2025-08-02T15:12:23.118Z",
        "url": "https:\/\/alceawis.com\/notice\/AwlMsE5CfuHpINYGci",
        "preview": "The best #login form everhttps:\/\/"
    },
    {
        "date": "2025-08-02T14:41:32.219Z",
        "url": "https:\/\/alceawis.com\/notice\/AwlK7XBfd0E51mBUum",
        "preview": "#CurrListeningAlceaMega Man Netwo"
    },
    {
        "date": "2025-08-02T12:29:59.130Z",
        "url": "https:\/\/alceawis.com\/notice\/Awl8Nd9S1Qzii03TqC",
        "preview": "𒐫In her research, Huh found that"
    },
    {
        "date": "2025-08-02T12:23:08.013Z",
        "url": "https:\/\/alceawis.com\/notice\/Awl7licDG84ueOQkls",
        "preview": "Good thing I bought that #raincoa"
    },
    {
        "date": "2025-08-02T11:21:41.825Z",
        "url": "https:\/\/alceawis.com\/notice\/Awl2HmTHrHwq9SA1mC",
        "preview": "#CurrListeningAlcea~奥底に眠るもの~Those"
    },
    {
        "date": "2025-08-02T04:22:12.751Z",
        "url": "https:\/\/alceawis.com\/notice\/AwkQqdmCNig53tCZto",
        "preview": "When the storeclerk gives you a f"
    },
    {
        "date": "2025-07-31T22:22:17.274Z",
        "url": "https:\/\/alceawis.com\/notice\/AwhqD4UzciNbgt4D44",
        "preview": "#CurrListeningAlceaWake Up, Date!"
    },
    {
        "date": "2025-07-31T22:04:38.531Z",
        "url": "https:\/\/alceawis.com\/notice\/AwhodRJhD5ky50EDaa",
        "preview": ":ablobjoy: Even #Nintendo is not "
    },
    {
        "date": "2025-07-31T10:17:14.785Z",
        "url": "https:\/\/alceawis.com\/notice\/AwgnVIyI3knklhoULo",
        "preview": "Negative 1 posts ?Wow.Just wow.Th"
    },
    {
        "date": "2025-07-31T09:54:09.933Z",
        "url": "https:\/\/alceawis.com\/notice\/AwglRarRPAaNBXiDNg",
        "preview": "Woot :ablobcatrave: https:\/\/ibb.c"
    },
    {
        "date": "2025-07-28T05:52:32.936Z",
        "url": "https:\/\/alceawis.com\/notice\/AwaCLEJrdeLMByTfBw",
        "preview": "Hmmm using #LLM for #music sugges"
    },
    {
        "date": "2025-07-27T18:21:16.770Z",
        "url": "https:\/\/alceawis.com\/notice\/AwZCe59Blp4o5aVu88",
        "preview": "#CurrListeningAlceaAtb - Move On "
    },
    {
        "date": "2025-07-27T17:33:14.006Z",
        "url": "https:\/\/alceawis.com\/notice\/AwZ8MEo2iiqV15rHtY",
        "preview": "Since I only started posting on F"
    },
    {
        "date": "2025-07-27T16:14:14.725Z",
        "url": "https:\/\/alceawis.com\/notice\/AwZ1JAj8jLlZol9k6i",
        "preview": "#Bowlroll #DetectiveConanIt's ins"
    },
    {
        "date": "2025-07-27T12:10:04.027Z",
        "url": "https:\/\/alceawis.com\/notice\/AwYfW5nOB9HPIPtpSK",
        "preview": "Hmmm #Vroid has a weird #Game Sym"
    },
    {
        "date": "2025-07-27T10:08:48.841Z",
        "url": "https:\/\/alceawis.com\/notice\/AwYUhBuEhZ8pw9Bx9k",
        "preview": "#CurrListeningAlcea~Till the End "
    },
    {
        "date": "2025-07-27T05:56:20.803Z",
        "url": "https:\/\/alceawis.com\/notice\/AwY8AEWpjSgHWT7nYe",
        "preview": "#CurrListeningAlceaNo internet - "
    },
    {
        "date": "2025-07-27T05:55:56.512Z",
        "url": "https:\/\/alceawis.com\/notice\/AwY87zeU4XD2nwdRgW",
        "preview": "Time for the best show ever.Wonde"
    },
    {
        "date": "2025-07-26T18:13:01.671Z",
        "url": "https:\/\/alceawis.com\/notice\/AwX7OfCB5WaTAcovDc",
        "preview": "And in html <style>    @keyframes"
    },
    {
        "date": "2025-07-26T18:07:49.811Z",
        "url": "https:\/\/alceawis.com\/notice\/AwX6vu7aVyUL43xa1Q",
        "preview": "And in html <style>    @keyframes"
    },
    {
        "date": "2025-07-26T17:25:22.471Z",
        "url": "https:\/\/alceawis.com\/notice\/AwX38z5swFrGR093js",
        "preview": "At this point I'm not sure if csl"
    },
    {
        "date": "2025-07-26T16:55:14.497Z",
        "url": "https:\/\/alceawis.com\/notice\/AwX0SFo4j2XzuLJNLM",
        "preview": "Woo !Finally got a lil webasm bas"
    },
    {
        "date": "2025-07-26T15:14:39.346Z",
        "url": "https:\/\/alceawis.com\/notice\/AwWrTh5JtNszDAzOwy",
        "preview": "This should do𒐫&lt;button type=\""
    },
    {
        "date": "2025-07-26T13:53:14.691Z",
        "url": "https:\/\/alceawis.com\/notice\/AwWkDIqxWARjkJVdk8",
        "preview": "A kid behind me asked her mom if "
    },
    {
        "date": "2025-07-26T13:49:00.483Z",
        "url": "https:\/\/alceawis.com\/notice\/AwWjps8mfUMEEpfrIe",
        "preview": "Telekom #gangsta kids trying to s"
    },
    {
        "date": "2025-07-26T09:08:13.465Z",
        "url": "https:\/\/alceawis.com\/notice\/AwWKmBHH4t8vZtmxDU",
        "preview": "Truly a #marvelous #instance𒐫You"
    },
    {
        "date": "2025-07-26T08:11:49.722Z",
        "url": "https:\/\/alceawis.com\/notice\/AwWFk89XE2IrXKN5cG",
        "preview": "Added replyhandler to main #masto"
    },
    {
        "date": "2025-07-26T07:08:49.512Z",
        "url": "https:\/\/alceawis.com\/notice\/AwWAVi0B9pQsbdIbVg",
        "preview": "Guess I should leave the"
    },
    {
        "date": "2025-07-26T07:08:48.512Z",
        "url": "https:\/\/alceawis.com\/notice\/AwWA7QacFDjveWlRDc",
        "preview": "#CurrListeningAlceaA new mode \/ A"
    },
    {
        "date": "2025-07-26T07:04:36.188Z",
        "url": "https:\/\/alceawis.com\/notice\/AwW9k9V3cKt7zQ47iS",
        "preview": "Yeah.. #pixelart is difficulthttp"
    },
    {
        "date": "2025-07-25T21:50:24.061Z",
        "url": "https:\/\/alceawis.com\/notice\/AwVMHf5WCPIHo3uAMK",
        "preview": "#CurrListeningAlceaTatta hitotsu "
    },
    {
        "date": "2025-07-25T21:23:22.116Z",
        "url": "https:\/\/alceawis.com\/notice\/AwVJs5MtfQkLsMi5tQ",
        "preview": "Still laughing at #MisakaMikoto:ab"
    },
    {
        "date": "2025-07-25T21:08:57.375Z",
        "url": "https:\/\/alceawis.com\/notice\/AwVIaL3SVTYlMNalCC",
        "preview": "#CurrListeningAlceaBlood Remains "
    },
    {
        "date": "2025-07-25T20:55:58.797Z",
        "url": "https:\/\/alceawis.com\/notice\/AwVHQXdglPEvXWIpZg",
        "preview": "So can we preserve<blockquote>Lin"
    },
    {
        "date": "2025-07-25T19:34:38.501Z",
        "url": "https:\/\/alceawis.com\/notice\/AwVFbpFdQHqrRJIwu8",
        "preview": "And I realize again.."
    },
    {
        "date": "2025-07-25T18:34:40.501Z",
        "url": "https:\/\/alceawis.com\/notice\/AwV4oeVjZFgwOikTNg",
        "preview": "#CurrListeningAlcea#ACertainMagic"
    },
    {
        "date": "2025-07-25T18:34:38.501Z",
        "url": "https:\/\/alceawis.com\/notice\/AwV2fYMWrH8OoWybMu",
        "preview": "Yes.\r\nYes she is awesome"
    },
    {
        "date": "2025-07-24T21:32:23.257Z",
        "url": "https:\/\/alceawis.com\/notice\/AwTG9xxr93rPzcLfAO",
        "preview": "How the ReplyHandler looks better"
    },
    {
        "date": "2025-07-24T18:23:21.574Z",
        "url": "https:\/\/alceawis.com\/notice\/AwSzYXhmDPtWZNxc6y",
        "preview": "Hate that my #hands kinda are useless lately"
    },
    {
        "date": "2025-07-24T18:22:21.574Z",
        "url": "https:\/\/alceawis.com\/notice\/AwSzCV7j8HPAC0aXGy",
        "preview": "#CurrListeningAlceaRymdlego - Yuk"
    },
    {
        "date": "2025-07-24T17:56:28.876Z",
        "url": "https:\/\/alceawis.com\/notice\/AwSwtNDw51b0HVFBvk",
        "preview": "Perfect.Now my static website #ti"
    },
    {
        "date": "2025-07-24T08:27:50.489Z",
        "url": "https:\/\/alceawis.com\/notice\/AwS894tctUAaPVTXlo",
        "preview": "𒐫user: \"aaaaaaA1!\"web: \"What a s"
    },
    {
        "date": "2025-07-23T22:22:26.017Z",
        "url": "https:\/\/alceawis.com\/notice\/AwRG77SJ0pOQFCJV7A",
        "preview": "#FridgeParadoxShopped, yet fridge"
    },
    {
        "date": "2025-07-23T22:03:01.613Z",
        "url": "https:\/\/alceawis.com\/notice\/AwRENjEy64eo9mrpxo",
        "preview": "#Prices go up and #services get #"
    },
    {
        "date": "2025-07-23T22:02:01.302Z",
        "url": "https:\/\/alceawis.com\/notice\/AwREIASrxtmeqziZEW",
        "preview": "#CurrListeningAlceaAfter midnight"
    },
    {
        "date": "2025-07-23T20:41:00.940Z",
        "url": "https:\/\/alceawis.com\/notice\/AwR73xSgoUu0nCuXNA",
        "preview": "Thats why having one master accou"
    },
    {
        "date": "2025-07-23T19:21:23.116Z",
        "url": "https:\/\/alceawis.com\/notice\/AwQzxLL0wcsx8ZDfii",
        "preview": "#CurrListeningAlceaRed Hot Chili "
    },
    {
        "date": "2025-07-23T12:44:24.359Z",
        "url": "https:\/\/alceawis.com\/notice\/AwQQWfKF1iAwufOy36",
        "preview": "#CurrListeningAlcea:baba_i: :baba"
    },
    {
        "date": "2025-07-22T21:50:57.730Z",
        "url": "https:\/\/alceawis.com\/notice\/AwP8nDw87P6yYduT4a",
        "preview": "𒐫tmux new-session -d -s backup '"
    },
    {
        "date": "2025-07-22T18:40:59.577Z",
        "url": "https:\/\/alceawis.com\/notice\/AwOrq59vVjgCz08l4i",
        "preview": "I totally forgot my #website had "
    },
    {
        "date": "2025-07-22T18:16:44.431Z",
        "url": "https:\/\/alceawis.com\/notice\/AwOpftXfeF4g9JGEym",
        "preview": "How #Akkoma got its name𒐫But fir"
    },
    {
        "date": "2025-07-22T18:07:59.161Z",
        "url": "https:\/\/alceawis.com\/notice\/AwOotRUybrzlH2tfii",
        "preview": "𒐫in the IRC we had a few people "
    },
    {
        "date": "2025-07-22T17:28:53.722Z",
        "url": "https:\/\/alceawis.com\/notice\/AwOlP9LlDodUR9Rxa4",
        "preview": "Different #fronten"
    },
    {
        "date": "2025-07-22T14:47:24.140Z",
        "url": "https:\/\/alceawis.com\/notice\/AwOWzMJppzM2Ozcz7w",
        "preview": ":baba_o: :baba_o: "
    },
    {
        "date": "2025-07-22T14:47:02.445Z",
        "url": "https:\/\/alceawis.com\/notice\/AwOWxMYlyFcmZPfAC8",
        "preview": ":baba_o: :baba_o: "
    },
    {
        "date": "2025-07-22T14:00:01.727Z",
        "url": "https:\/\/alceawis.com\/notice\/AwOSlEaofsoiMwTLVo",
        "preview": ":baba_o: :baba_o: "
    },
    {
        "date": "2025-07-22T13:58:48.213Z",
        "url": "https:\/\/alceawis.com\/notice\/AwOSeSIXJwdcqcgoi0",
        "preview": ":baba_o: :baba_o: "
    }
]