[
    {
        "date": "2025-07-26T17:25:22.471Z",
        "url": "https:\/\/alceawis.com\/notice\/AwX38z5swFrGR093js",
        "preview": "At this point I'm not sure if csl"
    },
    {
        "date": "2025-07-26T16:55:14.497Z",
        "url": "https:\/\/alceawis.com\/notice\/AwX0SFo4j2XzuLJNLM",
        "preview": "Woo !Finally got a lil webasm bas"
    },
    {
        "date": "2025-07-26T15:14:39.346Z",
        "url": "https:\/\/alceawis.com\/notice\/AwWrTh5JtNszDAzOwy",
        "preview": "This should do𒐫&lt;button type=\""
    },
    {
        "date": "2025-07-26T13:53:14.691Z",
        "url": "https:\/\/alceawis.com\/notice\/AwWkDIqxWARjkJVdk8",
        "preview": "A kid behind me asked her mom if "
    },
    {
        "date": "2025-07-26T13:49:00.483Z",
        "url": "https:\/\/alceawis.com\/notice\/AwWjps8mfUMEEpfrIe",
        "preview": "Telekom #gangsta kids trying to s"
    },
    {
        "date": "2025-07-26T09:08:13.465Z",
        "url": "https:\/\/alceawis.com\/notice\/AwWKmBHH4t8vZtmxDU",
        "preview": "Truly a #marvelous #instance𒐫You"
    },
    {
        "date": "2025-07-26T08:11:49.722Z",
        "url": "https:\/\/alceawis.com\/notice\/AwWFk89XE2IrXKN5cG",
        "preview": "Added replyhandler to main #masto"
    },
    {
        "date": "2025-07-26T07:08:49.512Z",
        "url": "https:\/\/alceawis.com\/notice\/AwWAVi0B9pQsbdIbVg",
        "preview": "Guess I should leave the"
    },
    {
        "date": "2025-07-26T07:08:48.512Z",
        "url": "https:\/\/alceawis.com\/notice\/AwWA7QacFDjveWlRDc",
        "preview": "#CurrListeningAlceaA new mode \/ A"
    },
    {
        "date": "2025-07-26T07:04:36.188Z",
        "url": "https:\/\/alceawis.com\/notice\/AwW9k9V3cKt7zQ47iS",
        "preview": "Yeah.. #pixelart is difficulthttp"
    },
    {
        "date": "2025-07-25T21:50:24.061Z",
        "url": "https:\/\/alceawis.com\/notice\/AwVMHf5WCPIHo3uAMK",
        "preview": "#CurrListeningAlceaTatta hitotsu "
    },
    {
        "date": "2025-07-25T21:23:22.116Z",
        "url": "https:\/\/alceawis.com\/notice\/AwVJs5MtfQkLsMi5tQ",
        "preview": "Still laughing at #MisakaMikoto:ab"
    },
    {
        "date": "2025-07-25T21:08:57.375Z",
        "url": "https:\/\/alceawis.com\/notice\/AwVIaL3SVTYlMNalCC",
        "preview": "#CurrListeningAlceaBlood Remains "
    },
    {
        "date": "2025-07-25T20:55:58.797Z",
        "url": "https:\/\/alceawis.com\/notice\/AwVHQXdglPEvXWIpZg",
        "preview": "So can we preserve<blockquote>Lin"
    },
    {
        "date": "2025-07-25T19:34:38.501Z",
        "url": "https:\/\/alceawis.com\/notice\/AwVFbpFdQHqrRJIwu8",
        "preview": "And I realize again.."
    },
    {
        "date": "2025-07-25T18:34:40.501Z",
        "url": "https:\/\/alceawis.com\/notice\/AwV4oeVjZFgwOikTNg",
        "preview": "#CurrListeningAlcea#ACertainMagic"
    },
    {
        "date": "2025-07-25T18:34:38.501Z",
        "url": "https:\/\/alceawis.com\/notice\/AwV2fYMWrH8OoWybMu",
        "preview": "Yes.\r\nYes she is awesome"
    },
    {
        "date": "2025-07-24T21:32:23.257Z",
        "url": "https:\/\/alceawis.com\/notice\/AwTG9xxr93rPzcLfAO",
        "preview": "How the ReplyHandler looks better"
    },
    {
        "date": "2025-07-24T18:23:21.574Z",
        "url": "https:\/\/alceawis.com\/notice\/AwSzYXhmDPtWZNxc6y",
        "preview": "Hate that my #hands kinda are useless lately"
    },
    {
        "date": "2025-07-24T18:22:21.574Z",
        "url": "https:\/\/alceawis.com\/notice\/AwSzCV7j8HPAC0aXGy",
        "preview": "#CurrListeningAlceaRymdlego - Yuk"
    },
    {
        "date": "2025-07-24T17:56:28.876Z",
        "url": "https:\/\/alceawis.com\/notice\/AwSwtNDw51b0HVFBvk",
        "preview": "Perfect.Now my static website #ti"
    },
    {
        "date": "2025-07-24T08:27:50.489Z",
        "url": "https:\/\/alceawis.com\/notice\/AwS894tctUAaPVTXlo",
        "preview": "𒐫user: \"aaaaaaA1!\"web: \"What a s"
    },
    {
        "date": "2025-07-23T22:22:26.017Z",
        "url": "https:\/\/alceawis.com\/notice\/AwRG77SJ0pOQFCJV7A",
        "preview": "#FridgeParadoxShopped, yet fridge"
    },
    {
        "date": "2025-07-23T22:03:01.613Z",
        "url": "https:\/\/alceawis.com\/notice\/AwRENjEy64eo9mrpxo",
        "preview": "#Prices go up and #services get #"
    },
    {
        "date": "2025-07-23T22:02:01.302Z",
        "url": "https:\/\/alceawis.com\/notice\/AwREIASrxtmeqziZEW",
        "preview": "#CurrListeningAlceaAfter midnight"
    },
    {
        "date": "2025-07-23T20:41:00.940Z",
        "url": "https:\/\/alceawis.com\/notice\/AwR73xSgoUu0nCuXNA",
        "preview": "Thats why having one master accou"
    },
    {
        "date": "2025-07-23T19:21:23.116Z",
        "url": "https:\/\/alceawis.com\/notice\/AwQzxLL0wcsx8ZDfii",
        "preview": "#CurrListeningAlceaRed Hot Chili "
    },
    {
        "date": "2025-07-23T12:44:24.359Z",
        "url": "https:\/\/alceawis.com\/notice\/AwQQWfKF1iAwufOy36",
        "preview": "#CurrListeningAlcea:baba_i: :baba"
    },
    {
        "date": "2025-07-22T21:50:57.730Z",
        "url": "https:\/\/alceawis.com\/notice\/AwP8nDw87P6yYduT4a",
        "preview": "𒐫tmux new-session -d -s backup '"
    },
    {
        "date": "2025-07-22T18:40:59.577Z",
        "url": "https:\/\/alceawis.com\/notice\/AwOrq59vVjgCz08l4i",
        "preview": "I totally forgot my #website had "
    },
    {
        "date": "2025-07-22T18:16:44.431Z",
        "url": "https:\/\/alceawis.com\/notice\/AwOpftXfeF4g9JGEym",
        "preview": "How #Akkoma got its name𒐫But fir"
    },
    {
        "date": "2025-07-22T18:07:59.161Z",
        "url": "https:\/\/alceawis.com\/notice\/AwOotRUybrzlH2tfii",
        "preview": "𒐫in the IRC we had a few people "
    },
    {
        "date": "2025-07-22T17:28:53.722Z",
        "url": "https:\/\/alceawis.com\/notice\/AwOlP9LlDodUR9Rxa4",
        "preview": "Different #fronten"
    },
    {
        "date": "2025-07-22T14:47:24.140Z",
        "url": "https:\/\/alceawis.com\/notice\/AwOWzMJppzM2Ozcz7w",
        "preview": ":baba_o: :baba_o: "
    },
    {
        "date": "2025-07-22T14:47:02.445Z",
        "url": "https:\/\/alceawis.com\/notice\/AwOWxMYlyFcmZPfAC8",
        "preview": ":baba_o: :baba_o: "
    },
    {
        "date": "2025-07-22T14:00:01.727Z",
        "url": "https:\/\/alceawis.com\/notice\/AwOSlEaofsoiMwTLVo",
        "preview": ":baba_o: :baba_o: "
    },
    {
        "date": "2025-07-22T13:58:48.213Z",
        "url": "https:\/\/alceawis.com\/notice\/AwOSeSIXJwdcqcgoi0",
        "preview": ":baba_o: :baba_o: "
    }
]