[
   {
        "date": "2025-08-30T23:00:39.214Z",
        "url": "https:\/\/alceawis.com\/notice\/Axi0ISjB63vjmNvYjg",
        "preview": "𒐫Finally Fin is gone",
        "mode": "html",
        "mediaType": "text\/html",
        "isReply": false,
        "replyTo": null,
        "replyLocalId": null,
        "mentionUsed": null,
        "visibility": "public"
    },
    {
        "date": "2025-08-30T23:00:39.214Z",
        "url": "https:\/\/alceawis.com\/notice\/Axi52zGspefDqi8JOa",
        "preview": "Thats what 1999 looks like.\n#Amazing.\n𒐫",
        "mode": "html",
        "mediaType": "text\/html",
        "isReply": false,
        "replyTo": null,
        "replyLocalId": null,
        "mentionUsed": null,
        "visibility": "public"
    },
    {
        "date": "2025-08-30T22:36:45.560Z",
        "url": "https:\/\/alceawis.com\/notice\/Axi2yH1jBqxrYpfWs4",
        "preview": "#CurrListeningAlcea\n48 Shizuka ni Wakiag",
        "mode": "html",
        "mediaType": "text\/html",
        "isReply": false,
        "replyTo": null,
        "replyLocalId": null,
        "mentionUsed": null,
        "visibility": "public"
    },
    {
        "date": "2025-08-30T22:35:56.409Z",
        "url": "https:\/\/alceawis.com\/notice\/Axi2qF7sNDynLgiPJY",
        "preview": "Thats a pretty amazing way to proceed a ",
        "mode": "html",
        "mediaType": "text\/html",
        "isReply": false,
        "replyTo": null,
        "replyLocalId": null,
        "mentionUsed": null,
        "visibility": "public"
    },
    {
        "date": "2025-08-30T21:50:43.062Z",
        "url": "https:\/\/alceawis.com\/notice\/Axhyt6nrNHaCaWSp6W",
        "preview": "The #season 2 opening #titlecard looks s",
        "mode": "html",
        "mediaType": "text\/html",
        "isReply": false,
        "replyTo": null,
        "replyLocalId": null,
        "mentionUsed": null,
        "visibility": "public"
    },
    {
        "date": "2025-08-30T21:41:30.918Z",
        "url": "https:\/\/alceawis.com\/notice\/Axhxz6F4H2kcdBU0q8",
        "preview": "𒐫I've replaces all spectators with #pol",
        "mode": "html",
        "mediaType": "text\/html",
        "isReply": false,
        "replyTo": null,
        "replyLocalId": null,
        "mentionUsed": null,
        "visibility": "public"
    },
    {
        "date": "2025-08-30T21:40:19.507Z",
        "url": "https:\/\/alceawis.com\/notice\/AxhxsW2twCamdIeXEO",
        "preview": "\n#Balloon !\nhttps:\/\/ibb.co\/gFcMjtbH\nhttp",
        "mode": "html",
        "mediaType": "text\/html",
        "isReply": false,
        "replyTo": null,
        "replyLocalId": null,
        "mentionUsed": null,
        "visibility": "public"
    },
    {
        "date": "2025-08-30T21:23:54.308Z",
        "url": "https:\/\/alceawis.com\/notice\/AxhwPeudnBxFmSStnc",
        "preview": "Yes.\nSometimes the #german dub is watcha",
        "mode": "html",
        "mediaType": "text\/html",
        "isReply": false,
        "replyTo": null,
        "replyLocalId": null,
        "mentionUsed": null,
        "visibility": "public"
    },
    {
        "date": "2025-08-30T20:58:29.961Z",
        "url": "https:\/\/alceawis.com\/notice\/Axhu95GwKotghbrdTM",
        "preview": "Haha :roflcrazylaugh: \n#ThatOnesPrettyGo",
        "mode": "html",
        "mediaType": "text\/html",
        "isReply": false,
        "replyTo": null,
        "replyLocalId": null,
        "mentionUsed": null,
        "visibility": "public"
    },
    {
        "date": "2025-08-30T20:31:14.690Z",
        "url": "https:\/\/alceawis.com\/notice\/AxhrlnvyQpe6MOpSam",
        "preview": "How #AI really \"#works\"\n\n:AC_Isabelle_La",
        "mode": "html",
        "mediaType": "text\/html",
        "isReply": false,
        "replyTo": null,
        "replyLocalId": null,
        "mentionUsed": null,
        "visibility": "public"
    },
    {
        "date": "2025-08-30T20:27:01.588Z",
        "url": "https:\/\/alceawis.com\/notice\/AxhrKwU4XF0t3hyARU",
        "preview": ":hacker_m: :hacker_e: :hacker_h: \n#repos",
        "mode": "html",
        "mediaType": "text\/html",
        "isReply": false,
        "replyTo": null,
        "replyLocalId": null,
        "mentionUsed": null,
        "visibility": "public"
    },
    {
        "date": "2025-08-30T19:46:27.894Z",
        "url": "https:\/\/alceawis.com\/notice\/AxhniVZbqAOQjKXbge",
        "preview": "💬https:\/\/mstdn.animexx.de\/@JaneraTician",
        "mode": "html",
        "mediaType": "text\/html",
        "isReply": true,
        "replyTo": "https:\/\/mstdn.animexx.de\/@JaneraTiciano\/115112039617276250",
        "replyLocalId": "AxhneqiHIjRp8TqpBQ",
        "mentionUsed": "@JaneraTiciano@animexx.de",
        "visibility": "public"
    },
    {
        "date": "2025-08-30T19:09:24.492Z",
        "url": "https:\/\/alceawis.com\/notice\/AxhkPT0Iryu5OeFumu",
        "preview": "I haven't done *anything* #productive to",
        "mode": "html",
        "mediaType": "text\/html",
        "isReply": false,
        "replyTo": null,
        "replyLocalId": null,
        "mentionUsed": null,
        "visibility": "public"
    },
    {
        "date": "2025-08-30T18:56:51.876Z",
        "url": "https:\/\/alceawis.com\/notice\/AxhjI3fcYqamqQU8e0",
        "preview": "I think my #post sender just had a littl",
        "mode": "html",
        "mediaType": "text\/html",
        "isReply": false,
        "replyTo": null,
        "replyLocalId": null,
        "mentionUsed": null,
        "visibility": "public"
    },
    {
        "date": "2025-08-30T18:53:05.068Z",
        "url": "https:\/\/alceawis.com\/notice\/Axhix8iGcL3QP2kRCS",
        "preview": "Wow :blobaww: \n..\n:squidwardbeautiful: !",
        "mode": "html",
        "mediaType": "text\/html",
        "isReply": false,
        "replyTo": null,
        "replyLocalId": null,
        "mentionUsed": null,
        "visibility": "public"
    },
    {
        "date": "2025-08-30T18:34:38.826Z",
        "url": "https:\/\/alceawis.com\/notice\/AxhhJ7UPeAlf4ScYyW",
        "preview": "It's 2025 and I *still* haven't found a ",
        "mode": "html",
        "mediaType": "text\/html",
        "isReply": false,
        "replyTo": null,
        "replyLocalId": null,
        "mentionUsed": null,
        "visibility": "public"
    },
    {
        "date": "2025-08-30T18:26:02.753Z",
        "url": "https:\/\/alceawis.com\/notice\/AxhgXWmSJQlfbrMntg",
        "preview": "𒐫How does it make so much #air ?\n- Ever",
        "mode": "html",
        "mediaType": "text\/html",
        "isReply": false,
        "replyTo": null,
        "replyLocalId": null,
        "mentionUsed": null,
        "visibility": "public"
    },
    {
        "date": "2025-08-30T12:22:15.671Z",
        "url": "https:\/\/alceawis.com\/notice\/AxhA4f6z3sOuW7A1aa",
        "preview": "#CurrListeningAlcea\nIt Is Fashionable - ",
        "mode": "html",
        "mediaType": "text\/html",
        "isReply": false,
        "replyTo": null,
        "replyLocalId": null,
        "mentionUsed": null,
        "visibility": "public"
    },
    {
        "date": "2025-08-30T05:50:54.674Z",
        "url": "https:\/\/alceawis.com\/notice\/Axgb9F93XFUb2FZxPk",
        "preview": "Tekitou - Pretty Cure「プリキュア」 https:\/\/m.y",
        "mode": "html",
        "mediaType": "text\/html",
        "isReply": false,
        "replyTo": null,
        "replyLocalId": null,
        "mentionUsed": null,
        "visibility": "public"
    },
    {
        "date": "2025-08-30T05:32:16.456Z",
        "url": "https:\/\/alceawis.com\/notice\/AxgZU7GPpiB0lTqYAy",
        "preview": "Tekitou - Kamikaze Kaitou Jeanne\nhttps:\/",
        "mode": "html",
        "mediaType": "text\/html",
        "isReply": false,
        "replyTo": null,
        "replyLocalId": null,
        "mentionUsed": null,
        "visibility": "public"
    },
    {
        "date": "2025-08-30T04:55:25.076Z",
        "url": "https:\/\/alceawis.com\/notice\/AxgWQjooFInVJrdDaS",
        "preview": "I never noticed this #joke tbh..\n(26 yea",
        "mode": "html",
        "mediaType": "text\/html",
        "isReply": false,
        "replyTo": null,
        "replyLocalId": null,
        "mentionUsed": null,
        "visibility": "public"
    },
    {
        "date": "2025-08-30T02:53:14.136Z",
        "url": "https:\/\/alceawis.com\/notice\/AxgLD0PsdhnJFNDjai",
        "preview": "Current #Mood *<a target=\"_blank\" href=\"",
        "mode": "html",
        "mediaType": "text\/html",
        "isReply": false,
        "replyTo": null,
        "replyLocalId": null,
        "mentionUsed": null,
        "visibility": "public"
    },
    {
        "date": "2025-08-30T02:39:24.267Z",
        "url": "https:\/\/alceawis.com\/notice\/AxgK3bdHJf47owRQLw",
        "preview": "#Baked #Shadows in a #vroid :AxelHype: \n",
        "mode": "html",
        "mediaType": "text\/html",
        "isReply": false,
        "replyTo": null,
        "replyLocalId": null,
        "mentionUsed": null,
        "visibility": "public"
    },
    {
        "date": "2025-08-30T02:28:02.787Z",
        "url": "https:\/\/alceawis.com\/notice\/AxgJ6FZThDQyJUMQW8",
        "preview": "𒐫RAFAEL: You're going to release a #vio",
        "mode": "html",
        "mediaType": "text\/html",
        "isReply": false,
        "replyTo": null,
        "replyLocalId": null,
        "mentionUsed": null,
        "visibility": "public"
    },
    {
        "date": "2025-08-29T21:18:37.414Z",
        "url": "https:\/\/alceawis.com\/notice\/AxfrQfSgLfBLgb85ce",
        "preview": "#CurrListeningAlcea\n#Miracle - Letoublon",
        "mode": "html",
        "mediaType": "text\/html",
        "isReply": false,
        "replyTo": null,
        "replyLocalId": null,
        "mentionUsed": null,
        "visibility": "public"
    },
    {
        "date": "2025-08-29T20:43:31.834Z",
        "url": "https:\/\/alceawis.com\/notice\/AxfoIUOrI9lDCRkXjM",
        "preview": "Well Well Well #Bluesky what do my tired",
        "mode": "html",
        "mediaType": "text\/html",
        "isReply": false,
        "replyTo": null,
        "replyLocalId": null,
        "mentionUsed": null,
        "visibility": "public"
    },
    {
        "date": "2025-08-29T05:24:27.440Z",
        "url": "https:\/\/alceawis.com\/notice\/AxeUH7CrqXaMjgFSts",
        "preview": "💬https:\/\/alceawis.com\/notice\/AxeUB3p9Ve",
        "mode": "html",
        "mediaType": "text\/html",
        "isReply": true,
        "replyTo": "https:\/\/alceawis.com\/notice\/AxeUB3p9VenUVXGjNA",
        "replyLocalId": "AxeUB3p9VenUVXGjNA",
        "mentionUsed": "@alcea@alceawis.com",
        "visibility": "public"
    },
    {
        "date": "2025-08-29T05:23:21.782Z",
        "url": "https:\/\/alceawis.com\/notice\/AxeUB3p9VenUVXGjNA",
        "preview": "#CurrListeningAlcea\n#BadApple !!\n\n https",
        "mode": "html",
        "mediaType": "text\/html",
        "isReply": false,
        "replyTo": null,
        "replyLocalId": null,
        "mentionUsed": null,
        "visibility": "public"
    },
    {
        "date": "2025-08-29T00:38:40.770Z",
        "url": "https:\/\/alceawis.com\/notice\/Axe4lrKCLYz9eFg0Ey",
        "preview": "💬https:\/\/alceawis.com\/notice\/Axe4TJQTdu",
        "mode": "html",
        "mediaType": "text\/html",
        "isReply": true,
        "replyTo": "https:\/\/alceawis.com\/notice\/Axe4TJQTduhLIhlmMq",
        "replyLocalId": "Axe4TJQTduhLIhlmMq",
        "mentionUsed": "@alcea@alceawis.com",
        "visibility": "public"
    },
    {
        "date": "2025-08-29T00:35:19.668Z",
        "url": "https:\/\/alceawis.com\/notice\/Axe4TJQTduhLIhlmMq",
        "preview": "Seeing as how some have cool user handle",
        "mode": "html",
        "mediaType": "text\/html",
        "isReply": false,
        "replyTo": null,
        "replyLocalId": null,
        "mentionUsed": null,
        "visibility": "public"
    },
    {
        "date": "2025-08-28T10:00:19.844Z",
        "url": "https:\/\/alceawis.com\/notice\/AxcoSruy7nWXYpq2tM",
        "preview": "Looks like <a target=\"_blank\" href=\"http",
        "mode": "html",
        "mediaType": "text\/html",
        "isReply": false,
        "replyTo": null,
        "replyLocalId": null,
        "mentionUsed": null,
        "visibility": "public"
    },
    {
        "date": "2025-08-27T23:58:08.313Z",
        "url": "https:\/\/alceawis.com\/notice\/AxbwdmleDdIpFREe5A",
        "preview": "Epic #Bike #lock s ?\nhttps:\/\/m.youtube.c",
        "mode": "html",
        "mediaType": "text\/html",
        "isReply": false,
        "replyTo": null,
        "replyLocalId": null,
        "mentionUsed": null,
        "visibility": "public"
    },
    {
        "date": "2025-08-27T10:40:48.215Z",
        "url": "https:\/\/alceawis.com\/notice\/AxanTgEiYML3LnylUm",
        "preview": "💬https:\/\/alceawis.com\/notice\/AxamtbDdjL",
        "mode": "html",
        "mediaType": "text\/html",
        "isReply": true,
        "replyTo": "https:\/\/alceawis.com\/notice\/AxamtbDdjLI3MfGok4",
        "replyLocalId": "AxamtbDdjLI3MfGok4",
        "mentionUsed": "@alcea@alceawis.com",
        "visibility": "public"
    },
    {
        "date": "2025-08-27T10:34:16.983Z",
        "url": "https:\/\/alceawis.com\/notice\/AxamtbDdjLI3MfGok4",
        "preview": "#CurrListeningAlcea\nMega Man Battle Netw",
        "mode": "html",
        "mediaType": "text\/html",
        "isReply": false,
        "replyTo": null,
        "replyLocalId": null,
        "mentionUsed": null,
        "visibility": "public"
    },
    {
        "date": "2025-08-27T08:31:46.106Z",
        "url": "https:\/\/mas.to\/@alcea\/115099795711774085",
        "preview": ":RedCrystalHeart: :RedCrystalHeart: \n#re",
        "mode": "plain",
        "mediaType": "text\/plain",
        "isReply": false,
        "replyTo": null,
        "replyLocalId": null,
        "mentionUsed": null,
        "visibility": "public"
    },
    {
        "date": "2025-08-26T10:31:23.450Z",
        "url": "https:\/\/alceawis.com\/notice\/AxYi7qCzuLb7oz1OzI",
        "preview": ":ExcitedDanceLuckyStar: \n#repost •acws #",
        "mode": "html",
        "mediaType": "text\/html",
        "isReply": false,
        "replyTo": null,
        "replyLocalId": null,
        "mentionUsed": null,
        "visibility": "public"
    },
    {
        "date": "2025-08-26T10:12:20.323Z",
        "url": "https:\/\/alceawis.com\/notice\/AxYgQPVlBzR2cAWaAa",
        "preview": "𒐫A drop in the ocean a crack in the #sk",
        "mode": "html",
        "mediaType": "text\/html",
        "isReply": false,
        "replyTo": null,
        "replyLocalId": null,
        "mentionUsed": null,
        "visibility": "public"
    },
    {
        "date": "2025-08-26T09:38:10.366Z",
        "url": "https:\/\/alceawis.com\/notice\/AxYdNNhv8vLMHy4nyq",
        "preview": "Lil <a target=\"_blank\" href=\"https:\/\/hub",
        "mode": "html",
        "mediaType": "text\/html",
        "isReply": false,
        "replyTo": null,
        "replyLocalId": null,
        "mentionUsed": null,
        "visibility": "public"
    },
    {
        "date": "2025-08-26T09:31:50.615Z",
        "url": "https:\/\/alceawis.com\/notice\/AxYcoMgmw9T2zlqkIy",
        "preview": "💬https&#58;\/\/mk.absturztau.be\/@enigmati",
        "mode": "html",
        "mediaType": "text\/html",
        "isReply": true,
        "replyTo": "https:\/\/mk.absturztau.be\/@enigmatico",
        "replyLocalId": null,
        "mentionUsed": "@enigmatico@mk.absturztau.be",
        "visibility": "public"
    },
    {
        "date": "2025-08-26T01:45:49.919Z",
        "url": "https:\/\/alceawis.com\/notice\/AxXxDq2mjmhVCbbQi8",
        "preview": "Felt like decluttering the overloades #N",
        "mode": "html",
        "mediaType": "text\/html",
        "isReply": false,
        "replyTo": null,
        "replyLocalId": null,
        "mentionUsed": null,
        "visibility": "public"
    },
    {
        "date": "2025-08-25T10:36:18.451Z",
        "url": "https:\/\/alceawis.com\/notice\/AxWe3I0GLv30Raiep6",
        "preview": "𒐫Japan’s national library says it won’t",
        "mode": "html",
        "mediaType": "text\/html",
        "isReply": false,
        "replyTo": null,
        "replyLocalId": null,
        "mentionUsed": null,
        "visibility": "public"
    },
    {
        "date": "2025-08-25T09:40:59.606Z",
        "url": "https:\/\/alceawis.com\/notice\/AxWZ7DwEuMcdDytV1U",
        "preview": "Felt like making a #follow list creator\n",
        "mode": "html",
        "mediaType": "text\/html",
        "isReply": false,
        "replyTo": null,
        "replyLocalId": null,
        "mentionUsed": null,
        "visibility": "public"
    },
    {
        "date": "2025-08-25T08:50:16.041Z",
        "url": "https:\/\/alceawis.com\/notice\/AxWUaYZukUOVrhcSrQ",
        "preview": "💬https:\/\/alceawis.com\/notice\/AxWTMStcyg",
        "mode": "html",
        "mediaType": "text\/html",
        "isReply": true,
        "replyTo": "https:\/\/alceawis.com\/notice\/AxWTMStcygoIEaYaZ6",
        "replyLocalId": "AxWTMStcygoIEaYaZ6",
        "mentionUsed": "@alcea@alceawis.com",
        "visibility": "public"
    },
    {
        "date": "2025-08-25T08:36:30.915Z",
        "url": "https:\/\/alceawis.com\/notice\/AxWTMStcygoIEaYaZ6",
        "preview": "Thank goodness all my 3d #projects are d",
        "mode": "html",
        "mediaType": "text\/html",
        "isReply": false,
        "replyTo": null,
        "replyLocalId": null,
        "mentionUsed": null,
        "visibility": "public"
    },
    {
        "date": "2025-08-25T07:53:32.561Z",
        "url": "https:\/\/mstdn.animexx.de\/@alcea\/115088320909760311",
        "preview": "#CurrListeningAlcea\nWas weiß ich schon -",
        "mode": "plain",
        "mediaType": "text\/plain",
        "isReply": false,
        "replyTo": null,
        "replyLocalId": null,
        "mentionUsed": null,
        "visibility": "public"
    },
    {
        "date": "2025-08-25T06:56:30.694Z",
        "url": "https:\/\/alceawis.com\/notice\/AxWKR7XQulRBr1JwSu",
        "preview": "I've gotten so #used to using\n:HTMLMode:",
        "mode": "html",
        "mediaType": "text\/html",
        "isReply": false,
        "replyTo": null,
        "replyLocalId": null,
        "mentionUsed": null,
        "visibility": "public"
    },
    {
        "date": "2025-08-25T06:43:41.371Z",
        "url": "https:\/\/alceawis.com\/notice\/AxWJIAZ6BvxegJGepM",
        "preview": "The #difference between #programming and",
        "mode": "html",
        "mediaType": "text\/html",
        "isReply": false,
        "replyTo": null,
        "replyLocalId": null,
        "mentionUsed": null,
        "visibility": "public"
    },
    {
        "date": "2025-08-25T06:20:24.927Z",
        "url": "https:\/\/alceawis.com\/notice\/AxWHDO7k9Y7tNR44jQ",
        "preview": "Hmmm\n<hr>\nhttps:\/\/alceawis.com\/objects\/0",
        "mode": "html",
        "mediaType": "text\/html",
        "isReply": false,
        "replyTo": null,
        "replyLocalId": null,
        "mentionUsed": null,
        "visibility": "public"
    },
    {
        "date": "2025-08-25T06:04:47.992Z",
        "url": "https:\/\/alceawis.com\/notice\/AxWFozygB0QzaJdD0K",
        "preview": "Talking about #wayback #archive\n\nI kinda",
        "mode": "html",
        "mediaType": "text\/html",
        "isReply": false,
        "replyTo": null,
        "replyLocalId": null,
        "mentionUsed": null,
        "visibility": "public"
    },
    {
        "date": "2025-08-25T06:02:21.735Z",
        "url": "https:\/\/alceawis.com\/notice\/AxWG71vTfgAYq8jREO",
        "preview": "💬https:\/\/mastodon.archive.org\/@mousey@s",
        "mode": "html",
        "mediaType": "text\/html",
        "isReply": true,
        "replyTo": "https:\/\/mastodon.archive.org\/@mousey@seattlematrix.org\/115034340178729682",
        "replyLocalId": "AxWFbF1hQf0qCfU4mm",
        "mentionUsed": "@mousey@mastodon.seattlematrix.org",
        "visibility": "unlisted"
    },
    {
        "date": "2025-08-25T05:57:57.019Z",
        "url": "https:\/\/alceawis.com\/notice\/AxWFD5UdDq4PgbV1uK",
        "preview": "𒐫\"updated\": \"1970-01-01T00:00:00Z\"𒐫\n\nW",
        "mode": "html",
        "mediaType": "text\/html",
        "isReply": false,
        "replyTo": null,
        "replyLocalId": null,
        "mentionUsed": null,
        "visibility": "public"
    },
    {
        "date": "2025-08-25T05:55:23.417Z",
        "url": "https:\/\/alceawis.com\/notice\/AxWEyvhiouqhGws5Pk",
        "preview": "💬https:\/\/mastodon.archive.org\/@internet",
        "mode": "html",
        "mediaType": "text\/html",
        "isReply": true,
        "replyTo": "https:\/\/mastodon.archive.org\/@internetarchive",
        "replyLocalId": null,
        "mentionUsed": "@internetarchive@mastodon.archive.org",
        "visibility": "public"
    },
    {
        "date": "2025-08-25T05:48:30.916Z",
        "url": "https:\/\/alceawis.com\/notice\/AxWEMtPmspQ9AULT5U",
        "preview": "💬https:\/\/alceawis.com\/notice\/AxWEDKzlUA",
        "mode": "html",
        "mediaType": "text\/html",
        "isReply": true,
        "replyTo": "https:\/\/alceawis.com\/notice\/AxWEDKzlUAqhoLcKKu",
        "replyLocalId": "AxWEDKzlUAqhoLcKKu",
        "mentionUsed": "@alcea@alceawis.com",
        "visibility": "public"
    },
    {
        "date": "2025-08-25T05:46:47.373Z",
        "url": "https:\/\/alceawis.com\/notice\/AxWEDKzlUAqhoLcKKu",
        "preview": "Case: \n@ao@yusaao.com\nThis is why I use ",
        "mode": "html",
        "mediaType": "text\/html",
        "isReply": false,
        "replyTo": null,
        "replyLocalId": null,
        "mentionUsed": null,
        "visibility": "public"
    },
    {
        "date": "2025-08-25T05:40:12.472Z",
        "url": "https:\/\/alceawis.com\/notice\/AxWDcvI7ZhrtfOq6SW",
        "preview": "~Harmonica ED ~\nhttps:\/\/www.youtube.com\/",
        "mode": "html",
        "mediaType": "text\/html",
        "isReply": false,
        "replyTo": null,
        "replyLocalId": null,
        "mentionUsed": null,
        "visibility": "public"
    },
    {
        "date": "2025-08-24T18:59:44.108Z",
        "url": "https:\/\/mas.to\/@alcea\/115085278188483453",
        "preview": "Thats a new #low for #youtube\n\nNot that ",
        "mode": "html",
        "mediaType": "text\/html",
        "isReply": false,
        "replyTo": null,
        "replyLocalId": null,
        "mentionUsed": null,
        "visibility": "public"
    },
    {
        "date": "2025-08-24T18:28:39.402Z",
        "url": "https:\/\/alceawis.com\/notice\/AxVFh3hsEaKJfv1bHc",
        "preview": "Well lets see\nhttps:\/\/timawesomeness.com",
        "mode": "html",
        "mediaType": "text\/html",
        "isReply": false,
        "replyTo": null,
        "replyLocalId": null,
        "mentionUsed": null,
        "visibility": "public"
    },
    {
        "date": "2025-08-24T18:15:28.716Z",
        "url": "https:\/\/alceawis.com\/notice\/AxVEW8brZ4Dfk4RSk4",
        "preview": "💬https:\/\/alceawis.com\/notice\/AxVEAsengH",
        "mode": "html",
        "mediaType": "text\/html",
        "isReply": true,
        "replyTo": "https:\/\/alceawis.com\/notice\/AxVEAsengHR8BVgCKu",
        "replyLocalId": "AxVEAsengHR8BVgCKu",
        "mentionUsed": "@alcea@alceawis.com",
        "visibility": "public"
    },
    {
        "date": "2025-08-24T18:08:00.532Z",
        "url": "https:\/\/alceawis.com\/notice\/AxVDxF5pT4NXiLoq0m",
        "preview": "💬https:\/\/akkofe.jeder.pl\/notice\/abtjdi9",
        "mode": "html",
        "mediaType": "text\/html",
        "isReply": true,
        "replyTo": "https:\/\/akkofe.jeder.pl\/notice\/abtjdi9x0dkyg6q2",
        "replyLocalId": null,
        "mentionUsed": "@jeder@akkofe.jeder.pl",
        "visibility": "public"
    },
    {
        "date": "2025-08-24T17:33:25.809Z",
        "url": "https:\/\/alceawis.com\/notice\/AxVAlTXrbqwDCQd5Jg",
        "preview": "Just saw someone asking someoneelse for ",
        "mode": "html",
        "mediaType": "text\/html",
        "isReply": false,
        "replyTo": null,
        "replyLocalId": null,
        "mentionUsed": null,
        "visibility": "public"
    },
    {
        "date": "2025-08-24T17:01:15.955Z",
        "url": "https:\/\/alceawis.com\/notice\/AxV7tVKCZpnfAnNN7Q",
        "preview": "#CurrListeningAlcea\nYu-Gi-Oh! Go Rush!! ",
        "mode": "html",
        "mediaType": "text\/html",
        "isReply": false,
        "replyTo": null,
        "replyLocalId": null,
        "mentionUsed": null,
        "visibility": "public"
    },
    {
        "date": "2025-08-24T16:55:07.371Z",
        "url": "https:\/\/mas.to\/@alcea\/115084788192886206",
        "preview": "#CurrListeningAlcea\nI LOVE YOU - lasah\nh",
        "mode": "html",
        "mediaType": "text\/html",
        "isReply": false,
        "replyTo": null,
        "replyLocalId": null,
        "mentionUsed": null,
        "visibility": "public"
    },
    {
        "date": "2025-08-24T16:51:57.867Z",
        "url": "https:\/\/alceawis.com\/notice\/AxV742Imivd8OLAgO8",
        "preview": "As the #Fediverse accounts which seeming",
        "mode": "html",
        "mediaType": "text\/html",
        "isReply": false,
        "replyTo": null,
        "replyLocalId": null,
        "mentionUsed": null,
        "visibility": "public"
    },
    {
        "date": "2025-08-24T15:35:34.577Z",
        "url": "https:\/\/alceawis.com\/notice\/AxV0FMJjwpFPyU4PZY",
        "preview": "💬https:\/\/woof.tech\/@meluzzy\/11508426405",
        "mode": "html",
        "mediaType": "text\/html",
        "isReply": true,
        "replyTo": "https:\/\/woof.tech\/@meluzzy\/115084264055311108",
        "replyLocalId": "AxV0FAKiVMtmo2R1Qe",
        "mentionUsed": "@meluzzy@woof.tech",
        "visibility": "public"
    },
    {
        "date": "2025-08-24T15:24:01.810Z",
        "url": "https:\/\/alceawis.com\/notice\/AxUzDSq0dMuPfEhEo4",
        "preview": "If I had 1¢ for each person I talked to ",
        "mode": "html",
        "mediaType": "text\/html",
        "isReply": false,
        "replyTo": null,
        "replyLocalId": null,
        "mentionUsed": null,
        "visibility": "public"
    },
    {
        "date": "2025-08-24T15:14:49.377Z",
        "url": "https:\/\/alceawis.com\/notice\/AxUyOWWfA90OKjMCDA",
        "preview": "Maybe I should add a \n<hr>\n\"<a target=\"_",
        "mode": "html",
        "mediaType": "text\/html",
        "isReply": false,
        "replyTo": null,
        "replyLocalId": null,
        "mentionUsed": null,
        "visibility": "public"
    },
    {
        "date": "2025-08-24T15:05:19.486Z",
        "url": "https:\/\/alceawis.com\/notice\/AxUxXyM2xufPILKiLA",
        "preview": "Something I'd always wanted:\nA quick way",
        "mode": "html",
        "mediaType": "text\/html",
        "isReply": false,
        "replyTo": null,
        "replyLocalId": null,
        "mentionUsed": null,
        "visibility": "public"
    },
    {
        "date": "2025-08-24T14:21:49.003Z",
        "url": "https:\/\/alceawis.com\/notice\/AxUtfEji3cpKJPbqyW",
        "preview": "💬https:\/\/mas.to\/@alcea\/1150841683180883",
        "mode": "html",
        "mediaType": "text\/html",
        "isReply": true,
        "replyTo": "https:\/\/mas.to\/@alcea\/115084168318088308",
        "replyLocalId": "AxUtHI8rk9aXvOxTW4",
        "mentionUsed": "@alcea@mas.to",
        "visibility": "public"
    },
    {
        "date": "2025-08-24T14:17:28.862Z",
        "url": "https:\/\/mas.to\/@alcea\/115084168318088308",
        "preview": "𒐫Download\n23 \nMbit\/s\n\nUpload\n\n19,3 \nMbi",
        "mode": "plain",
        "mediaType": "text\/plain",
        "isReply": false,
        "replyTo": null,
        "replyLocalId": null,
        "mentionUsed": null,
        "visibility": "public"
    },
    {
        "date": "2025-08-24T13:46:42.317Z",
        "url": "https:\/\/alceawis.com\/notice\/AxUqEhoNY41Eo3S1KK",
        "preview": "Her #conceptart looked even ",
        "mode": "html",
        "mediaType": "text\/html",
        "isReply": false,
        "replyTo": null,
        "replyLocalId": null,
        "mentionUsed": null,
        "visibility": "public"
    },
    {
        "date": "2025-08-24T10:16:47.711Z",
        "url": "https:\/\/alceawis.com\/notice\/AxUXnI6zC47K6cvs3M",
        "preview": "So... If you <a target=\"_blank\" href=\"ht",
        "mode": "html",
        "mediaType": "text\/html",
        "isReply": false,
        "replyTo": null,
        "replyLocalId": null,
        "mentionUsed": null,
        "visibility": "public"
    },
    {
        "date": "2025-08-24T08:22:28.613Z",
        "url": "https:\/\/alceawis.com\/notice\/AxUNakF8I7z6317bvc",
        "preview": "💬https:\/\/alceawis.com\/notice\/AxUD1VBFIr",
        "mode": "html",
        "mediaType": "text\/html",
        "isReply": true,
        "replyTo": "https:\/\/alceawis.com\/notice\/AxUD1VBFIrD9edrNCq",
        "replyLocalId": "AxUD1VBFIrD9edrNCq",
        "mentionUsed": "@alcea@alceawis.com",
        "visibility": "public"
    },
    {
        "date": "2025-08-24T06:24:03.305Z",
        "url": "https:\/\/alceawis.com\/notice\/AxUD1VBFIrD9edrNCq",
        "preview": "When your #mascot has .. \n\n:AnubisPensiv",
        "mode": "html",
        "mediaType": "text\/html",
        "isReply": false,
        "replyTo": null,
        "replyLocalId": null,
        "mentionUsed": null,
        "visibility": "public"
    },
    {
        "date": "2025-08-24T05:12:03.206Z",
        "url": "https:\/\/alceawis.com\/notice\/AxU6b62JZAAIPwhxQW",
        "preview": "#tvcharts \n\nAnd ofc only popular shows a",
        "mode": "html",
        "mediaType": "text\/html",
        "isReply": false,
        "replyTo": null,
        "replyLocalId": null,
        "mentionUsed": null,
        "visibility": "public"
    },
    {
        "date": "2025-08-23T17:42:49.200Z",
        "url": "https:\/\/alceawis.com\/notice\/AxT7DXj8rn269374Iy",
        "preview": "<blockquote>\nLet's go find you a house !",
        "mode": "html",
        "mediaType": "text\/html",
        "isReply": false,
        "replyTo": null,
        "replyLocalId": null,
        "mentionUsed": null,
        "visibility": "public"
    },
    {
        "date": "2025-08-23T17:27:30.597Z",
        "url": "https:\/\/alceawis.com\/notice\/AxT5ikDKI6FdwOyvUu",
        "preview": "#DrawingWiffWaffles posting ???\n\nhttps:\/",
        "mode": "html",
        "mediaType": "text\/html",
        "isReply": false,
        "replyTo": null,
        "replyLocalId": null,
        "mentionUsed": null,
        "visibility": "public"
    },
    {
        "date": "2025-08-23T17:16:47.008Z",
        "url": "https:\/\/alceawis.com\/notice\/AxT4lOiyXqyaCtUEuu",
        "preview": "💬https:\/\/alceawis.com\/notice\/AxT4TBACE3",
        "mode": "html",
        "mediaType": "text\/html",
        "isReply": true,
        "replyTo": "https:\/\/alceawis.com\/notice\/AxT4TBACE3K8w5X1Si",
        "replyLocalId": "AxT4TBACE3K8w5X1Si",
        "mentionUsed": "@alcea@alceawis.com",
        "visibility": "public"
    },
    {
        "date": "2025-08-23T17:13:29.467Z",
        "url": "https:\/\/alceawis.com\/notice\/AxT4TBACE3K8w5X1Si",
        "preview": "#CurrListeningAlcea\nNicht Ich - #Madelin",
        "mode": "html",
        "mediaType": "text\/html",
        "isReply": false,
        "replyTo": null,
        "replyLocalId": null,
        "mentionUsed": null,
        "visibility": "public"
    },
    {
        "date": "2025-08-23T17:02:43.323Z",
        "url": "https:\/\/alceawis.com\/notice\/AxT3Vaqza53JEo8Wfo",
        "preview": "💬https:\/\/alceawis.com\/notice\/AxT2vXux1J",
        "mode": "html",
        "mediaType": "text\/html",
        "isReply": true,
        "replyTo": "https:\/\/alceawis.com\/notice\/AxT2vXux1JDlhrnd32",
        "replyLocalId": "AxT2vXux1JDlhrnd32",
        "mentionUsed": "@alcea@alceawis.com",
        "visibility": "public"
    },
    {
        "date": "2025-08-23T17:00:30.305Z",
        "url": "https:\/\/alceawis.com\/notice\/AxT3JJ5rmqBQgHEe48",
        "preview": "If you change your #fediverse #account #",
        "mode": "html",
        "mediaType": "text\/html",
        "isReply": false,
        "replyTo": null,
        "replyLocalId": null,
        "mentionUsed": null,
        "visibility": "public"
    },
    {
        "date": "2025-08-23T16:56:12.738Z",
        "url": "https:\/\/alceawis.com\/notice\/AxT2vXux1JDlhrnd32",
        "preview": "#tplink #security\n𒐫\n[PSA] Newer TP-Link",
        "mode": "html",
        "mediaType": "text\/html",
        "isReply": false,
        "replyTo": null,
        "replyLocalId": null,
        "mentionUsed": null,
        "visibility": "public"
    },
    {
        "date": "2025-08-23T16:37:58.397Z",
        "url": "https:\/\/alceawis.com\/notice\/AxT1J5edYNbR5kGexM",
        "preview": "𒐫\nI didn’t choose grep. grep chose me\nL",
        "mode": "html",
        "mediaType": "text\/html",
        "isReply": false,
        "replyTo": null,
        "replyLocalId": null,
        "mentionUsed": null,
        "visibility": "public"
    },
    {
        "date": "2025-08-23T13:04:33.421Z",
        "url": "https:\/\/alceawis.com\/notice\/AxSiFmag4suny67osy",
        "preview": "𒐫3) Exhausting system memory before \/cg",
        "mode": "html",
        "mediaType": "text\/html",
        "isReply": false,
        "replyTo": null,
        "replyLocalId": null,
        "mentionUsed": null,
        "visibility": "public"
    },
    {
        "date": "2025-08-23T12:49:39.141Z",
        "url": "https:\/\/alceawis.com\/notice\/AxSgvJf9oxRYVLthVQ",
        "preview": "💬https:\/\/alceawis.com\/notice\/AxSVwDJRoi",
        "mode": "html",
        "mediaType": "text\/html",
        "isReply": true,
        "replyTo": "https:\/\/alceawis.com\/notice\/AxSVwDJRoiwHbUy5x2",
        "replyLocalId": "AxSVwDJRoiwHbUy5x2",
        "mentionUsed": "@alcea@alceawis.com",
        "visibility": "public"
    },
    {
        "date": "2025-08-23T12:27:29.558Z",
        "url": "https:\/\/alceawis.com\/notice\/AxSewhnpM5P3kpUHb6",
        "preview": "Hmm\n#repost •acws #acws",
        "mode": "html",
        "mediaType": "text\/html",
        "isReply": false,
        "replyTo": null,
        "replyLocalId": null,
        "mentionUsed": null,
        "visibility": "public"
    },
    {
        "date": "2025-08-23T10:46:33.476Z",
        "url": "https:\/\/alceawis.com\/notice\/AxSVwDJRoiwHbUy5x2",
        "preview": "💬https:\/\/alceawis.com\/notice\/AxSS6DyhnY",
        "mode": "html",
        "mediaType": "text\/html",
        "isReply": true,
        "replyTo": "https:\/\/alceawis.com\/notice\/AxSS6DyhnYBUkMmgc4",
        "replyLocalId": "AxSS6DyhnYBUkMmgc4",
        "mentionUsed": "@alcea@alceawis.com",
        "visibility": "public"
    },
    {
        "date": "2025-08-23T10:03:32.878Z",
        "url": "https:\/\/alceawis.com\/notice\/AxSS6DyhnYBUkMmgc4",
        "preview": "It's a good #saturday for trying to hack",
        "mode": "html",
        "mediaType": "text\/html",
        "isReply": false,
        "replyTo": null,
        "replyLocalId": null,
        "mentionUsed": null,
        "visibility": "public"
    },
    {
        "date": "2025-08-23T02:07:43.788Z",
        "url": "https:\/\/alceawis.com\/notice\/AxRldRrKuggxKFvvqS",
        "preview": "Great.\n#Google decided my \"#Youtube acco",
        "mode": "html",
        "mediaType": "text\/html",
        "isReply": false,
        "replyTo": null,
        "replyLocalId": null,
        "mentionUsed": null,
        "visibility": "public"
    },
    {
        "date": "2025-08-22T20:23:22.837Z",
        "url": "https:\/\/alceawis.com\/notice\/AxRGu6pjF926SVe796",
        "preview": ":KkjMaronWink:\n\n#repost •acws #acws",
        "mode": "html",
        "mediaType": "text\/html",
        "isReply": false,
        "replyTo": null,
        "replyLocalId": null,
        "mentionUsed": null,
        "visibility": "public"
    },
    {
        "date": "2025-08-22T19:47:24.939Z",
        "url": "https:\/\/alceawis.com\/notice\/AxRDh664N1UCY1OR28",
        "preview": "Mhmm :RedCrystalHeart: \n\n#KamikazeKaitou",
        "mode": "html",
        "mediaType": "text\/html",
        "isReply": false,
        "replyTo": null,
        "replyLocalId": null,
        "mentionUsed": null,
        "visibility": "public"
    },
    {
        "date": "2025-08-22T19:38:58.711Z",
        "url": "https:\/\/alceawis.com\/notice\/AxRCwPw4nBvcSySafY",
        "preview": "A #music #map ?\nhttps:\/\/music-map-main.v",
        "mode": "html",
        "mediaType": "text\/html",
        "isReply": false,
        "replyTo": null,
        "replyLocalId": null,
        "mentionUsed": null,
        "visibility": "public"
    },
    {
        "date": "2025-08-22T19:37:15.443Z",
        "url": "https:\/\/alceawis.com\/notice\/AxRCmpqta4q7wtT47s",
        "preview": "𒐫I'm full stack web developer in a larg",
        "mode": "html",
        "mediaType": "text\/html",
        "isReply": false,
        "replyTo": null,
        "replyLocalId": null,
        "mentionUsed": null,
        "visibility": "public"
    },
    {
        "date": "2025-08-22T18:51:10.641Z",
        "url": "https:\/\/alceawis.com\/notice\/AxR8fv39SSaaE2eBRg",
        "preview": "💬https:\/\/alceawis.com\/notice\/AxR6zUsgGN",
        "mode": "html",
        "mediaType": "text\/html",
        "isReply": true,
        "replyTo": "https:\/\/alceawis.com\/notice\/AxR6zUsgGNTYwnxPJA",
        "replyLocalId": "AxR6zUsgGNTYwnxPJA",
        "mentionUsed": "@alcea@alceawis.com",
        "visibility": "public"
    },
    {
        "date": "2025-08-22T18:32:18.470Z",
        "url": "https:\/\/alceawis.com\/notice\/AxR6zUsgGNTYwnxPJA",
        "preview": "When Maggy uploads a anti #LLM video you",
        "mode": "html",
        "mediaType": "text\/html",
        "isReply": false,
        "replyTo": null,
        "replyLocalId": null,
        "mentionUsed": null,
        "visibility": "public"
    },
    {
        "date": "2025-08-22T16:59:08.989Z",
        "url": "https:\/\/alceawis.com\/notice\/AxQyg3NXUbH8W0bnWa",
        "preview": "Sweet.\n<a target=\"_blank\" href=\"https:\/\/",
        "mode": "html",
        "mediaType": "text\/html",
        "isReply": false,
        "replyTo": null,
        "replyLocalId": null,
        "mentionUsed": null,
        "visibility": "public"
    },
    {
        "date": "2025-08-21T17:17:28.612Z",
        "url": "https:\/\/alceawis.com\/notice\/AxOwXQzZjy5Gv8F5EW",
        "preview": "Turns out asking #deepseek was a good id",
        "mode": "html",
        "mediaType": "text\/html",
        "isReply": false,
        "replyTo": null,
        "replyLocalId": null,
        "mentionUsed": null,
        "visibility": "public"
    },
    {
        "date": "2025-08-21T08:09:43.048Z",
        "url": "https:\/\/alceawis.com\/notice\/AxO8uknJHraHHvQnp2",
        "preview": ":ablobcatbongo: \n#repost •acws #acws",
        "mode": "html",
        "mediaType": "text\/html",
        "isReply": false,
        "replyTo": null,
        "replyLocalId": null,
        "mentionUsed": null,
        "visibility": "public"
    },
    {
        "date": "2025-08-21T08:07:38.283Z",
        "url": "https:\/\/alceawis.com\/notice\/AxO8jFO9iEoKhRB97o",
        "preview": "💬https:\/\/jauntygoat.net\/@zog\/1150647835",
        "mode": "html",
        "mediaType": "text\/html",
        "isReply": true,
        "replyTo": "https:\/\/jauntygoat.net\/@zog\/115064783594704034",
        "replyLocalId": "AxNnJimPiRptHwVpMO",
        "mentionUsed": "@zog@jauntygoat.net",
        "visibility": "unlisted"
    },
    {
        "date": "2025-08-20T19:42:24.116Z",
        "url": "https:\/\/alceawis.com\/notice\/AxN4DY0MMujMCAiXmS",
        "preview": "\nThis video is so funny \nhttps:\/\/m.youtu",
        "mode": "html",
        "mediaType": "text\/html",
        "isReply": false,
        "replyTo": null,
        "replyLocalId": null,
        "mentionUsed": null,
        "visibility": "public"
    },
    {
        "date": "2025-08-20T19:27:38.532Z",
        "url": "https:\/\/alceawis.com\/notice\/AxN2tsKoyM9pVBLNc8",
        "preview": "#CurrListeningAlcea\nLabyrinth's Continuu",
        "mode": "html",
        "mediaType": "text\/html",
        "isReply": false,
        "replyTo": null,
        "replyLocalId": null,
        "mentionUsed": null,
        "visibility": "public"
    },
    {
        "date": "2025-08-20T19:18:28.134Z",
        "url": "https:\/\/alceawis.com\/notice\/AxN257FLlstAyta4fo",
        "preview": "💬https:\/\/alceawis.com\/notice\/AxN1N6rxoR",
        "mode": "html",
        "mediaType": "text\/html",
        "isReply": true,
        "replyTo": "https:\/\/alceawis.com\/notice\/AxN1N6rxoRFh4NesTo",
        "replyLocalId": "AxN1N6rxoRFh4NesTo",
        "mentionUsed": "@alcea@alceawis.com",
        "visibility": "public"
    },
    {
        "date": "2025-08-20T19:10:30.865Z",
        "url": "https:\/\/alceawis.com\/notice\/AxN1N6rxoRFh4NesTo",
        "preview": "💬https:\/\/alceawis.com\/notice\/AxN0I5OtkK",
        "mode": "mfm",
        "mediaType": "text\/x.misskeymarkdown",
        "isReply": true,
        "replyTo": "https:\/\/alceawis.com\/notice\/AxN0I5OtkKAr716Uoi",
        "replyLocalId": "AxN0I5OtkKAr716Uoi",
        "mentionUsed": "@alcea@alceawis.com",
        "visibility": "public"
    },
    {
        "date": "2025-08-20T18:58:24.089Z",
        "url": "https:\/\/alceawis.com\/notice\/AxN0I5OtkKAr716Uoi",
        "preview": "Edit test.\nLet me add some text infront.",
        "mode": "html",
        "mediaType": "text\/html",
        "isReply": false,
        "replyTo": null,
        "replyLocalId": null,
        "mentionUsed": null,
        "visibility": "public"
    },
    {
        "date": "2025-08-20T18:34:35.898Z",
        "url": "https:\/\/alceawis.com\/notice\/AxMyANUYOqbUzowhuK",
        "preview": "Hmm I change the text#repost •acws #acws",
        "mode": "html",
        "mediaType": "text\/html",
        "isReply": false,
        "replyTo": null,
        "replyLocalId": null,
        "mentionUsed": null,
        "visibility": "public"
    },
    {
        "date": "2025-08-20T18:28:25.715Z",
        "url": "https:\/\/alceawis.com\/notice\/AxMxcEZf35nxUc3OSG",
        "preview": "~Your best friend~ Somehow I always found this song utterly..",
        "mode": "html",
        "mediaType": "text\/html",
        "isReply": false,
        "replyTo": null,
        "replyLocalId": null,
        "mentionUsed": null,
        "visibility": "public"
    },
    {
        "date": "2025-08-20T17:47:44.806Z",
        "url": "https:\/\/alceawis.com\/notice\/AxMtz7zzGKrFwY1qGu",
        "preview": "How to𒐫steal.. take..... \"#lend\" facebo",
        "mode": "html",
        "mediaType": "text\/html",
        "isReply": false,
        "replyTo": null,
        "replyLocalId": null,
        "mentionUsed": null,
        "visibility": "public"
    },
    {
        "date": "2025-08-20T17:35:18.763Z",
        "url": "https:\/\/alceawis.com\/notice\/AxMssKm1GgUra9gxs0",
        "preview": "https:\/\/ibb.co\/21n01hHThttps:\/\/i.ibb.co\/",
        "mode": "html",
        "mediaType": "text\/html",
        "isReply": false,
        "replyTo": null,
        "replyLocalId": null,
        "mentionUsed": null,
        "visibility": "public"
    },
    {
        "date": "2025-08-20T16:25:13.874Z",
        "url": "https:\/\/alceawis.com\/notice\/AxMmcYoufxTYmy8nVw",
        "preview": "💬https:\/\/jauntygoat.net\/@zog\/1145937174",
        "mode": "html",
        "mediaType": "text\/html",
        "isReply": true,
        "replyTo": "https:\/\/jauntygoat.net\/@zog\/114593717496217942",
        "replyLocalId": "AxMmSqtMd9L1wRaqsC",
        "mentionUsed": "@zog@jauntygoat.net",
        "visibility": "unlisted"
    },
    {
        "date": "2025-08-20T15:58:05.168Z",
        "url": "https:\/\/alceawis.com\/notice\/AxMkCLYFBdWKCNiU40",
        "preview": "💬https:\/\/alceawis.com\/notice\/AxBn9xZZWv",
        "mode": "html",
        "mediaType": "text\/html",
        "isReply": true,
        "replyTo": "https:\/\/alceawis.com\/notice\/AxBn9xZZWv9uNJKeDA",
        "replyLocalId": "AxBn9xZZWv9uNJKeDA",
        "mentionUsed": "@alcea@alceawis.com",
        "visibility": "public"
    },
    {
        "date": "2025-08-20T12:48:36.332Z",
        "url": "https:\/\/alceawis.com\/notice\/AxMTI0h5wpWK1myHVw",
        "preview": "#CurrListeningAlcea10.) Gurun Desert || ",
        "mode": "html",
        "mediaType": "text\/html",
        "isReply": false,
        "replyTo": null,
        "replyLocalId": null,
        "mentionUsed": null,
        "visibility": "public"
    },
    {
        "date": "2025-08-19T20:55:29.905Z",
        "url": "https:\/\/alceawis.com\/notice\/AxL6EENmcVqNDhCv2m",
        "preview": "That being said ..22 and 13 are tied.345",
        "mode": "html",
        "mediaType": "text\/html",
        "isReply": false,
        "replyTo": null,
        "replyLocalId": null,
        "mentionUsed": null,
        "visibility": "public"
    },
    {
        "date": "2025-08-19T20:37:54.258Z",
        "url": "https:\/\/alceawis.com\/notice\/AxL4etdjeJiEnXFwXY",
        "preview": "💬https:\/\/alceawis.com\/notice\/AxL4NFTzhP",
        "mode": "html",
        "mediaType": "text\/html",
        "isReply": true,
        "replyTo": "https:\/\/alceawis.com\/notice\/AxL4NFTzhPsvKWHiTI",
        "replyLocalId": "AxL4NFTzhPsvKWHiTI",
        "mentionUsed": "@alcea@alceawis.com",
        "visibility": "public"
    },
    {
        "date": "2025-08-19T20:30:09.862Z",
        "url": "https:\/\/alceawis.com\/notice\/AxL4NFTzhPsvKWHiTI",
        "preview": "So we went from amazing Openings like <a",
        "mode": "html",
        "mediaType": "text\/html",
        "isReply": false,
        "replyTo": null,
        "replyLocalId": null,
        "mentionUsed": null,
        "visibility": "public"
    },
    {
        "date": "2025-08-19T20:00:09.946Z",
        "url": "https:\/\/alceawis.com\/notice\/AxL1I4ZqWEikCErWU4",
        "preview": "𒐫\"Ran's #tears \"\"<a target=\"_blank\" hre",
        "mode": "html",
        "mediaType": "text\/html",
        "isReply": false,
        "replyTo": null,
        "replyLocalId": null,
        "mentionUsed": null,
        "visibility": "public"
    },
    {
        "date": "2025-08-19T19:45:19.566Z",
        "url": "https:\/\/alceawis.com\/notice\/AxKzxxeQScOuyAqnJY",
        "preview": "💬https:\/\/alceawis.com\/notice\/AxKxK71tyJ",
        "mode": "html",
        "mediaType": "text\/html",
        "isReply": true,
        "replyTo": "https:\/\/alceawis.com\/notice\/AxKxK71tyJsaZ6haz2",
        "replyLocalId": "AxKxK71tyJsaZ6haz2",
        "mentionUsed": "@alcea@alceawis.com",
        "visibility": "public"
    },
    {
        "date": "2025-08-19T19:15:42.770Z",
        "url": "https:\/\/alceawis.com\/notice\/AxKxK71tyJsaZ6haz2",
        "preview": "💬https:\/\/alceawis.com\/notice\/AxKx0Lwun9",
        "mode": "html",
        "mediaType": "text\/html",
        "isReply": true,
        "replyTo": "https:\/\/alceawis.com\/notice\/AxKx0Lwun9172twodc",
        "replyLocalId": "AxKx0Lwun9172twodc",
        "mentionUsed": "@alcea@alceawis.com",
        "visibility": "public"
    },
    {
        "date": "2025-08-19T19:12:08.525Z",
        "url": "https:\/\/alceawis.com\/notice\/AxKx0Lwun9172twodc",
        "preview": "123456789123456789123456789123456",
        "mode": "html",
        "mediaType": "text\/html",
        "isReply": false,
        "replyTo": null,
        "replyLocalId": null,
        "mentionUsed": null,
        "visibility": "public"
    },
    {
        "date": "2025-08-19T19:02:18.259Z",
        "url": "https:\/\/alceawis.com\/notice\/AxKw7tPWgILgtiMTtA",
        "preview": "💬https:\/\/alceawis.com\/notice\/AxKv8zp",
        "mode": "html",
        "mediaType": "text\/html",
        "isReply": true,
        "replyTo": "https:\/\/alceawis.com\/notice\/AxKv8zpWCTVV8rTvA8",
        "replyLocalId": "AxKv8zpWCTVV8rTvA8",
        "mentionUsed": "@alcea@alceawis.com",
        "visibility": "public"
    },
    {
        "date": "2025-08-19T18:51:17.700Z",
        "url": "https:\/\/alceawis.com\/notice\/AxKv8zpWCTVV8rTvA8",
        "preview": "So ..#Facebook users are allowed ",
        "mode": "html",
        "mediaType": "text\/html",
        "isReply": false,
        "replyTo": null,
        "replyLocalId": null,
        "mentionUsed": null,
        "visibility": "public"
    },
    {
        "date": "2025-08-19T18:39:33.067Z",
        "url": "https:\/\/alceawis.com\/notice\/AxKu60xhR35dpVK436",
        "preview": "#Fascinating.https:\/\/ibb.co\/rK8CW",
        "mode": "html",
        "mediaType": "text\/html",
        "isReply": false,
        "replyTo": null,
        "replyLocalId": null,
        "mentionUsed": null,
        "visibility": "public"
    },
    {
        "date": "2025-08-19T18:29:49.819Z",
        "url": "https:\/\/alceawis.com\/notice\/AxKtEE9QBNrr669po0",
        "preview": "💬https:\/\/alceawis.com\/notice\/AxKq6a18",
        "mode": "html",
        "mediaType": "text\/html",
        "isReply": true,
        "replyTo": "https:\/\/alceawis.com\/notice\/AxKq6a18hTUIjfwh2u",
        "replyLocalId": "AxKq6a18hTUIjfwh2u",
        "mentionUsed": "@alcea@alceawis.com",
        "visibility": "public"
    },
    {
        "date": "2025-08-19T17:59:56.244Z",
        "url": "https:\/\/alceawis.com\/notice\/AxKqYpJ5RpG2GOoFcW",
        "preview": "And <del>#HTML<\/del> ?<a target=\"",
        "mode": "html",
        "mediaType": "text\/html",
        "isReply": false,
        "replyTo": null,
        "replyLocalId": null,
        "mentionUsed": null,
        "visibility": "public"
    },
    {
        "date": "2025-08-19T17:57:50.192Z",
        "url": "https:\/\/alceawis.com\/notice\/AxKqNCigZcKRP0F0vA",
        "preview": "Is #MFM still  working ?$[bounce ",
        "mode": "mfm",
        "mediaType": "text\/x.misskeymarkdown",
        "isReply": false,
        "replyTo": null,
        "replyLocalId": null,
        "mentionUsed": null,
        "visibility": "public"
    },
    {
        "date": "2025-08-19T17:56:51.471Z",
        "url": "https:\/\/alceawis.com\/notice\/AxKqHmygqzUA7L93Dc",
        "preview": "Is #MFM still working ?$[bounce Y",
        "mode": "html",
        "mediaType": "text\/html",
        "isReply": false,
        "replyTo": null,
        "replyLocalId": null,
        "mentionUsed": null,
        "visibility": "public"
    },
    {
        "date": "2025-08-19T17:52:21.294Z",
        "url": "https:\/\/alceawis.com\/notice\/AxKpsrwTGAhMH3DxlA",
        "preview": "💬https:\/\/mas.to\/@alcea\/114972554",
        "mode": "html",
        "mediaType": "text\/html",
        "isReply": true,
        "replyTo": "https:\/\/mas.to\/@alcea\/114972554873259774",
        "replyLocalId": "Awq23jnf32RTkzIKxc",
        "mentionUsed": "@alcea@mas.to",
        "visibility": "public"
    },
    {
        "date": "2025-08-18T18:05:44.669Z",
        "url": "https:\/\/alceawis.com\/notice\/AxImYxUqD8bpWwC9tA",
        "preview": "Oh lookIt's <a target=\"_blank\" hr",
        "mode": "html",
        "mediaType": "text\/html"
    },
    {
        "date": "2025-08-18T17:43:13.776Z",
        "url": "https:\/\/alceawis.com\/notice\/AxIkYNZNaOm2CGuibQ",
        "preview": "A #network #BlackHole ?Wow :NekoW",
        "mode": "html",
        "mediaType": "text\/html"
    },
    {
        "date": "2025-08-18T17:10:05.674Z",
        "url": "https:\/\/alceawis.com\/notice\/AxIhb2dxXtMgImdN6e",
        "preview": "#CurrListeningAlceaThe Path of Wi",
        "mode": "html",
        "mediaType": "text\/html"
    },
    {
        "date": "2025-08-18T16:29:46.365Z",
        "url": "https:\/\/alceawis.com\/notice\/AxIdzvZkYrffnvHBXk",
        "preview": "#CurrListeningAlceaAquarium Park ",
        "mode": "html",
        "mediaType": "text\/html"
    },
    {
        "date": "2025-08-18T13:44:53.558Z",
        "url": "https:\/\/alceawis.com\/notice\/AxIPHcNHBtws9XQ2gi",
        "preview": "https:\/\/blog.benjojo.co.uk\/post\/w",
        "mode": "html",
        "mediaType": "text\/html"
    },
    {
        "date": "2025-08-18T02:30:17.601Z",
        "url": "https:\/\/alceawis.com\/notice\/AxHR4xUFODq6cLoLD6",
        "preview": "Wow@puniko@mk.absturztau.be did a",
        "mode": "html",
        "mediaType": "text\/html"
    },
    {
        "date": "2025-08-17T20:22:35.234Z",
        "url": "https:\/\/alceawis.com\/notice\/AxGuGNzBuU2BV87sGW",
        "preview": "#absturztaube #pixivhttps:\/\/www.p",
        "mode": "html",
        "mediaType": "text\/html"
    },
    {
        "date": "2025-08-17T19:54:37.776Z",
        "url": "https:\/\/alceawis.com\/notice\/AxGrlgdGKkgmRj6R1M",
        "preview": "Whoops took a #wrong turn here (w",
        "mode": "html",
        "mediaType": "text\/html"
    },
    {
        "date": "2025-08-17T19:48:45.250Z",
        "url": "https:\/\/alceawis.com\/notice\/AxGrFB6e0mJtP3LQvY",
        "preview": "𒐫Certs work on a vouching system",
        "mode": "html",
        "mediaType": "text\/html"
    },
    {
        "date": "2025-08-17T19:27:49.410Z",
        "url": "https:\/\/alceawis.com\/notice\/AxGpNMMHrN0Yi4R1pw",
        "preview": "A #mastodon based pseudo #bot lis",
        "mode": "html",
        "mediaType": "text\/html"
    },
    {
        "date": "2025-08-17T19:22:57.016Z",
        "url": "https:\/\/alceawis.com\/notice\/AxGowOYXa5KvhtJCnw",
        "preview": "#CurrListeningAlcea#Agitation - #",
        "mode": "html",
        "mediaType": "text\/html"
    },
    {
        "date": "2025-08-17T18:27:37.277Z",
        "url": "https:\/\/alceawis.com\/notice\/AxGji0SRsiGV8tmM40",
        "preview": "That was .. #quickAnd I can see i",
        "mode": "html",
        "mediaType": "text\/html"
    },
    {
        "date": "2025-08-17T17:38:03.933Z",
        "url": "https:\/\/alceawis.com\/notice\/AxGfa2yeEOLSp4mywa",
        "preview": "Hmm that #PonyMa of #Tencent migh",
        "mode": "html",
        "mediaType": "text\/html"
    },
    {
        "date": "2025-08-17T16:58:46.159Z",
        "url": "https:\/\/alceawis.com\/notice\/AxGc4c3pxJK0VIXGts",
        "preview": "#CurrListeningAlcea* The Copied C",
        "mode": "html",
        "mediaType": "text\/html"
    },
    {
        "date": "2025-08-17T16:53:15.236Z",
        "url": "https:\/\/alceawis.com\/notice\/AxGba5lJTeJLdxJlLs",
        "preview": "Oh I hate it when the world stops",
        "mode": "html",
        "mediaType": "text\/html"
    },
    {
        "date": "2025-08-17T13:52:35.208Z",
        "url": "https:\/\/alceawis.com\/notice\/AxGLSPqxITOQN5H6AK",
        "preview": "#Cyberelves ! https:\/\/www.pixiv.n",
        "mode": "html",
        "mediaType": "text\/html"
    },
    {
        "date": "2025-08-17T12:56:58.694Z",
        "url": "https:\/\/alceawis.com\/notice\/AxGGUjWUdUOqBWzOrI",
        "preview": "Waaait#PhoenixWright has #TEPPEN ",
        "mode": "html",
        "mediaType": "text\/html"
    },
    {
        "date": "2025-08-17T12:47:16.145Z",
        "url": "https:\/\/alceawis.com\/notice\/AxGFd0sHuJbyMWZGs4",
        "preview": "#CurrListeningAlcea#Message - #Gy",
        "mode": "html",
        "mediaType": "text\/html"
    },
    {
        "date": "2025-08-17T08:52:06.782Z",
        "url": "https:\/\/alceawis.com\/notice\/AxFudpxvr0dpmTl9wu",
        "preview": "Thanks #AI :aishadows: ...https:\/",
        "mode": "html",
        "mediaType": "text\/html"
    },
    {
        "date": "2025-08-17T08:34:50.956Z",
        "url": "https:\/\/alceawis.com\/notice\/AxFt6K3rLwdNJwzH0a",
        "preview": "FinallyMy #emoji s̶t̶e̶a̶l̶i̶n̶g",
        "mode": "html",
        "mediaType": "text\/html"
    },
    {
        "date": "2025-08-17T07:48:01.799Z",
        "url": "https:\/\/alceawis.com\/notice\/AxFovGPSBq9EzdYihc",
        "preview": "Well they are not called the #bla",
        "mode": "html",
        "mediaType": "text\/html"
    },
    {
        "date": "2025-08-16T19:04:05.204Z",
        "url": "https:\/\/alceawis.com\/notice\/AxEikFFfMQwLKkNqoi",
        "preview": "#CurrListeningAlcea初恋 (TVアニメ「月がきれ",
        "mode": "html",
        "mediaType": "text\/html"
    },
    {
        "date": "2025-08-16T16:29:28.567Z",
        "url": "https:\/\/alceawis.com\/notice\/AxEUwk9KuUqJHKULVw",
        "preview": "Wow this show has a stubborn way ",
        "mode": "html",
        "mediaType": "text\/html"
    },
    {
        "date": "2025-08-16T15:50:19.399Z",
        "url": "https:\/\/alceawis.com\/notice\/AxERS5oK1cyRcTLtvk",
        "preview": "When the most #depressing shows h",
        "mode": "html",
        "mediaType": "text\/html"
    },
    {
        "date": "2025-08-16T15:47:07.488Z",
        "url": "https:\/\/alceawis.com\/notice\/AxERAOyK2s9fpoatiS",
        "preview": "Let's add a #duplicate post prote",
        "mode": "html",
        "mediaType": "text\/html"
    },
    {
        "date": "2025-08-16T15:14:44.042Z",
        "url": "https:\/\/alceawis.com\/notice\/AxEOHAgNGvF5gIjf0a",
        "preview": "And a $[flip.v MFM] $[spin.y test",
        "mode": "mfm",
        "mediaType": "text\/x.misskeymarkdown"
    },
    {
        "date": "2025-08-16T15:13:06.047Z",
        "url": "https:\/\/alceawis.com\/notice\/AxEO88YBpTxASkbDVI",
        "preview": "Test#repost •acws #acws",
        "mode": "html",
        "mediaType": "text\/html"
    },
    {
        "date": "2025-08-16T14:43:42.992Z",
        "url": "https:\/\/alceawis.com\/notice\/AxELVYAaRZiIiY22G8",
        "preview": "#eScooter vs #passerby shttps:\/\/w",
        "mode": "html",
        "mediaType": "text\/html"
    },
    {
        "date": "2025-08-16T09:09:52.104Z",
        "url": "https:\/\/alceawis.com\/notice\/AxDriJLbrmP3t3MAKW",
        "preview": "#English to #Hieroglyph𒐫𓄿𓃭𓎢𓅂",
        "mode": "html",
        "mediaType": "text\/html"
    },
    {
        "date": "2025-08-16T09:05:10.074Z",
        "url": "https:\/\/alceawis.com\/notice\/AxDrIIjxVASoTTLKqG",
        "preview": "Ok what are these #symbols ?!𒐫SI",
        "mode": "html",
        "mediaType": "text\/html"
    },
    {
        "date": "2025-08-16T08:44:56.109Z",
        "url": "https:\/\/alceawis.com\/notice\/AxDpULdENRrT0boSCe",
        "preview": "Then again #FinnFish is not much ",
        "mode": "html",
        "mediaType": "text\/html"
    },
    {
        "date": "2025-08-16T08:42:28.202Z",
        "url": "https:\/\/alceawis.com\/notice\/AxDoB3E8Tv6kTHJFMO",
        "preview": "𒐫6+1=8 Ai𒐫This is why I can't t",
        "mode": "html",
        "mediaType": "text\/html"
    },
    {
        "date": "2025-08-16T08:15:41.205Z",
        "url": "https:\/\/alceawis.com\/notice\/AxDmsVozqNFHhQ9ATQ",
        "preview": "Guess #AsakaMutsuba is cool.(Whic",
        "mode": "html",
        "mediaType": "text\/html"
    },
    {
        "date": "2025-08-15T21:33:58.732Z",
        "url": "https:\/\/alceawis.com\/notice\/AxCrbpBIusyHQsU1Ee",
        "preview": "I really like this song.It sounds",
        "mode": "html",
        "mediaType": "text\/html"
    },
    {
        "date": "2025-08-15T21:31:43.696Z",
        "url": "https:\/\/alceawis.com\/notice\/AxCrPNm8z7jMxZmXTc",
        "preview": "Haha :crazylaugh: 𒐫Link #shadifi",
        "mode": "html",
        "mediaType": "text\/html"
    },
    {
        "date": "2025-08-15T21:02:56.440Z",
        "url": "https:\/\/alceawis.com\/notice\/AxCoq692LNteEeXN1k",
        "preview": "Ohh ! $[jump $[sparkle Sparkle]]#",
        "mode": "html",
        "mediaType": "text\/html"
    },
    {
        "date": "2025-08-15T20:52:35.083Z",
        "url": "https:\/\/alceawis.com\/notice\/AxCnumzyr8WQLfyT8C",
        "preview": "I knew making the #bg #transparen",
        "mode": "html",
        "mediaType": "text\/html"
    },
    {
        "date": "2025-08-15T20:30:10.549Z",
        "url": "https:\/\/alceawis.com\/notice\/AxClunTEtxqpu6XHNI",
        "preview": "#CurrListeningAlceaThe World Ends",
        "mode": "html",
        "mediaType": "text\/html"
    },
    {
        "date": "2025-08-15T11:56:04.337Z",
        "url": "https:\/\/alceawis.com\/notice\/AxC228DTZWruNhip9M",
        "preview": "#CurrListeningAlceaStupid Little ",
        "mode": "html",
        "mediaType": "text\/html"
    },
    {
        "date": "2025-08-15T09:09:26.496Z",
        "url": "https:\/\/alceawis.com\/notice\/AxBn9xZZWv9uNJKeDA",
        "preview": "GL.iNet GL-MT3000 https:\/\/store-e",
        "mode": "html",
        "mediaType": "text\/html"
    },
    {
        "date": "2025-08-15T07:54:51.615Z",
        "url": "https:\/\/alceawis.com\/notice\/AxBgVITwHnUfcqvNqK",
        "preview": "𒐫 0 (zero) is treated as Sunday.",
        "mode": "html",
        "mediaType": "text\/html"
    },
    {
        "date": "2025-08-15T04:59:53.446Z",
        "url": "https:\/\/alceawis.com\/notice\/AxBQt5bUDiLjMrmHzc",
        "preview": "If a page cannot be dissected \/ #",
        "mode": "html",
        "mediaType": "text\/html"
    },
    {
        "date": "2025-08-14T18:54:51.990Z",
        "url": "https:\/\/alceawis.com\/notice\/AxAYtOnLTM69Mc1VqK",
        "preview": "#Aimer - Brave Shine and Last Sta",
        "mode": "html",
        "mediaType": "text\/html"
    },
    {
        "date": "2025-08-14T13:47:17.021Z",
        "url": "https:\/\/alceawis.com\/notice\/AxA7RTw64CYURDa3H6",
        "preview": "Lets try#Voltcraft thingy + Toshi",
        "mode": "html",
        "mediaType": "text\/html"
    },
    {
        "date": "2025-08-13T19:55:27.397Z",
        "url": "https:\/\/alceawis.com\/notice\/Ax8ZmtTCjguo7092Ey",
        "preview": "#CurrListeningAlcea#Apple - Charl",
        "mode": "html",
        "mediaType": "text\/html"
    },
    {
        "date": "2025-08-13T19:39:51.685Z",
        "url": "https:\/\/alceawis.com\/notice\/Ax8YWpTBk13j7MugFs",
        "preview": "#CurrListeningAlcea~If you're #ha",
        "mode": "html",
        "mediaType": "text\/html"
    },
    {
        "date": "2025-08-13T19:24:55.360Z",
        "url": "https:\/\/alceawis.com\/notice\/Ax8X8FHYXCBNyoBarI",
        "preview": "#CurrListeningAlceaCooperate (Red",
        "mode": "html",
        "mediaType": "text\/html"
    },
    {
        "date": "2025-08-13T18:58:56.760Z",
        "url": "https:\/\/alceawis.com\/notice\/Ax8UkCbiczJGpG1aQC",
        "preview": "Oh wow.#Quantum #FileExplorer goe",
        "mode": "html",
        "mediaType": "text\/html"
    },
    {
        "date": "2025-08-13T18:30:53.327Z",
        "url": "https:\/\/alceawis.com\/notice\/Ax8SExgtpxRng5QJiC",
        "preview": "Been awhile since I last used #Ve",
        "mode": "html",
        "mediaType": "text\/html"
    },
    {
        "date": "2025-08-13T18:29:18.318Z",
        "url": "https:\/\/alceawis.com\/notice\/Ax8S6CW9LJCv3VDZ4K",
        "preview": "#Transparent #GameboyEven the #PC",
        "mode": "html",
        "mediaType": "text\/html"
    },
    {
        "date": "2025-08-12T19:04:45.321Z",
        "url": "https:\/\/alceawis.com\/notice\/Ax6QkLGXeDuhXx0i00",
        "preview": "#Transparent #GameboyEven the #PC",
        "mode": "html",
        "mediaType": "text\/html"
    },
    {
        "date": "2025-08-12T18:51:19.361Z",
        "url": "https:\/\/alceawis.com\/notice\/Ax6PXrTeTWSvjJcyIK",
        "preview": "The #internet getting #stupid er ",
        "mode": "html",
        "mediaType": "text\/html"
    },
    {
        "date": "2025-08-12T17:45:38.541Z",
        "url": "https:\/\/alceawis.com\/notice\/Ax6Jgac3wjQAJ7L9vc",
        "preview": "𒐫We use the three electrodes for",
        "mode": "html",
        "mediaType": "text\/html"
    },
    {
        "date": "2025-08-12T17:41:05.291Z",
        "url": "https:\/\/alceawis.com\/notice\/Ax6JHOUbs7LXTfq9S4",
        "preview": "Measuring Your #bloodpressure Wit",
        "mode": "html",
        "mediaType": "text\/html"
    },
    {
        "date": "2025-08-12T17:38:24.032Z",
        "url": "https:\/\/alceawis.com\/notice\/Ax6J2WWri7JY3fnvxg",
        "preview": "A #bloodsugar measurement device ",
        "mode": "html",
        "mediaType": "text\/html"
    },
    {
        "date": "2025-08-11T19:25:45.947Z",
        "url": "https:\/\/alceawis.com\/notice\/Ax4O9QWyWNFIw92yWG",
        "preview": "I wonder why @iacore@mastodon.sdf",
        "mode": "html",
        "mediaType": "text\/html"
    },
    {
        "date": "2025-08-11T19:09:56.948Z",
        "url": "https:\/\/alceawis.com\/notice\/Ax4MhJm1x0ahuw7boe",
        "preview": "There being #terminal app named𒐫",
        "mode": "html",
        "mediaType": "text\/html"
    },
    {
        "date": "2025-08-11T19:05:02.211Z",
        "url": "https:\/\/alceawis.com\/notice\/Ax4MG8pIXp0W97gvTM",
        "preview": "#Proxyman #debug sessions via #iO",
        "mode": "html",
        "mediaType": "text\/html"
    },
    {
        "date": "2025-08-11T15:37:09.970Z",
        "url": "https:\/\/alceawis.com\/notice\/Ax43hm7eeVoQi6jzTE",
        "preview": "#CurrListeningAlceaCarole & Tuesd",
        "mode": "html",
        "mediaType": "text\/html"
    },
    {
        "date": "2025-08-11T15:04:25.009Z",
        "url": "https:\/\/alceawis.com\/notice\/Ax40mYuOuOZPJX8GVE",
        "preview": "Ranbu no Melody by SID | VIZ #Ble",
        "mode": "html",
        "mediaType": "text\/html"
    },
    {
        "date": "2025-08-11T14:34:19.858Z",
        "url": "https:\/\/alceawis.com\/notice\/Ax3y65aLLIy6IXN0pE",
        "preview": "𒐫So you've got a  p̶l̶e̶r̶o̶m̶a̶",
        "mode": "html",
        "mediaType": "text\/html"
    },
    {
        "date": "2025-08-11T14:26:50.415Z",
        "url": "https:\/\/alceawis.com\/notice\/Ax3xQdlpqt709wytvs",
        "preview": "𒐫The press has been hyping up Ma",
        "mode": "html",
        "mediaType": "text\/html"
    },
    {
        "date": "2025-08-10T20:10:30.938Z",
        "url": "https:\/\/alceawis.com\/notice\/Ax2NaV8P1ZWylNynhY",
        "preview": "𒐫name: Weekly Download of Uptime",
        "mode": "html",
        "mediaType": "text\/html"
    },
    {
        "date": "2025-08-10T18:41:31.698Z",
        "url": "https:\/\/alceawis.com\/notice\/Ax2FjeMZHcSmMFSOYK",
        "preview": "#CurrListeningAlceaNow or Never \/",
        "mode": "html",
        "mediaType": "text\/html"
    },
    {
        "date": "2025-08-10T15:29:54.783Z",
        "url": "https:\/\/alceawis.com\/notice\/Ax1yXsh4TgTM6kqjaK",
        "preview": "Oh wowThat other silly billy #ten",
        "mode": "html",
        "mediaType": "text\/html"
    },
    {
        "date": "2025-08-10T14:57:16.076Z",
        "url": "https:\/\/alceawis.com\/notice\/Ax1vdF9s5CfLMkBaWe",
        "preview": "So funky :ablobcatrave: #PhiBrain",
        "mode": "html",
        "mediaType": "text\/html"
    },
    {
        "date": "2025-08-10T14:37:22.691Z",
        "url": "https:\/\/alceawis.com\/notice\/Ax1trC0kNgGBkcRSXA",
        "preview": "𒐫Since I am going to set NodeJS ",
        "mode": "html",
        "mediaType": "text\/html"
    },
    {
        "date": "2025-08-10T14:32:43.850Z",
        "url": "https:\/\/alceawis.com\/notice\/Ax1tRTV4jZnaSnMerg",
        "preview": "#CurrListeningAlceaΦ Brain Kami n",
        "mode": "html",
        "mediaType": "text\/html"
    },
    {
        "date": "2025-08-10T14:28:57.484Z",
        "url": "https:\/\/alceawis.com\/notice\/Ax1t6b917NHY5f5lpY",
        "preview": "Not.Bad.https:\/\/alceawis.de\/other",
        "mode": "html",
        "mediaType": "text\/html"
    },
    {
        "date": "2025-08-10T13:06:54.048Z",
        "url": "https:\/\/alceawis.com\/notice\/Ax1lmZXUg2cjdo2pma",
        "preview": "Oh nice.Found another #pixiv #end",
        "mode": "html",
        "mediaType": "text\/html"
    },
    {
        "date": "2025-08-10T13:01:32.714Z",
        "url": "https:\/\/alceawis.com\/notice\/Ax1lIwI3WblHVxh4BE",
        "preview": "My eardrums need cleansing#CurrLi",
        "mode": "html",
        "mediaType": "text\/html"
    },
    {
        "date": "2025-08-10T12:51:33.205Z",
        "url": "https:\/\/alceawis.com\/notice\/Ax1kPehjCvRJ2tLAGm",
        "preview": "My eardrums need cleansing#CurrLi",
        "mode": "html",
        "mediaType": "text\/html"
    },
    {
        "date": "2025-08-10T12:42:24.287Z",
        "url": "https:\/\/alceawis.com\/notice\/Ax1jb1s9JFdW8D4fD6",
        "preview": "Wow.I totally forgot when I drew ",
        "mode": "html",
        "mediaType": "text\/html"
    },
    {
        "date": "2025-08-10T08:03:14.387Z",
        "url": "https:\/\/alceawis.com\/notice\/Ax1KgMRvjZOqXnFwm0",
        "preview": "Long live .. #Misskey ?https:\/\/ww",
        "mode": "mfm",
        "mediaType": "text\/x.misskeymarkdown"
    },
    {
        "date": "2025-08-10T07:38:46.219Z",
        "url": "https:\/\/alceawis.com\/notice\/Ax1IUy0O4pnfdboQSm",
        "preview": "This is $[spin.x a] $[spin.y MFM]",
        "mode": "mfm",
        "mediaType": "text\/x.misskeymarkdown"
    },
    {
        "date": "2025-08-10T06:30:20.775Z",
        "url": "https:\/\/alceawis.com\/notice\/Ax1COMHQpFatAnFa1Q",
        "preview": "#CurrListeningAlcea#DetectiveCona",
        "mode": "html",
        "mediaType": "text\/html"
    },
    {
        "date": "2025-08-10T06:00:03.826Z",
        "url": "https:\/\/alceawis.com\/notice\/Ax19gncpb0kXKgMTWS",
        "preview": "#Fake #NintendoDirect Generator ?",
        "mode": "html",
        "mediaType": "text\/html"
    },
    {
        "date": "2025-08-10T05:51:27.714Z",
        "url": "https:\/\/alceawis.com\/notice\/Ax18vCHWcZH3u2hI6y",
        "preview": "Soo𒐫#English + #German = #Hungar",
        "mode": "html",
        "mediaType": "text\/html"
    },
    {
        "date": "2025-08-09T19:08:04.562Z",
        "url": "https:\/\/alceawis.com\/notice\/Ax0DVFMGrhtKWoP0oC",
        "preview": "𒐫#Microsoft: Sadly it is impossi",
        "mode": "html",
        "mediaType": "text\/html"
    },
    {
        "date": "2025-08-09T18:27:37.564Z",
        "url": "https:\/\/alceawis.com\/notice\/Ax09tRYYlSqRUfQtUW",
        "preview": "And 𒐫 one more for #HTML mode𒐫:",
        "mode": "html",
        "mediaType": "text\/html"
    },
    {
        "date": "2025-08-09T18:23:52.510Z",
        "url": "https:\/\/alceawis.com\/notice\/Ax09Ygp2oMJml6FO0O",
        "preview": "𒐫MFM Mode test𒐫..#repost •acws ",
        "mode": "mfm",
        "mediaType": "text\/x.misskeymarkdown"
    },
    {
        "date": "2025-08-09T16:44:12.606Z",
        "url": "https:\/\/alceawis.com\/notice\/Ax00fDNtl9uTtlaQIC",
        "preview": "#Akkom #Misskey #MFM overviewhttp"
    },
    {
        "date": "2025-08-09T14:55:37.871Z",
        "url": "https:\/\/alceawis.com\/notice\/AwzqyQhpSK9HAtQsOu",
        "preview": "#Gosick #LetsGo :bun: https:\/\/ibb"
    },
    {
        "date": "2025-08-09T14:30:20.043Z",
        "url": "https:\/\/alceawis.com\/notice\/AwzoiS4mOUb4smQ9j6",
        "preview": "#CurrListeningAlceaRever's Edge -"
    },
    {
        "date": "2025-08-09T14:29:12.548Z",
        "url": "https:\/\/alceawis.com\/notice\/AwzocE9NG0uxxFbNIW",
        "preview": "#FLCL (FoolyCooly) is a show wher"
    },
    {
        "date": "2025-08-09T14:09:17.734Z",
        "url": "https:\/\/alceawis.com\/notice\/Awzmq2WB6Phi1Xj7K4",
        "preview": "Wait.Are you telling me #mastodon"
    },
    {
        "date": "2025-08-09T13:59:18.482Z",
        "url": "https:\/\/alceawis.com\/notice\/AwzlwmObLJyS5vpgrg",
        "preview": "#CurrListeningAlcea#FATE - KAIJI "
    },
    {
        "date": "2025-08-09T13:55:57.974Z",
        "url": "https:\/\/alceawis.com\/notice\/AwzleHwHqEOMQFltcu",
        "preview": "When is #HidekiTaniuchi finally c"
    },
    {
        "date": "2025-08-09T12:43:27.979Z",
        "url": "https:\/\/alceawis.com\/notice\/AwzfB7o9pXNksWgCrA",
        "preview": "#CurrListeningAlceaBauklötze [PB★"
    },
    {
        "date": "2025-08-09T12:36:26.288Z",
        "url": "https:\/\/alceawis.com\/notice\/AwzeYF8Kf1wiIuZm4W",
        "preview": "𒐫Except, of course, you're downl"
    },
    {
        "date": "2025-08-09T12:24:30.917Z",
        "url": "https:\/\/alceawis.com\/notice\/AwzdUG9GqQtcL8YG3s",
        "preview": "Hmm #Pleroma n #Akkoma got quite "
    },
    {
        "date": "2025-08-09T12:13:27.336Z",
        "url": "https:\/\/alceawis.com\/notice\/AwzcV4ajCQWypcDc7U",
        "preview": "𒐫In fact, a shocking number of \""
    },
    {
        "date": "2025-08-09T10:18:31.296Z",
        "url": "https:\/\/alceawis.com\/notice\/AwzSF9O4bMZhWy4I3U",
        "preview": "Buying a \"#klarstein dryfy 10 \" w"
    },
    {
        "date": "2025-08-09T08:14:14.731Z",
        "url": "https:\/\/alceawis.com\/notice\/AwzH9UrgjiIEuR1QUi",
        "preview": "#CurrListeningAlceaKinka no Kusar"
    },
    {
        "date": "2025-08-09T07:43:47.236Z",
        "url": "https:\/\/alceawis.com\/notice\/AwzEQxfgaX4zJM2nbM",
        "preview": "#CurrListeningAlcea #VocalTrance#"
    },
    {
        "date": "2025-08-09T05:58:07.470Z",
        "url": "https:\/\/alceawis.com\/notice\/Awz50Iosx4utUmYnom",
        "preview": "~Sentiments~ #VRAINS SD1( #Shinki"
    },
    {
        "date": "2025-08-09T05:32:24.622Z",
        "url": "https:\/\/alceawis.com\/notice\/Awz2i1ffltGPBnPOIS",
        "preview": "~KizunaWave~ - #RyuuseiNoRockmanh"
    },
    {
        "date": "2025-08-09T05:26:12.405Z",
        "url": "https:\/\/alceawis.com\/notice\/Awz29hI12jv68ByRyy",
        "preview": "𒐫We're Not Ready for Superintell"
    },
    {
        "date": "2025-08-09T05:11:18.762Z",
        "url": "https:\/\/alceawis.com\/notice\/Awz0pHHHwd47iAKiP2",
        "preview": "Say what you will about #LLM and "
    },
    {
        "date": "2025-08-08T21:13:36.394Z",
        "url": "https:\/\/alceawis.com\/notice\/AwyKC45ypIzBSTfBAW",
        "preview": "Huh resolving woof.tech 's #DNS l"
    },
    {
        "date": "2025-08-08T20:25:17.999Z",
        "url": "https:\/\/alceawis.com\/notice\/AwyFslAYZOGBRPLJtQ",
        "preview": "Cyber Party :ablobcatrave:  - Shi"
    },
    {
        "date": "2025-08-08T20:09:01.196Z",
        "url": "https:\/\/alceawis.com\/notice\/AwyEQgghXSSnTmQd6W",
        "preview": "#SelfBalancing trees and #Radix t"
    },
    {
        "date": "2025-08-08T19:08:55.449Z",
        "url": "https:\/\/alceawis.com\/notice\/Awy94A8VNtRYNfsDaK",
        "preview": "#CurrListeningAlceaCONAN KUMIKYOK"
    },
    {
        "date": "2025-08-08T18:47:38.744Z",
        "url": "https:\/\/alceawis.com\/notice\/Awy7AQkiJoTTkDbee8",
        "preview": "𒐫A brutally-simple proxy for Act"
    },
    {
        "date": "2025-08-08T03:16:27.000Z",
        "url": "https:\/\/alceawis.com\/notice\/Awwm3sNMvNRnC7lCN6",
        "preview": "#Akkoma #Backup instructionhttps:"
    },
    {
        "date": "2025-08-07T18:51:35.575Z",
        "url": "https:\/\/alceawis.com\/notice\/Aww30BqY5y22UCHFuy",
        "preview": "Wow#Indies are saving the #indust"
    },
    {
        "date": "2025-08-07T18:42:18.610Z",
        "url": "https:\/\/alceawis.com\/notice\/Aww2ApLG0X7lv79J5s",
        "preview": "#HerdlingIf #Pokemon was realisti"
    },
    {
        "date": "2025-08-07T18:21:50.520Z",
        "url": "https:\/\/alceawis.com\/notice\/Aww0LZPjMqLxnXEjAW",
        "preview": "#CurrListeningAlcea~ #Firewall Dr"
    },
    {
        "date": "2025-08-07T18:15:01.021Z",
        "url": "https:\/\/alceawis.com\/notice\/AwvzjnzCjx9ZzLozJI",
        "preview": "Forget #NSA . We got #NASA https:"
    },
    {
        "date": "2025-08-07T18:04:50.092Z",
        "url": "https:\/\/alceawis.com\/notice\/AwvypSrI6aLOFIFqWe",
        "preview": "#NSA open source index #project l"
    },
    {
        "date": "2025-08-07T02:53:15.305Z",
        "url": "https:\/\/alceawis.com\/notice\/AwufTY8vgUv1yeNigS",
        "preview": "The #duality of #archive org𒐫The"
    },
    {
        "date": "2025-08-07T00:49:02.612Z",
        "url": "https:\/\/alceawis.com\/notice\/AwuUOGGLdXY3Zw7xDc",
        "preview": "Cryillic \"e\" vs armenian \"e\"(Is T"
    },
    {
        "date": "2025-08-07T00:37:15.218Z",
        "url": "https:\/\/alceawis.com\/notice\/AwuTL1wKKgewKlerZ2",
        "preview": "𒐫You can restore the system to n"
    },
    {
        "date": "2025-08-06T18:51:26.635Z",
        "url": "https:\/\/alceawis.com\/notice\/AwtyTbl9wSfTAI2puK",
        "preview": "Praise chuthulu !Finally fixed th"
    },
    {
        "date": "2025-08-06T17:24:46.786Z",
        "url": "https:\/\/alceawis.com\/notice\/Awtqk4kT89TY4Y3ydM",
        "preview": "#Circlean 𒐫This project aims to "
    },
    {
        "date": "2025-08-06T08:10:39.317Z",
        "url": "https:\/\/alceawis.com\/notice\/Awt3I5j70Me1FASGm0",
        "preview": "𒐫Here is how #platforms die: fir"
    },
    {
        "date": "2025-08-05T21:38:22.811Z",
        "url": "https:\/\/alceawis.com\/notice\/Aws8rYyqXMhMikaXHU",
        "preview": "#CurrListeningAlceaIllenium - Fra"
    },
    {
        "date": "2025-08-05T18:59:44.637Z",
        "url": "https:\/\/alceawis.com\/notice\/AwruhnKQwBMky08KGG",
        "preview": "How annoying..Recent #android mad"
    },
    {
        "date": "2025-08-04T21:19:15.165Z",
        "url": "https:\/\/alceawis.com\/notice\/Awq2dgC9vbsR09tMTA",
        "preview": "#CurrListeningAlcea'No Way' by Gh"
    },
    {
        "date": "2025-08-04T20:40:52.567Z",
        "url": "https:\/\/alceawis.com\/notice\/AwpzDI0Uw8M0alA77I",
        "preview": "Oh yes !https:\/\/ibb.co\/B5zfjzY5ht"
    },
    {
        "date": "2025-08-04T20:12:53.034Z",
        "url": "https:\/\/alceawis.com\/notice\/AwpwiRxNh5i0Z5s4Rc",
        "preview": "#Kaomoji #lookuphttps:\/\/sirs0ri.g"
    },
    {
        "date": "2025-08-04T19:59:58.303Z",
        "url": "https:\/\/alceawis.com\/notice\/AwpvZ0QyYN9Ye1e9XE",
        "preview": "Ah yes.*looks up after showering*"
    },
    {
        "date": "2025-08-04T19:36:55.684Z",
        "url": "https:\/\/alceawis.com\/notice\/AwptVUyypikMK2kfuS",
        "preview": "Hmmm difficult #choice:ablobthink"
    },
    {
        "date": "2025-08-04T16:44:39.850Z",
        "url": "https:\/\/alceawis.com\/notice\/Awpe8KLehrTvMrqp28",
        "preview": "When you don't want to get anothe"
    },
    {
        "date": "2025-08-03T20:48:49.323Z",
        "url": "https:\/\/alceawis.com\/notice\/AwnvPYyorxNcZh3QUS",
        "preview": "#CurrListeningAlcea~Ogura Ikuya ~"
    },
    {
        "date": "2025-08-03T16:07:57.218Z",
        "url": "https:\/\/alceawis.com\/notice\/AwnWLSAxj9ddSYg4US",
        "preview": "#CurrListeningAlcea生きる希望 - #Plati"
    },
    {
        "date": "2025-08-03T15:49:07.106Z",
        "url": "https:\/\/alceawis.com\/notice\/AwnUfE5tanyhfYbmRU",
        "preview": "Mult #purpose #file ???https:\/\/m."
    },
    {
        "date": "2025-08-03T13:59:58.341Z",
        "url": "https:\/\/alceawis.com\/notice\/AwnKvJ6zhnsiK69SGO",
        "preview": "Mini Nurse vs devil is also great"
    },
    {
        "date": "2025-08-03T13:45:30.484Z",
        "url": "https:\/\/alceawis.com\/notice\/AwnJdGywml6wYEDxp2",
        "preview": "If you need early #christmas derp"
    },
    {
        "date": "2025-08-03T12:20:19.746Z",
        "url": "https:\/\/alceawis.com\/notice\/AwnC1x0JOv0ACG7Qv2",
        "preview": "~Beautiful~ :Alcea_Smile: https:\/"
    },
    {
        "date": "2025-08-03T11:21:04.883Z",
        "url": "https:\/\/alceawis.com\/notice\/Awn6k8Phb6xcDIaerg",
        "preview": "Hmm which one to choose...#akkoma"
    },
    {
        "date": "2025-08-03T10:46:02.666Z",
        "url": "https:\/\/alceawis.com\/notice\/Awn3cGf3oMfXqUv7ZI",
        "preview": "Why do anime #games always use #T"
    },
    {
        "date": "2025-08-03T09:38:41.999Z",
        "url": "https:\/\/alceawis.com\/notice\/AwmxbdldonXDUfJepE",
        "preview": "𒐫PrerequisitesBefore you start, "
    },
    {
        "date": "2025-08-02T22:07:26.241Z",
        "url": "https:\/\/alceawis.com\/notice\/AwlxukmBn0khZij5Tk",
        "preview": "#CurrListeningAlcea#Nightstep - H"
    },
    {
        "date": "2025-08-02T20:27:30.677Z",
        "url": "https:\/\/alceawis.com\/notice\/Awlozre8m5Kek8K8Jc",
        "preview": "Yep.Was the right call to bet on "
    },
    {
        "date": "2025-08-02T19:55:34.606Z",
        "url": "https:\/\/alceawis.com\/notice\/Awlm9ASftFtJqBhn0a",
        "preview": "Where I store this #instance 's b"
    },
    {
        "date": "2025-08-02T18:08:13.617Z",
        "url": "https:\/\/alceawis.com\/notice\/AwlcZBCikiAe8E0Xlw",
        "preview": "Since finishing the zip #pmx rend"
    },
    {
        "date": "2025-08-02T17:23:52.882Z",
        "url": "https:\/\/alceawis.com\/notice\/AwlYbnCK43xYjGoOv2",
        "preview": "DB App asking to change my pass d"
    },
    {
        "date": "2025-08-02T15:49:53.492Z",
        "url": "https:\/\/alceawis.com\/notice\/AwlQDkJELyG7Bf48jg",
        "preview": "#CurrListeningAlceaKaze ga Tsuyok"
    },
    {
        "date": "2025-08-02T15:26:13.246Z",
        "url": "https:\/\/alceawis.com\/notice\/AwlO6mfoxrZEaJBWbo",
        "preview": "I think if I ever #developed #amn"
    },
    {
        "date": "2025-08-02T15:12:23.118Z",
        "url": "https:\/\/alceawis.com\/notice\/AwlMsE5CfuHpINYGci",
        "preview": "The best #login form everhttps:\/\/"
    },
    {
        "date": "2025-08-02T14:41:32.219Z",
        "url": "https:\/\/alceawis.com\/notice\/AwlK7XBfd0E51mBUum",
        "preview": "#CurrListeningAlceaMega Man Netwo"
    },
    {
        "date": "2025-08-02T12:29:59.130Z",
        "url": "https:\/\/alceawis.com\/notice\/Awl8Nd9S1Qzii03TqC",
        "preview": "𒐫In her research, Huh found that"
    },
    {
        "date": "2025-08-02T12:23:08.013Z",
        "url": "https:\/\/alceawis.com\/notice\/Awl7licDG84ueOQkls",
        "preview": "Good thing I bought that #raincoa"
    },
    {
        "date": "2025-08-02T11:21:41.825Z",
        "url": "https:\/\/alceawis.com\/notice\/Awl2HmTHrHwq9SA1mC",
        "preview": "#CurrListeningAlcea~奥底に眠るもの~Those"
    },
    {
        "date": "2025-08-02T04:22:12.751Z",
        "url": "https:\/\/alceawis.com\/notice\/AwkQqdmCNig53tCZto",
        "preview": "When the storeclerk gives you a f"
    },
    {
        "date": "2025-07-31T22:22:17.274Z",
        "url": "https:\/\/alceawis.com\/notice\/AwhqD4UzciNbgt4D44",
        "preview": "#CurrListeningAlceaWake Up, Date!"
    },
    {
        "date": "2025-07-31T22:04:38.531Z",
        "url": "https:\/\/alceawis.com\/notice\/AwhodRJhD5ky50EDaa",
        "preview": ":ablobjoy: Even #Nintendo is not "
    },
    {
        "date": "2025-07-31T10:17:14.785Z",
        "url": "https:\/\/alceawis.com\/notice\/AwgnVIyI3knklhoULo",
        "preview": "Negative 1 posts ?Wow.Just wow.Th"
    },
    {
        "date": "2025-07-31T09:54:09.933Z",
        "url": "https:\/\/alceawis.com\/notice\/AwglRarRPAaNBXiDNg",
        "preview": "Woot :ablobcatrave: https:\/\/ibb.c"
    },
    {
        "date": "2025-07-28T05:52:32.936Z",
        "url": "https:\/\/alceawis.com\/notice\/AwaCLEJrdeLMByTfBw",
        "preview": "Hmmm using #LLM for #music sugges"
    },
    {
        "date": "2025-07-27T18:21:16.770Z",
        "url": "https:\/\/alceawis.com\/notice\/AwZCe59Blp4o5aVu88",
        "preview": "#CurrListeningAlceaAtb - Move On "
    },
    {
        "date": "2025-07-27T17:33:14.006Z",
        "url": "https:\/\/alceawis.com\/notice\/AwZ8MEo2iiqV15rHtY",
        "preview": "Since I only started posting on F"
    },
    {
        "date": "2025-07-27T16:14:14.725Z",
        "url": "https:\/\/alceawis.com\/notice\/AwZ1JAj8jLlZol9k6i",
        "preview": "#Bowlroll #DetectiveConanIt's ins"
    },
    {
        "date": "2025-07-27T12:10:04.027Z",
        "url": "https:\/\/alceawis.com\/notice\/AwYfW5nOB9HPIPtpSK",
        "preview": "Hmmm #Vroid has a weird #Game Sym"
    },
    {
        "date": "2025-07-27T10:08:48.841Z",
        "url": "https:\/\/alceawis.com\/notice\/AwYUhBuEhZ8pw9Bx9k",
        "preview": "#CurrListeningAlcea~Till the End "
    },
    {
        "date": "2025-07-27T05:56:20.803Z",
        "url": "https:\/\/alceawis.com\/notice\/AwY8AEWpjSgHWT7nYe",
        "preview": "#CurrListeningAlceaNo internet - "
    },
    {
        "date": "2025-07-27T05:55:56.512Z",
        "url": "https:\/\/alceawis.com\/notice\/AwY87zeU4XD2nwdRgW",
        "preview": "Time for the best show ever.Wonde"
    },
    {
        "date": "2025-07-26T18:13:01.671Z",
        "url": "https:\/\/alceawis.com\/notice\/AwX7OfCB5WaTAcovDc",
        "preview": "And in html <style>    @keyframes"
    },
    {
        "date": "2025-07-26T18:07:49.811Z",
        "url": "https:\/\/alceawis.com\/notice\/AwX6vu7aVyUL43xa1Q",
        "preview": "And in html <style>    @keyframes"
    },
    {
        "date": "2025-07-26T17:25:22.471Z",
        "url": "https:\/\/alceawis.com\/notice\/AwX38z5swFrGR093js",
        "preview": "At this point I'm not sure if csl"
    },
    {
        "date": "2025-07-26T16:55:14.497Z",
        "url": "https:\/\/alceawis.com\/notice\/AwX0SFo4j2XzuLJNLM",
        "preview": "Woo !Finally got a lil webasm bas"
    },
    {
        "date": "2025-07-26T15:14:39.346Z",
        "url": "https:\/\/alceawis.com\/notice\/AwWrTh5JtNszDAzOwy",
        "preview": "This should do𒐫&lt;button type=\""
    },
    {
        "date": "2025-07-26T13:53:14.691Z",
        "url": "https:\/\/alceawis.com\/notice\/AwWkDIqxWARjkJVdk8",
        "preview": "A kid behind me asked her mom if "
    },
    {
        "date": "2025-07-26T13:49:00.483Z",
        "url": "https:\/\/alceawis.com\/notice\/AwWjps8mfUMEEpfrIe",
        "preview": "Telekom #gangsta kids trying to s"
    },
    {
        "date": "2025-07-26T09:08:13.465Z",
        "url": "https:\/\/alceawis.com\/notice\/AwWKmBHH4t8vZtmxDU",
        "preview": "Truly a #marvelous #instance𒐫You"
    },
    {
        "date": "2025-07-26T08:11:49.722Z",
        "url": "https:\/\/alceawis.com\/notice\/AwWFk89XE2IrXKN5cG",
        "preview": "Added replyhandler to main #masto"
    },
    {
        "date": "2025-07-26T07:08:49.512Z",
        "url": "https:\/\/alceawis.com\/notice\/AwWAVi0B9pQsbdIbVg",
        "preview": "Guess I should leave the"
    },
    {
        "date": "2025-07-26T07:08:48.512Z",
        "url": "https:\/\/alceawis.com\/notice\/AwWA7QacFDjveWlRDc",
        "preview": "#CurrListeningAlceaA new mode \/ A"
    },
    {
        "date": "2025-07-26T07:04:36.188Z",
        "url": "https:\/\/alceawis.com\/notice\/AwW9k9V3cKt7zQ47iS",
        "preview": "Yeah.. #pixelart is difficulthttp"
    },
    {
        "date": "2025-07-25T21:50:24.061Z",
        "url": "https:\/\/alceawis.com\/notice\/AwVMHf5WCPIHo3uAMK",
        "preview": "#CurrListeningAlceaTatta hitotsu "
    },
    {
        "date": "2025-07-25T21:23:22.116Z",
        "url": "https:\/\/alceawis.com\/notice\/AwVJs5MtfQkLsMi5tQ",
        "preview": "Still laughing at #MisakaMikoto:ab"
    },
    {
        "date": "2025-07-25T21:08:57.375Z",
        "url": "https:\/\/alceawis.com\/notice\/AwVIaL3SVTYlMNalCC",
        "preview": "#CurrListeningAlceaBlood Remains "
    },
    {
        "date": "2025-07-25T20:55:58.797Z",
        "url": "https:\/\/alceawis.com\/notice\/AwVHQXdglPEvXWIpZg",
        "preview": "So can we preserve<blockquote>Lin"
    },
    {
        "date": "2025-07-25T19:34:38.501Z",
        "url": "https:\/\/alceawis.com\/notice\/AwVFbpFdQHqrRJIwu8",
        "preview": "And I realize again.."
    },
    {
        "date": "2025-07-25T18:34:40.501Z",
        "url": "https:\/\/alceawis.com\/notice\/AwV4oeVjZFgwOikTNg",
        "preview": "#CurrListeningAlcea#ACertainMagic"
    },
    {
        "date": "2025-07-25T18:34:38.501Z",
        "url": "https:\/\/alceawis.com\/notice\/AwV2fYMWrH8OoWybMu",
        "preview": "Yes.\r\nYes she is awesome"
    },
    {
        "date": "2025-07-24T21:32:23.257Z",
        "url": "https:\/\/alceawis.com\/notice\/AwTG9xxr93rPzcLfAO",
        "preview": "How the ReplyHandler looks better"
    },
    {
        "date": "2025-07-24T18:23:21.574Z",
        "url": "https:\/\/alceawis.com\/notice\/AwSzYXhmDPtWZNxc6y",
        "preview": "Hate that my #hands kinda are useless lately"
    },
    {
        "date": "2025-07-24T18:22:21.574Z",
        "url": "https:\/\/alceawis.com\/notice\/AwSzCV7j8HPAC0aXGy",
        "preview": "#CurrListeningAlceaRymdlego - Yuk"
    },
    {
        "date": "2025-07-24T17:56:28.876Z",
        "url": "https:\/\/alceawis.com\/notice\/AwSwtNDw51b0HVFBvk",
        "preview": "Perfect.Now my static website #ti"
    },
    {
        "date": "2025-07-24T08:27:50.489Z",
        "url": "https:\/\/alceawis.com\/notice\/AwS894tctUAaPVTXlo",
        "preview": "𒐫user: \"aaaaaaA1!\"web: \"What a s"
    },
    {
        "date": "2025-07-23T22:22:26.017Z",
        "url": "https:\/\/alceawis.com\/notice\/AwRG77SJ0pOQFCJV7A",
        "preview": "#FridgeParadoxShopped, yet fridge"
    },
    {
        "date": "2025-07-23T22:03:01.613Z",
        "url": "https:\/\/alceawis.com\/notice\/AwRENjEy64eo9mrpxo",
        "preview": "#Prices go up and #services get #"
    },
    {
        "date": "2025-07-23T22:02:01.302Z",
        "url": "https:\/\/alceawis.com\/notice\/AwREIASrxtmeqziZEW",
        "preview": "#CurrListeningAlceaAfter midnight"
    },
    {
        "date": "2025-07-23T20:41:00.940Z",
        "url": "https:\/\/alceawis.com\/notice\/AwR73xSgoUu0nCuXNA",
        "preview": "Thats why having one master accou"
    },
    {
        "date": "2025-07-23T19:21:23.116Z",
        "url": "https:\/\/alceawis.com\/notice\/AwQzxLL0wcsx8ZDfii",
        "preview": "#CurrListeningAlceaRed Hot Chili "
    },
    {
        "date": "2025-07-23T12:44:24.359Z",
        "url": "https:\/\/alceawis.com\/notice\/AwQQWfKF1iAwufOy36",
        "preview": "#CurrListeningAlcea:baba_i: :baba"
    },
    {
        "date": "2025-07-22T21:50:57.730Z",
        "url": "https:\/\/alceawis.com\/notice\/AwP8nDw87P6yYduT4a",
        "preview": "𒐫tmux new-session -d -s backup '"
    },
    {
        "date": "2025-07-22T18:40:59.577Z",
        "url": "https:\/\/alceawis.com\/notice\/AwOrq59vVjgCz08l4i",
        "preview": "I totally forgot my #website had "
    },
    {
        "date": "2025-07-22T18:16:44.431Z",
        "url": "https:\/\/alceawis.com\/notice\/AwOpftXfeF4g9JGEym",
        "preview": "How #Akkoma got its name𒐫But fir"
    },
    {
        "date": "2025-07-22T18:07:59.161Z",
        "url": "https:\/\/alceawis.com\/notice\/AwOotRUybrzlH2tfii",
        "preview": "𒐫in the IRC we had a few people "
    },
    {
        "date": "2025-07-22T17:28:53.722Z",
        "url": "https:\/\/alceawis.com\/notice\/AwOlP9LlDodUR9Rxa4",
        "preview": "Different #fronten"
    },
    {
        "date": "2025-07-22T14:47:24.140Z",
        "url": "https:\/\/alceawis.com\/notice\/AwOWzMJppzM2Ozcz7w",
        "preview": ":baba_o: :baba_o: "
    },
    {
        "date": "2025-07-22T14:47:02.445Z",
        "url": "https:\/\/alceawis.com\/notice\/AwOWxMYlyFcmZPfAC8",
        "preview": ":baba_o: :baba_o: "
    },
    {
        "date": "2025-07-22T14:00:01.727Z",
        "url": "https:\/\/alceawis.com\/notice\/AwOSlEaofsoiMwTLVo",
        "preview": ":baba_o: :baba_o: "
    },
    {
        "date": "2025-07-22T13:58:48.213Z",
        "url": "https:\/\/alceawis.com\/notice\/AwOSeSIXJwdcqcgoi0",
        "preview": ":baba_o: :baba_o: "
    }
]
