[
    {
        "20240219": {
            "value": ":funnybunny: hihi"
        }
    },
    {
        "20240219": {
            "value": "17 dgcrfgc"
        }
    },
    {
        "20240219": {
            "value": "16"
        }
    },
    {
        "20240219": {
            "value": "14"
        }
    },
    {
        "20240219": {
            "value": "15"
        }
    },
    {
        "20240219": {
            "value": "13"
        }
    },
    {
        "20240219": {
            "value": "12"
        }
    },
    {
        "20240219": {
            "value": "11"
        }
    },
    {
        "20240219": {
            "value": "10"
        }
    },
    {
        "20240219": {
            "value": "9"
        }
    },
    {
        "20240219": {
            "value": "8"
        }
    },
    {
        "20240219": {
            "value": "7"
        }
    },
    {
        "20240219": {
            "value": "6"
        }
    },
    {
        "20240219": {
            "value": "5"
        }
    },
    {
        "20240219": {
            "value": "4"
        }
    },
    {
        "20240219": {
            "value": "3"
        }
    },
    {
        "20240219": {
            "value": "2"
        }
    },
    {
        "20240219": {
            "value": "1"
        }
    },
    {
        "20240219": {
            "value": "Ok we are done"
        }
    },
    {
        "20240218": {
            "value": ":funnybunny: what a #interesting #day \r\n\ud83d\ude0d #HappyCea",
            "hashtags": "interesting, day, HappyCea"
        }
    },
    {
        "20240218": {
            "value": ":ablobdj: thats the post :D"
        }
    },
    {
        "20240218": {
            "value": "https:\/\/www.pixiv.net\/artworks\/115988887\r\n#DoodlesAlcea",
            "hashtags": "DoodlesAlcea"
        }
    },
    {
        "20240218": {
            "value": "Lovely #image #test #AweAlcea\r\n\r\nhttps:\/\/ibb.co\/cw2YqLb\r\nhttps:\/\/i.ibb.co\/G9CHmTs\/1707717518040.jpg",
            "hashtags": "image, test, AweAlcea"
        }
    },
    {
        "20240218": {
            "value": "Test post\r\n#for #testing #4purposes\r\n\r\nHehe https:\/\/alceawis.de",
            "hashtags": "for, testing, 4purposes"
        }
    },
    {
        "20240218": {
            "value": "#CurrListeningAlcea\r\nHow to Write a NieR Song\r\nhttps:\/\/www.youtube.com\/watch?v=6R8EdPvX0ZY",
            "hashtags": "CurrListeningAlcea"
        }
    },
    {
        "20240218": {
            "value": "I love #music so much .\r\nBest thing ever \ud83d\ude3a",
            "hashtags": "music"
        }
    },
    {
        "20240218": {
            "value": "#CurrListeningAlcea\r\nJack Atlas - Battle Theme (Japanese)\r\nhttps:\/\/www.youtube.com\/watch?v=ibHU7K2mnVg",
            "hashtags": "CurrListeningAlcea"
        }
    }
]
