[{"name":"Xx","comment":"Dd"},{"name":"Xx","comment":"Dd"},{"name":"Xc. V","comment":"Dcc"},{"name":"Hello","comment":"Moto \r\n\r\nNn\r\nJm\r\n\r\n"},{"name":"Thea","comment":"I like Ice Tea"},{"name":"Zun","comment":"Touhou\r\nIs\r\nThe\r\nBest"},{"name":"Comment","comment":"Omm commment"},{"name":"Tesdter","comment":"Ddc"},{"name":"Tesdter","comment":"Ddc"},{"name":"Tesdter","comment":"Ddc"},{"name":"Xx cx","comment":"Cfgvc"},{"name":"Wwww","comment":"Ccc"},{"name":"Ree","comment":"Ddd"},{"name":"Ree","comment":"Ddd"},{"name":"","comment":""},{"name":"Yxxxxdd","comment":"Edddd"},{"name":"Xxx","comment":"Dccvvbb"},{"name":"Testtesttest","comment":"Zzz"},{"name":"Emoji","comment":"&#128513;&#129315;&#128518;&#129315;&#128518;"}]